ActivityTypeCode,ActivityMediaName,TADA.ActivityMediaName,ActivityMediaSubdivisionName,ResultSampleFractionText,TADA.ResultSampleFractionText,CharacteristicName,TADA.CharacteristicName,SubjectTaxonomicName,SampleTissueAnatomyName,MethodSpeciationName,TADA.MethodSpeciationName,TADA.ComparableDataIdentifier,ActivityStartDate,ActivityStartTime.Time,ActivityStartTime.TimeZoneCode,ActivityStartDateTime,ResultMeasureValue,ResultMeasure.MeasureUnitCode,TADA.ResultMeasureValue,TADA.ResultMeasure.MeasureUnitCode,TADA.WQXResultUnitConversion,ResultValueTypeName,TADA.ResultMeasureValueDataTypes.Flag,ResultDetectionConditionText,DetectionQuantitationLimitTypeName,DetectionQuantitationLimitMeasure.MeasureValue,DetectionQuantitationLimitMeasure.MeasureUnitCode,TADA.DetectionQuantitationLimitMeasure.MeasureValue,TADA.DetectionQuantitationLimitMeasure.MeasureUnitCode,TADA.DetectionQuantitationLimitMeasure.MeasureValueDataTypes.Flag,ResultDepthHeightMeasure.MeasureValue,TADA.ResultDepthHeightMeasure.MeasureValue,TADA.ResultDepthHeightMeasure.MeasureValueDataTypes.Flag,ResultDepthHeightMeasure.MeasureUnitCode,TADA.ResultDepthHeightMeasure.MeasureUnitCode,ResultDepthAltitudeReferencePointText,ActivityRelativeDepthName,ActivityDepthHeightMeasure.MeasureValue,TADA.ActivityDepthHeightMeasure.MeasureValue,TADA.ActivityDepthHeightMeasure.MeasureValueDataTypes.Flag,ActivityDepthHeightMeasure.MeasureUnitCode,TADA.ActivityDepthHeightMeasure.MeasureUnitCode,ActivityTopDepthHeightMeasure.MeasureValue,TADA.ActivityTopDepthHeightMeasure.MeasureValue,TADA.ActivityTopDepthHeightMeasure.MeasureValueDataTypes.Flag,ActivityTopDepthHeightMeasure.MeasureUnitCode,TADA.ActivityTopDepthHeightMeasure.MeasureUnitCode,ActivityBottomDepthHeightMeasure.MeasureValue,TADA.ActivityBottomDepthHeightMeasure.MeasureValue,TADA.ActivityBottomDepthHeightMeasure.MeasureValueDataTypes.Flag,ActivityBottomDepthHeightMeasure.MeasureUnitCode,TADA.ActivityBottomDepthHeightMeasure.MeasureUnitCode,ResultTimeBasisText,StatisticalBaseCode,ResultFileUrl,ResultAnalyticalMethod.MethodName,ResultAnalyticalMethod.MethodDescriptionText,ResultAnalyticalMethod.MethodIdentifier,ResultAnalyticalMethod.MethodIdentifierContext,ResultAnalyticalMethod.MethodUrl,SampleCollectionMethod.MethodIdentifier,SampleCollectionMethod.MethodIdentifierContext,SampleCollectionMethod.MethodName,SampleCollectionMethod.MethodDescriptionText,SampleCollectionEquipmentName,MeasureQualifierCode,ResultStatusIdentifier,ResultCommentText,ActivityCommentText,HydrologicCondition,HydrologicEvent,DataQuality.PrecisionValue,DataQuality.BiasValue,DataQuality.ConfidenceIntervalValue,DataQuality.UpperConfidenceLimitValue,DataQuality.LowerConfidenceLimitValue,SamplingDesignTypeCode,LaboratoryName,ResultLaboratoryCommentText,ResultIdentifier,ActivityIdentifier,OrganizationIdentifier,OrganizationFormalName,ProjectName,ProjectDescriptionText,ProjectIdentifier,ProjectFileUrl,QAPPApprovedIndicator,QAPPApprovalAgencyName,CountryCode,StateCode,CountyCode,MonitoringLocationName,TADA.MonitoringLocationName,MonitoringLocationTypeName,TADA.MonitoringLocationTypeName,MonitoringLocationDescriptionText,LatitudeMeasure,TADA.LatitudeMeasure,LongitudeMeasure,TADA.LongitudeMeasure,HorizontalCoordinateReferenceSystemDatumName,HUCEightDigitCode,MonitoringLocationIdentifier,TADA.MonitoringLocationIdentifier,AquiferName,AquiferTypeName,LocalAqfrName,ConstructionDateText,WellDepthMeasure.MeasureValue,WellDepthMeasure.MeasureUnitCode,WellHoleDepthMeasure.MeasureValue,WellHoleDepthMeasure.MeasureUnitCode,ActivityDepthAltitudeReferencePointText,ActivityEndDate,ActivityEndTime.Time,ActivityEndTime.TimeZoneCode,ActivityEndDateTime,ActivityConductingOrganizationText,SampleAquifer,ActivityLocation.LatitudeMeasure,ActivityLocation.LongitudeMeasure,ResultWeightBasisText,ResultTemperatureBasisText,ResultParticleSizeBasisText,USGSPCode,BinaryObjectFileName,BinaryObjectFileTypeCode,AnalysisStartDate,ResultDetectionQuantitationLimitUrl,LabSamplePreparationUrl,ActivityStartTime.TimeZoneCode_offset,ActivityEndTime.TimeZoneCode_offset,SourceMapScaleNumeric,HorizontalAccuracyMeasure.MeasureValue,HorizontalAccuracyMeasure.MeasureUnitCode,HorizontalCollectionMethodName,VerticalMeasure.MeasureValue,VerticalMeasure.MeasureUnitCode,VerticalAccuracyMeasure.MeasureValue,VerticalAccuracyMeasure.MeasureUnitCode,VerticalCollectionMethodName,VerticalCoordinateReferenceSystemDatumName,FormationTypeText,ProjectMonitoringLocationWeightingUrl,DrainageAreaMeasure.MeasureValue,DrainageAreaMeasure.MeasureUnitCode,ContributingDrainageAreaMeasure.MeasureValue,ContributingDrainageAreaMeasure.MeasureUnitCode,ProviderName,LastUpdated
Sample-Routine,Water,WATER,Surface Water,Total,TOTAL,Fecal Coliform,FECAL COLIFORM,NA,NA,NA,NA,FECAL COLIFORM_TOTAL_NA_CFU/100ML,2023-07-05,11:30:00,AKDT,2023-07-05 19:30:00,162.16,cfu/100mL,162.16,CFU/100ML,Convert,Actual,Numeric,NA,Method Detection Level,9.09,cfu/100mL,9.09,CFU/100ML,Numeric,NA,NA,NA - Not Available,NA,NA,NA,NA,0.5,0.5,Numeric,m,m,NA,NA,NA - Not Available,NA,NA,NA,NA,NA - Not Available,NA,NA,NA,NA,NA,9222 D ~ Membrane filtration test for fecal coliforms,https://www.nemi.gov/methods/method_summary/5587/,9222D,APHA,NA,WQSAR 001,AKDECWQ,Bacteria,Water sample collected from 1 ft depth. Bottles kept cool and delivered to lab within 6 hours (8 hour total hold time).,Water Bottle,NA,Final,NA,NA,NA,NA,NA,NA,NA,NA,NA,"Targeted - A targeted sample is where a ""sample"" of the subject matter, be that people, plants/animals etc is selected using certain criteria, i.e. pregnant mothers between the ages of 25-30. Targeted samples are usually used by businesses or companies carrying out surveys on a particular group of people.",Alaska Water Laboratories LLC,NA,STORET-1039502657,AKDECWQ-BB Pathogens-Kanakanak-07/05/2023-Fecal Coliform,AKDECWQ,Alaska Dept of Environmental Conservation - Water Quality,Dillingham Pathogen Monitoring,Monitoring of pathogens (Fecal Coliform and Enterococci) at Dillingham area beaches.,Dillingham Pathogen Monitoring,https://www.waterqualitydata.us/data/providers/STORET/organizations/AKDECWQ/projects/Dillingham%20Pathogen%20Monitoring/files,Y,Alaska Department of Environmental Conservation,US,02,070,Kanakanak Beach,KANAKANAK BEACH,Estuary,ESTUARY,Beach near Kanakanak Hospital. Approximately 5 miles south of Dillingham.,59.0028897,59.0028897,-158.5329718,-158.5329718,NAD83,19030303,AKDECWQ-Kanakanak,AKDECWQ-KANAKANAK,NA,NA,NA,NA,NA,NA,NA,NA,NA,NA,NA,NA,NA,"Alaska Water Laboratory, LLC",NA,59.00345,-158.5346,NA,NA,NA,NA,NA,NA,2023-07-05,https://www.waterqualitydata.us/data/providers/STORET/organizations/AKDECWQ/activities/AKDECWQ-BB%20Pathogens-Kanakanak-07%2F05%2F2023-Fecal%20Coliform/results/1039502657/resdetectqntlmts,NA,8,NA,NA,NA,NA,GPS-Unspecified,NA,NA,NA,NA,NA,NA,NA,NA,NA,NA,NA,NA,STORET,2024-08-16T19:26:17
Sample-Routine,Water,WATER,Surface Water,Total,TOTAL,Fecal Coliform,FECAL COLIFORM,NA,NA,NA,NA,FECAL COLIFORM_TOTAL_NA_CFU/100ML,2023-07-24,12:00:00,AKDT,2023-07-24 20:00:00,70,cfu/100mL,70,CFU/100ML,Convert,Actual,Numeric,NA,Method Detection Level,10,cfu/100mL,10,CFU/100ML,Numeric,NA,NA,NA - Not Available,NA,NA,NA,NA,0.5,0.5,Numeric,m,m,NA,NA,NA - Not Available,NA,NA,NA,NA,NA - Not Available,NA,NA,NA,NA,NA,9222 D ~ Membrane filtration test for fecal coliforms,https://www.nemi.gov/methods/method_summary/5587/,9222D,APHA,NA,WQSAR 001,AKDECWQ,Bacteria,Water sample collected from 1 ft depth. Bottles kept cool and delivered to lab within 6 hours (8 hour total hold time).,Water Bottle,J,Final,High sediment masking (HSM) on 1 mL and 10 mL,NA,NA,NA,NA,NA,NA,NA,NA,"Targeted - A targeted sample is where a ""sample"" of the subject matter, be that people, plants/animals etc is selected using certain criteria, i.e. pregnant mothers between the ages of 25-30. Targeted samples are usually used by businesses or companies carrying out surveys on a particular group of people.",Alaska Water Laboratories LLC,NA,STORET-1039502711,AKDECWQ-BB Pathogens-Kanakanak-07/24/2023-Fecal Coliform,AKDECWQ,Alaska Dept of Environmental Conservation - Water Quality,Dillingham Pathogen Monitoring,Monitoring of pathogens (Fecal Coliform and Enterococci) at Dillingham area beaches.,Dillingham Pathogen Monitoring,https://www.waterqualitydata.us/data/providers/STORET/organizations/AKDECWQ/projects/Dillingham%20Pathogen%20Monitoring/files,Y,Alaska Department of Environmental Conservation,US,02,070,Kanakanak Beach,KANAKANAK BEACH,Estuary,ESTUARY,Beach near Kanakanak Hospital. Approximately 5 miles south of Dillingham.,59.0028897,59.0028897,-158.5329718,-158.5329718,NAD83,19030303,AKDECWQ-Kanakanak,AKDECWQ-KANAKANAK,NA,NA,NA,NA,NA,NA,NA,NA,NA,NA,NA,NA,NA,"Alaska Water Laboratory, LLC",NA,59.00345,-158.5346,NA,NA,NA,NA,NA,NA,2023-07-24,https://www.waterqualitydata.us/data/providers/STORET/organizations/AKDECWQ/activities/AKDECWQ-BB%20Pathogens-Kanakanak-07%2F24%2F2023-Fecal%20Coliform/results/1039502711/resdetectqntlmts,NA,8,NA,NA,NA,NA,GPS-Unspecified,NA,NA,NA,NA,NA,NA,NA,NA,NA,NA,NA,NA,STORET,2024-08-16T19:26:22
Sample-Routine,Water,WATER,Surface Water,Total,TOTAL,Fecal Coliform,FECAL COLIFORM,NA,NA,NA,NA,FECAL COLIFORM_TOTAL_NA_CFU/100ML,2023-07-24,11:05:00,AKDT,2023-07-24 19:05:00,272.73,cfu/100mL,272.73,CFU/100ML,Convert,Actual,Numeric,NA,Method Detection Level,90.91,cfu/100mL,90.91,CFU/100ML,Numeric,NA,NA,NA - Not Available,NA,NA,NA,NA,0.5,0.5,Numeric,m,m,NA,NA,NA - Not Available,NA,NA,NA,NA,NA - Not Available,NA,NA,NA,NA,NA,9222 D ~ Membrane filtration test for fecal coliforms,https://www.nemi.gov/methods/method_summary/5587/,9222D,APHA,NA,WQSAR 001,AKDECWQ,Bacteria,Water sample collected from 1 ft depth. Bottles kept cool and delivered to lab within 6 hours (8 hour total hold time).,Water Bottle,NA,Final,Water in 10mL plate from water bath. Will disregard 10 mL plate result.,NA,NA,NA,NA,NA,NA,NA,NA,"Targeted - A targeted sample is where a ""sample"" of the subject matter, be that people, plants/animals etc is selected using certain criteria, i.e. pregnant mothers between the ages of 25-30. Targeted samples are usually used by businesses or companies carrying out surveys on a particular group of people.",Alaska Water Laboratories LLC,NA,STORET-1039502738,AKDECWQ-BB Pathogens-Snag Point-07/24/2023-Fecal Coliform,AKDECWQ,Alaska Dept of Environmental Conservation - Water Quality,Dillingham Pathogen Monitoring,Monitoring of pathogens (Fecal Coliform and Enterococci) at Dillingham area beaches.,Dillingham Pathogen Monitoring,https://www.waterqualitydata.us/data/providers/STORET/organizations/AKDECWQ/projects/Dillingham%20Pathogen%20Monitoring/files,Y,Alaska Department of Environmental Conservation,US,02,070,Snag Point Beach,SNAG POINT BEACH,Estuary,ESTUARY,Beach approximately 300 ft East of the Dillingham dock.,59.03786152,59.03786152,-158.4606696,-158.4606696,NAD83,19030303,AKDECWQ-Snag Point,AKDECWQ-SNAG POINT,NA,NA,NA,NA,NA,NA,NA,NA,NA,NA,NA,NA,NA,"Alaska Water Laboratory, LLC",NA,59.037867,-158.462183,NA,NA,NA,NA,NA,NA,2023-07-24,https://www.waterqualitydata.us/data/providers/STORET/organizations/AKDECWQ/activities/AKDECWQ-BB%20Pathogens-Snag%20Point-07%2F24%2F2023-Fecal%20Coliform/results/1039502738/resdetectqntlmts,NA,8,NA,NA,NA,NA,GPS-Unspecified,NA,NA,NA,NA,NA,NA,NA,NA,NA,NA,NA,NA,STORET,2024-08-16T19:26:23
Sample-Routine,Water,WATER,Surface Water,Total,TOTAL,Fecal Coliform,FECAL COLIFORM,NA,NA,NA,NA,FECAL COLIFORM_TOTAL_NA_CFU/100ML,2023-08-07,12:05:00,AKDT,2023-08-07 20:05:00,30,cfu/100mL,30,CFU/100ML,Convert,Actual,Numeric,NA,Method Detection Level,10,cfu/100mL,10,CFU/100ML,Numeric,NA,NA,NA - Not Available,NA,NA,NA,NA,0.5,0.5,Numeric,m,m,NA,NA,NA - Not Available,NA,NA,NA,NA,NA - Not Available,NA,NA,NA,NA,NA,9222 D ~ Membrane filtration test for fecal coliforms,https://www.nemi.gov/methods/method_summary/5587/,9222D,APHA,NA,WQSAR 001,AKDECWQ,Bacteria,Water sample collected from 1 ft depth. Bottles kept cool and delivered to lab within 6 hours (8 hour total hold time).,Water Bottle,J,Final,High sediment masking (HSM) on 1 mL and 10mL plate,NA,NA,NA,NA,NA,NA,NA,NA,"Targeted - A targeted sample is where a ""sample"" of the subject matter, be that people, plants/animals etc is selected using certain criteria, i.e. pregnant mothers between the ages of 25-30. Targeted samples are usually used by businesses or companies carrying out surveys on a particular group of people.",Alaska Water Laboratories LLC,NA,STORET-1039502739,AKDECWQ-BB Pathogens-Snag Point-08/07/2023-Fecal Coliform,AKDECWQ,Alaska Dept of Environmental Conservation - Water Quality,Dillingham Pathogen Monitoring,Monitoring of pathogens (Fecal Coliform and Enterococci) at Dillingham area beaches.,Dillingham Pathogen Monitoring,https://www.waterqualitydata.us/data/providers/STORET/organizations/AKDECWQ/projects/Dillingham%20Pathogen%20Monitoring/files,Y,Alaska Department of Environmental Conservation,US,02,070,Snag Point Beach,SNAG POINT BEACH,Estuary,ESTUARY,Beach approximately 300 ft East of the Dillingham dock.,59.03786152,59.03786152,-158.4606696,-158.4606696,NAD83,19030303,AKDECWQ-Snag Point,AKDECWQ-SNAG POINT,NA,NA,NA,NA,NA,NA,NA,NA,NA,NA,NA,NA,NA,"Alaska Water Laboratory, LLC",NA,59.037867,-158.462183,NA,NA,NA,NA,NA,NA,2023-08-07,https://www.waterqualitydata.us/data/providers/STORET/organizations/AKDECWQ/activities/AKDECWQ-BB%20Pathogens-Snag%20Point-08%2F07%2F2023-Fecal%20Coliform/results/1039502739/resdetectqntlmts,NA,8,NA,NA,NA,NA,GPS-Unspecified,NA,NA,NA,NA,NA,NA,NA,NA,NA,NA,NA,NA,STORET,2024-08-16T19:26:23
Sample-Routine,Water,WATER,Surface Water,Total,TOTAL,Enterococcus,ENTEROCOCCUS,NA,NA,NA,NA,ENTEROCOCCUS_TOTAL_NA_MPN/100ML,2023-07-19,12:27:00,AKDT,2023-07-19 20:27:00,1,MPN/100mL,1,MPN/100ML,Convert,Actual,Numeric,NA,Method Detection Level,1,MPN/100mL,1,MPN/100ML,Numeric,NA,NA,NA - Not Available,NA,NA,NA,NA,0.5,0.5,Numeric,m,m,NA,NA,NA - Not Available,NA,NA,NA,NA,NA - Not Available,NA,NA,NA,NA,NA,Standard Test Method for Enterococci in Water Using Enterolert,NA,D6503-99,ASTM,NA,WQSAR 001,AKDECWQ,Bacteria,Water sample collected from 1 ft depth. Bottles kept cool and delivered to lab within 6 hours (8 hour total hold time).,Water Bottle,NA,Final,NA,NA,NA,NA,NA,NA,NA,NA,NA,"Targeted - A targeted sample is where a ""sample"" of the subject matter, be that people, plants/animals etc is selected using certain criteria, i.e. pregnant mothers between the ages of 25-30. Targeted samples are usually used by businesses or companies carrying out surveys on a particular group of people.",Alaska Water Laboratories LLC,NA,STORET-1039502781,AKDECWQ-BB Pathogens-Snag Point-07/19/2023-Enterococci,AKDECWQ,Alaska Dept of Environmental Conservation - Water Quality,Dillingham Pathogen Monitoring,Monitoring of pathogens (Fecal Coliform and Enterococci) at Dillingham area beaches.,Dillingham Pathogen Monitoring,https://www.waterqualitydata.us/data/providers/STORET/organizations/AKDECWQ/projects/Dillingham%20Pathogen%20Monitoring/files,Y,Alaska Department of Environmental Conservation,US,02,070,Snag Point Beach,SNAG POINT BEACH,Estuary,ESTUARY,Beach approximately 300 ft East of the Dillingham dock.,59.03786152,59.03786152,-158.4606696,-158.4606696,NAD83,19030303,AKDECWQ-Snag Point,AKDECWQ-SNAG POINT,NA,NA,NA,NA,NA,NA,NA,NA,NA,NA,NA,NA,NA,"Alaska Water Laboratory, LLC",NA,59.037867,-158.462183,NA,NA,NA,NA,NA,NA,2023-07-19,https://www.waterqualitydata.us/data/providers/STORET/organizations/AKDECWQ/activities/AKDECWQ-BB%20Pathogens-Snag%20Point-07%2F19%2F2023-Enterococci/results/1039502781/resdetectqntlmts,NA,8,NA,NA,NA,NA,GPS-Unspecified,NA,NA,NA,NA,NA,NA,NA,NA,NA,NA,NA,NA,STORET,2024-08-16T19:26:27
Field Msr/Obs,Air,AIR,Ambient Air,NA,NA,"Temperature, air","TEMPERATURE, AIR",NA,NA,NA,NA,"TEMPERATURE, AIR_NA_NA_DEG C",2023-07-19,11:21:00,AKDT,2023-07-19 19:21:00,18.55,deg C,18.55,DEG C,Convert,Actual,Numeric,NA,NA,NA,NA,NA,NA,NA - Not Available,NA,NA,NA - Not Available,NA,NA,NA,NA,NA,NA,NA - Not Available,NA,NA,NA,NA,NA - Not Available,NA,NA,NA,NA,NA - Not Available,NA,NA,NA,NA,NA,Temperature,https://www.nemi.gov/methods/method_summary/5216/,170.1,USEPA,NA,WQSAR 006,AKDECWQ,Air Temperature,Temperature taken at site with a handheld digital thermometer (HANNA or YSI).,Probe/Sensor,NA,Final,NA,NA,NA,NA,NA,NA,NA,NA,NA,"Targeted - A targeted sample is where a ""sample"" of the subject matter, be that people, plants/animals etc is selected using certain criteria, i.e. pregnant mothers between the ages of 25-30. Targeted samples are usually used by businesses or companies carrying out surveys on a particular group of people.",NA,NA,STORET-1039502799,"AKDECWQ-BB Pathogens-Scandinavian-07/19/2023-Temperature, air",AKDECWQ,Alaska Dept of Environmental Conservation - Water Quality,Dillingham Pathogen Monitoring,Monitoring of pathogens (Fecal Coliform and Enterococci) at Dillingham area beaches.,Dillingham Pathogen Monitoring,https://www.waterqualitydata.us/data/providers/STORET/organizations/AKDECWQ/projects/Dillingham%20Pathogen%20Monitoring/files,Y,Alaska Department of Environmental Conservation,US,02,070,Scandinavian Beach,SCANDINAVIAN BEACH,Estuary,ESTUARY,Beach approximately 500 FT East of the Dillingham Harbor entrance.,59.03743292,59.03743292,-158.4747797,-158.4747797,NAD83,19030303,AKDECWQ-Scandinavian,AKDECWQ-SCANDINAVIAN,NA,NA,NA,NA,NA,NA,NA,NA,NA,NA,NA,NA,NA,"Alaska Water Laboratory, LLC",NA,59.03733,-158.47673,NA,NA,NA,NA,NA,NA,NA,NA,NA,8,NA,NA,NA,NA,GPS-Unspecified,NA,NA,NA,NA,NA,NA,NA,NA,NA,NA,NA,NA,STORET,2024-08-16T19:26:28
Sample-Routine,Water,WATER,Surface Water,Total,TOTAL,Fecal Coliform,FECAL COLIFORM,NA,NA,NA,NA,FECAL COLIFORM_TOTAL_NA_CFU/100ML,2023-07-19,11:21:00,AKDT,2023-07-19 19:21:00,110,cfu/100mL,110,CFU/100ML,Convert,Actual,Numeric,NA,Method Detection Level,10,cfu/100mL,10,CFU/100ML,Numeric,NA,NA,NA - Not Available,NA,NA,NA,NA,0.5,0.5,Numeric,m,m,NA,NA,NA - Not Available,NA,NA,NA,NA,NA - Not Available,NA,NA,NA,NA,NA,9222 D ~ Membrane filtration test for fecal coliforms,https://www.nemi.gov/methods/method_summary/5587/,9222D,APHA,NA,WQSAR 001,AKDECWQ,Bacteria,Water sample collected from 1 ft depth. Bottles kept cool and delivered to lab within 6 hours (8 hour total hold time).,Water Bottle,NA,Final,NA,NA,NA,NA,NA,NA,NA,NA,NA,"Targeted - A targeted sample is where a ""sample"" of the subject matter, be that people, plants/animals etc is selected using certain criteria, i.e. pregnant mothers between the ages of 25-30. Targeted samples are usually used by businesses or companies carrying out surveys on a particular group of people.",Alaska Water Laboratories LLC,NA,STORET-1039502857,AKDECWQ-BB Pathogens-Scandinavian-07/19/2023-Fecal Coliform,AKDECWQ,Alaska Dept of Environmental Conservation - Water Quality,Dillingham Pathogen Monitoring,Monitoring of pathogens (Fecal Coliform and Enterococci) at Dillingham area beaches.,Dillingham Pathogen Monitoring,https://www.waterqualitydata.us/data/providers/STORET/organizations/AKDECWQ/projects/Dillingham%20Pathogen%20Monitoring/files,Y,Alaska Department of Environmental Conservation,US,02,070,Scandinavian Beach,SCANDINAVIAN BEACH,Estuary,ESTUARY,Beach approximately 500 FT East of the Dillingham Harbor entrance.,59.03743292,59.03743292,-158.4747797,-158.4747797,NAD83,19030303,AKDECWQ-Scandinavian,AKDECWQ-SCANDINAVIAN,NA,NA,NA,NA,NA,NA,NA,NA,NA,NA,NA,NA,NA,"Alaska Water Laboratory, LLC",NA,59.03733,-158.47673,NA,NA,NA,NA,NA,NA,2023-07-19,https://www.waterqualitydata.us/data/providers/STORET/organizations/AKDECWQ/activities/AKDECWQ-BB%20Pathogens-Scandinavian-07%2F19%2F2023-Fecal%20Coliform/results/1039502857/resdetectqntlmts,NA,8,NA,NA,NA,NA,GPS-Unspecified,NA,NA,NA,NA,NA,NA,NA,NA,NA,NA,NA,NA,STORET,2024-08-16T19:26:32
Field Msr/Obs,Water,WATER,Surface Water,NA,NA,"Temperature, water","TEMPERATURE, WATER",NA,NA,NA,NA,"TEMPERATURE, WATER_NA_NA_DEG C",2023-07-24,11:05:00,AKDT,2023-07-24 19:05:00,14.7,deg C,14.7,DEG C,Convert,Actual,Numeric,NA,NA,NA,NA,NA,NA,NA - Not Available,NA,NA,NA - Not Available,NA,NA,NA,NA,0.1,0.1,Numeric,m,m,NA,NA,NA - Not Available,NA,NA,NA,NA,NA - Not Available,NA,NA,NA,NA,NA,Temperature,https://www.nemi.gov/methods/method_summary/5216/,170.1,USEPA,NA,WQSAR 016,AKDECWQ,Water Temperature,"Water temperature collected at site using a certified handheld thermometer (e.g., NIST Traceable).",Probe/Sensor,NA,Final,NA,NA,NA,NA,NA,NA,NA,NA,NA,"Targeted - A targeted sample is where a ""sample"" of the subject matter, be that people, plants/animals etc is selected using certain criteria, i.e. pregnant mothers between the ages of 25-30. Targeted samples are usually used by businesses or companies carrying out surveys on a particular group of people.",NA,NA,STORET-1039502867,"AKDECWQ-BB Pathogens-Snag Point-07/24/2023-Temperature, water",AKDECWQ,Alaska Dept of Environmental Conservation - Water Quality,Dillingham Pathogen Monitoring,Monitoring of pathogens (Fecal Coliform and Enterococci) at Dillingham area beaches.,Dillingham Pathogen Monitoring,https://www.waterqualitydata.us/data/providers/STORET/organizations/AKDECWQ/projects/Dillingham%20Pathogen%20Monitoring/files,Y,Alaska Department of Environmental Conservation,US,02,070,Snag Point Beach,SNAG POINT BEACH,Estuary,ESTUARY,Beach approximately 300 ft East of the Dillingham dock.,59.03786152,59.03786152,-158.4606696,-158.4606696,NAD83,19030303,AKDECWQ-Snag Point,AKDECWQ-SNAG POINT,NA,NA,NA,NA,NA,NA,NA,NA,NA,NA,NA,NA,NA,"Alaska Water Laboratory, LLC",NA,59.037867,-158.462183,NA,NA,NA,NA,NA,NA,NA,NA,NA,8,NA,NA,NA,NA,GPS-Unspecified,NA,NA,NA,NA,NA,NA,NA,NA,NA,NA,NA,NA,STORET,2024-08-16T19:26:34
Field Msr/Obs,Water,WATER,Surface Water,NA,NA,"Temperature, water","TEMPERATURE, WATER",NA,NA,NA,NA,"TEMPERATURE, WATER_NA_NA_DEG C",2023-07-19,12:27:00,AKDT,2023-07-19 20:27:00,16.5,deg C,16.5,DEG C,Convert,Actual,Numeric,NA,NA,NA,NA,NA,NA,NA - Not Available,NA,NA,NA - Not Available,NA,NA,NA,NA,0.1,0.1,Numeric,m,m,NA,NA,NA - Not Available,NA,NA,NA,NA,NA - Not Available,NA,NA,NA,NA,NA,Temperature,https://www.nemi.gov/methods/method_summary/5216/,170.1,USEPA,NA,WQSAR 016,AKDECWQ,Water Temperature,"Water temperature collected at site using a certified handheld thermometer (e.g., NIST Traceable).",Probe/Sensor,NA,Final,NA,NA,NA,NA,NA,NA,NA,NA,NA,"Targeted - A targeted sample is where a ""sample"" of the subject matter, be that people, plants/animals etc is selected using certain criteria, i.e. pregnant mothers between the ages of 25-30. Targeted samples are usually used by businesses or companies carrying out surveys on a particular group of people.",NA,NA,STORET-1039502868,"AKDECWQ-BB Pathogens-Snag Point-07/19/2023-Temperature, water",AKDECWQ,Alaska Dept of Environmental Conservation - Water Quality,Dillingham Pathogen Monitoring,Monitoring of pathogens (Fecal Coliform and Enterococci) at Dillingham area beaches.,Dillingham Pathogen Monitoring,https://www.waterqualitydata.us/data/providers/STORET/organizations/AKDECWQ/projects/Dillingham%20Pathogen%20Monitoring/files,Y,Alaska Department of Environmental Conservation,US,02,070,Snag Point Beach,SNAG POINT BEACH,Estuary,ESTUARY,Beach approximately 300 ft East of the Dillingham dock.,59.03786152,59.03786152,-158.4606696,-158.4606696,NAD83,19030303,AKDECWQ-Snag Point,AKDECWQ-SNAG POINT,NA,NA,NA,NA,NA,NA,NA,NA,NA,NA,NA,NA,NA,"Alaska Water Laboratory, LLC",NA,59.037867,-158.462183,NA,NA,NA,NA,NA,NA,NA,NA,NA,8,NA,NA,NA,NA,GPS-Unspecified,NA,NA,NA,NA,NA,NA,NA,NA,NA,NA,NA,NA,STORET,2024-08-16T19:26:34
Field Msr/Obs,Water,WATER,Surface Water,NA,NA,"Temperature, water","TEMPERATURE, WATER",NA,NA,NA,NA,"TEMPERATURE, WATER_NA_NA_DEG C",2023-08-07,12:05:00,AKDT,2023-08-07 20:05:00,15.7,deg C,15.7,DEG C,Convert,Actual,Numeric,NA,NA,NA,NA,NA,NA,NA - Not Available,NA,NA,NA - Not Available,NA,NA,NA,NA,0.1,0.1,Numeric,m,m,NA,NA,NA - Not Available,NA,NA,NA,NA,NA - Not Available,NA,NA,NA,NA,NA,Temperature,https://www.nemi.gov/methods/method_summary/5216/,170.1,USEPA,NA,WQSAR 016,AKDECWQ,Water Temperature,"Water temperature collected at site using a certified handheld thermometer (e.g., NIST Traceable).",Probe/Sensor,NA,Final,NA,NA,NA,NA,NA,NA,NA,NA,NA,"Targeted - A targeted sample is where a ""sample"" of the subject matter, be that people, plants/animals etc is selected using certain criteria, i.e. pregnant mothers between the ages of 25-30. Targeted samples are usually used by businesses or companies carrying out surveys on a particular group of people.",NA,NA,STORET-1039502954,"AKDECWQ-BB Pathogens-Snag Point-08/07/2023-Temperature, water",AKDECWQ,Alaska Dept of Environmental Conservation - Water Quality,Dillingham Pathogen Monitoring,Monitoring of pathogens (Fecal Coliform and Enterococci) at Dillingham area beaches.,Dillingham Pathogen Monitoring,https://www.waterqualitydata.us/data/providers/STORET/organizations/AKDECWQ/projects/Dillingham%20Pathogen%20Monitoring/files,Y,Alaska Department of Environmental Conservation,US,02,070,Snag Point Beach,SNAG POINT BEACH,Estuary,ESTUARY,Beach approximately 300 ft East of the Dillingham dock.,59.03786152,59.03786152,-158.4606696,-158.4606696,NAD83,19030303,AKDECWQ-Snag Point,AKDECWQ-SNAG POINT,NA,NA,NA,NA,NA,NA,NA,NA,NA,NA,NA,NA,NA,"Alaska Water Laboratory, LLC",NA,59.037867,-158.462183,NA,NA,NA,NA,NA,NA,NA,NA,NA,8,NA,NA,NA,NA,GPS-Unspecified,NA,NA,NA,NA,NA,NA,NA,NA,NA,NA,NA,NA,STORET,2024-08-16T19:26:41
Field Msr/Obs,Air,AIR,Ambient Air,NA,NA,"Temperature, air","TEMPERATURE, AIR",NA,NA,NA,NA,"TEMPERATURE, AIR_NA_NA_DEG C",2023-07-13,11:30:00,AKDT,2023-07-13 19:30:00,17.45,deg C,17.45,DEG C,Convert,Actual,Numeric,NA,NA,NA,NA,NA,NA,NA - Not Available,NA,NA,NA - Not Available,NA,NA,NA,NA,NA,NA,NA - Not Available,NA,NA,NA,NA,NA - Not Available,NA,NA,NA,NA,NA - Not Available,NA,NA,NA,NA,NA,Temperature,https://www.nemi.gov/methods/method_summary/5216/,170.1,USEPA,NA,WQSAR 006,AKDECWQ,Air Temperature,Temperature taken at site with a handheld digital thermometer (HANNA or YSI).,Probe/Sensor,NA,Final,NA,NA,NA,NA,NA,NA,NA,NA,NA,"Targeted - A targeted sample is where a ""sample"" of the subject matter, be that people, plants/animals etc is selected using certain criteria, i.e. pregnant mothers between the ages of 25-30. Targeted samples are usually used by businesses or companies carrying out surveys on a particular group of people.",NA,NA,STORET-1039503046,"AKDECWQ-BB Pathogens-Scandinavian-07/13/2023-Temperature, air",AKDECWQ,Alaska Dept of Environmental Conservation - Water Quality,Dillingham Pathogen Monitoring,Monitoring of pathogens (Fecal Coliform and Enterococci) at Dillingham area beaches.,Dillingham Pathogen Monitoring,https://www.waterqualitydata.us/data/providers/STORET/organizations/AKDECWQ/projects/Dillingham%20Pathogen%20Monitoring/files,Y,Alaska Department of Environmental Conservation,US,02,070,Scandinavian Beach,SCANDINAVIAN BEACH,Estuary,ESTUARY,Beach approximately 500 FT East of the Dillingham Harbor entrance.,59.03743292,59.03743292,-158.4747797,-158.4747797,NAD83,19030303,AKDECWQ-Scandinavian,AKDECWQ-SCANDINAVIAN,NA,NA,NA,NA,NA,NA,NA,NA,NA,NA,NA,NA,NA,"Alaska Water Laboratory, LLC",NA,59.03733,-158.47673,NA,NA,NA,NA,NA,NA,NA,NA,NA,8,NA,NA,NA,NA,GPS-Unspecified,NA,NA,NA,NA,NA,NA,NA,NA,NA,NA,NA,NA,STORET,2024-08-16T19:26:47
Sample-Routine,Water,WATER,Surface Water,Total,TOTAL,Enterococcus,ENTEROCOCCUS,NA,NA,NA,NA,ENTEROCOCCUS_TOTAL_NA_MPN/100ML,2023-07-24,12:00:00,AKDT,2023-07-24 20:00:00,5.2,MPN/100mL,5.2,MPN/100ML,Convert,Actual,Numeric,NA,Method Detection Level,1,MPN/100mL,1,MPN/100ML,Numeric,NA,NA,NA - Not Available,NA,NA,NA,NA,0.5,0.5,Numeric,m,m,NA,NA,NA - Not Available,NA,NA,NA,NA,NA - Not Available,NA,NA,NA,NA,NA,Standard Test Method for Enterococci in Water Using Enterolert,NA,D6503-99,ASTM,NA,WQSAR 001,AKDECWQ,Bacteria,Water sample collected from 1 ft depth. Bottles kept cool and delivered to lab within 6 hours (8 hour total hold time).,Water Bottle,NA,Final,NA,NA,NA,NA,NA,NA,NA,NA,NA,"Targeted - A targeted sample is where a ""sample"" of the subject matter, be that people, plants/animals etc is selected using certain criteria, i.e. pregnant mothers between the ages of 25-30. Targeted samples are usually used by businesses or companies carrying out surveys on a particular group of people.",Alaska Water Laboratories LLC,NA,STORET-1039503059,AKDECWQ-BB Pathogens-Kanakanak-07/24/2023-Enterococci,AKDECWQ,Alaska Dept of Environmental Conservation - Water Quality,Dillingham Pathogen Monitoring,Monitoring of pathogens (Fecal Coliform and Enterococci) at Dillingham area beaches.,Dillingham Pathogen Monitoring,https://www.waterqualitydata.us/data/providers/STORET/organizations/AKDECWQ/projects/Dillingham%20Pathogen%20Monitoring/files,Y,Alaska Department of Environmental Conservation,US,02,070,Kanakanak Beach,KANAKANAK BEACH,Estuary,ESTUARY,Beach near Kanakanak Hospital. Approximately 5 miles south of Dillingham.,59.0028897,59.0028897,-158.5329718,-158.5329718,NAD83,19030303,AKDECWQ-Kanakanak,AKDECWQ-KANAKANAK,NA,NA,NA,NA,NA,NA,NA,NA,NA,NA,NA,NA,NA,"Alaska Water Laboratory, LLC",NA,59.00345,-158.5346,NA,NA,NA,NA,NA,NA,2023-07-24,https://www.waterqualitydata.us/data/providers/STORET/organizations/AKDECWQ/activities/AKDECWQ-BB%20Pathogens-Kanakanak-07%2F24%2F2023-Enterococci/results/1039503059/resdetectqntlmts,NA,8,NA,NA,NA,NA,GPS-Unspecified,NA,NA,NA,NA,NA,NA,NA,NA,NA,NA,NA,NA,STORET,2024-08-16T19:26:49
Field Msr/Obs,Air,AIR,Ambient Air,NA,NA,"Temperature, air","TEMPERATURE, AIR",NA,NA,NA,NA,"TEMPERATURE, AIR_NA_NA_DEG C",2023-06-26,10:50:00,AKDT,2023-06-26 18:50:00,9.25,deg C,9.25,DEG C,Convert,Actual,Numeric,NA,NA,NA,NA,NA,NA,NA - Not Available,NA,NA,NA - Not Available,NA,NA,NA,NA,NA,NA,NA - Not Available,NA,NA,NA,NA,NA - Not Available,NA,NA,NA,NA,NA - Not Available,NA,NA,NA,NA,NA,Temperature,https://www.nemi.gov/methods/method_summary/5216/,170.1,USEPA,NA,WQSAR 006,AKDECWQ,Air Temperature,Temperature taken at site with a handheld digital thermometer (HANNA or YSI).,Probe/Sensor,NA,Final,NA,NA,NA,NA,NA,NA,NA,NA,NA,"Targeted - A targeted sample is where a ""sample"" of the subject matter, be that people, plants/animals etc is selected using certain criteria, i.e. pregnant mothers between the ages of 25-30. Targeted samples are usually used by businesses or companies carrying out surveys on a particular group of people.",NA,NA,STORET-1039503083,"AKDECWQ-BB Pathogens-Snag Point-06/26/2023-Temperature, air",AKDECWQ,Alaska Dept of Environmental Conservation - Water Quality,Dillingham Pathogen Monitoring,Monitoring of pathogens (Fecal Coliform and Enterococci) at Dillingham area beaches.,Dillingham Pathogen Monitoring,https://www.waterqualitydata.us/data/providers/STORET/organizations/AKDECWQ/projects/Dillingham%20Pathogen%20Monitoring/files,Y,Alaska Department of Environmental Conservation,US,02,070,Snag Point Beach,SNAG POINT BEACH,Estuary,ESTUARY,Beach approximately 300 ft East of the Dillingham dock.,59.03786152,59.03786152,-158.4606696,-158.4606696,NAD83,19030303,AKDECWQ-Snag Point,AKDECWQ-SNAG POINT,NA,NA,NA,NA,NA,NA,NA,NA,NA,NA,NA,NA,NA,"Alaska Water Laboratory, LLC",NA,59.037867,-158.462183,NA,NA,NA,NA,NA,NA,NA,NA,NA,8,NA,NA,NA,NA,GPS-Unspecified,NA,NA,NA,NA,NA,NA,NA,NA,NA,NA,NA,NA,STORET,2024-08-16T19:26:51
Field Msr/Obs,Water,WATER,Surface Water,NA,NA,"Temperature, water","TEMPERATURE, WATER",NA,NA,NA,NA,"TEMPERATURE, WATER_NA_NA_DEG C",2023-07-13,11:15:00,AKDT,2023-07-13 19:15:00,15.2,deg C,15.2,DEG C,Convert,Actual,Numeric,NA,NA,NA,NA,NA,NA,NA - Not Available,NA,NA,NA - Not Available,NA,NA,NA,NA,0.1,0.1,Numeric,m,m,NA,NA,NA - Not Available,NA,NA,NA,NA,NA - Not Available,NA,NA,NA,NA,NA,Temperature,https://www.nemi.gov/methods/method_summary/5216/,170.1,USEPA,NA,WQSAR 016,AKDECWQ,Water Temperature,"Water temperature collected at site using a certified handheld thermometer (e.g., NIST Traceable).",Probe/Sensor,NA,Final,NA,NA,NA,NA,NA,NA,NA,NA,NA,"Targeted - A targeted sample is where a ""sample"" of the subject matter, be that people, plants/animals etc is selected using certain criteria, i.e. pregnant mothers between the ages of 25-30. Targeted samples are usually used by businesses or companies carrying out surveys on a particular group of people.",NA,NA,STORET-1039503093,"AKDECWQ-BB Pathogens-Snag Point-07/13/2023-Temperature, water",AKDECWQ,Alaska Dept of Environmental Conservation - Water Quality,Dillingham Pathogen Monitoring,Monitoring of pathogens (Fecal Coliform and Enterococci) at Dillingham area beaches.,Dillingham Pathogen Monitoring,https://www.waterqualitydata.us/data/providers/STORET/organizations/AKDECWQ/projects/Dillingham%20Pathogen%20Monitoring/files,Y,Alaska Department of Environmental Conservation,US,02,070,Snag Point Beach,SNAG POINT BEACH,Estuary,ESTUARY,Beach approximately 300 ft East of the Dillingham dock.,59.03786152,59.03786152,-158.4606696,-158.4606696,NAD83,19030303,AKDECWQ-Snag Point,AKDECWQ-SNAG POINT,NA,NA,NA,NA,NA,NA,NA,NA,NA,NA,NA,NA,NA,"Alaska Water Laboratory, LLC",NA,59.037867,-158.462183,NA,NA,NA,NA,NA,NA,NA,NA,NA,8,NA,NA,NA,NA,GPS-Unspecified,NA,NA,NA,NA,NA,NA,NA,NA,NA,NA,NA,NA,STORET,2024-08-16T19:26:52
Field Msr/Obs,Water,WATER,Surface Water,NA,NA,"Temperature, water","TEMPERATURE, WATER",NA,NA,NA,NA,"TEMPERATURE, WATER_NA_NA_DEG C",2023-06-26,10:50:00,AKDT,2023-06-26 18:50:00,10.5,deg C,10.5,DEG C,Convert,Actual,Numeric,NA,NA,NA,NA,NA,NA,NA - Not Available,NA,NA,NA - Not Available,NA,NA,NA,NA,0.1,0.1,Numeric,m,m,NA,NA,NA - Not Available,NA,NA,NA,NA,NA - Not Available,NA,NA,NA,NA,NA,Temperature,https://www.nemi.gov/methods/method_summary/5216/,170.1,USEPA,NA,WQSAR 016,AKDECWQ,Water Temperature,"Water temperature collected at site using a certified handheld thermometer (e.g., NIST Traceable).",Probe/Sensor,NA,Final,NA,NA,NA,NA,NA,NA,NA,NA,NA,"Targeted - A targeted sample is where a ""sample"" of the subject matter, be that people, plants/animals etc is selected using certain criteria, i.e. pregnant mothers between the ages of 25-30. Targeted samples are usually used by businesses or companies carrying out surveys on a particular group of people.",NA,NA,STORET-1039503116,"AKDECWQ-BB Pathogens-Snag Point-06/26/2023-Temperature, water",AKDECWQ,Alaska Dept of Environmental Conservation - Water Quality,Dillingham Pathogen Monitoring,Monitoring of pathogens (Fecal Coliform and Enterococci) at Dillingham area beaches.,Dillingham Pathogen Monitoring,https://www.waterqualitydata.us/data/providers/STORET/organizations/AKDECWQ/projects/Dillingham%20Pathogen%20Monitoring/files,Y,Alaska Department of Environmental Conservation,US,02,070,Snag Point Beach,SNAG POINT BEACH,Estuary,ESTUARY,Beach approximately 300 ft East of the Dillingham dock.,59.03786152,59.03786152,-158.4606696,-158.4606696,NAD83,19030303,AKDECWQ-Snag Point,AKDECWQ-SNAG POINT,NA,NA,NA,NA,NA,NA,NA,NA,NA,NA,NA,NA,NA,"Alaska Water Laboratory, LLC",NA,59.037867,-158.462183,NA,NA,NA,NA,NA,NA,NA,NA,NA,8,NA,NA,NA,NA,GPS-Unspecified,NA,NA,NA,NA,NA,NA,NA,NA,NA,NA,NA,NA,STORET,2024-08-16T19:26:54
Sample-Routine,Water,WATER,Surface Water,Total,TOTAL,Enterococcus,ENTEROCOCCUS,NA,NA,NA,NA,ENTEROCOCCUS_TOTAL_NA_MPN/100ML,2023-06-26,11:20:00,AKDT,2023-06-26 19:20:00,11,MPN/100mL,11,MPN/100ML,Convert,Actual,Numeric,NA,Method Detection Level,0.91,MPN/100mL,0.91,MPN/100ML,Numeric,NA,NA,NA - Not Available,NA,NA,NA,NA,0.5,0.5,Numeric,m,m,NA,NA,NA - Not Available,NA,NA,NA,NA,NA - Not Available,NA,NA,NA,NA,NA,Standard Test Method for Enterococci in Water Using Enterolert,NA,D6503-99,ASTM,NA,WQSAR 001,AKDECWQ,Bacteria,Water sample collected from 1 ft depth. Bottles kept cool and delivered to lab within 6 hours (8 hour total hold time).,Water Bottle,NA,Final,NA,NA,NA,NA,NA,NA,NA,NA,NA,"Targeted - A targeted sample is where a ""sample"" of the subject matter, be that people, plants/animals etc is selected using certain criteria, i.e. pregnant mothers between the ages of 25-30. Targeted samples are usually used by businesses or companies carrying out surveys on a particular group of people.",Alaska Water Laboratories LLC,NA,STORET-1039503248,AKDECWQ-BB Pathogens-Kanakanak-06/26/2023-Enterococci,AKDECWQ,Alaska Dept of Environmental Conservation - Water Quality,Dillingham Pathogen Monitoring,Monitoring of pathogens (Fecal Coliform and Enterococci) at Dillingham area beaches.,Dillingham Pathogen Monitoring,https://www.waterqualitydata.us/data/providers/STORET/organizations/AKDECWQ/projects/Dillingham%20Pathogen%20Monitoring/files,Y,Alaska Department of Environmental Conservation,US,02,070,Kanakanak Beach,KANAKANAK BEACH,Estuary,ESTUARY,Beach near Kanakanak Hospital. Approximately 5 miles south of Dillingham.,59.0028897,59.0028897,-158.5329718,-158.5329718,NAD83,19030303,AKDECWQ-Kanakanak,AKDECWQ-KANAKANAK,NA,NA,NA,NA,NA,NA,NA,NA,NA,NA,NA,NA,NA,"Alaska Water Laboratory, LLC",NA,59.00345,-158.5346,NA,NA,NA,NA,NA,NA,2023-06-26,https://www.waterqualitydata.us/data/providers/STORET/organizations/AKDECWQ/activities/AKDECWQ-BB%20Pathogens-Kanakanak-06%2F26%2F2023-Enterococci/results/1039503248/resdetectqntlmts,NA,8,NA,NA,NA,NA,GPS-Unspecified,NA,NA,NA,NA,NA,NA,NA,NA,NA,NA,NA,NA,STORET,2024-08-16T19:27:02
Field Msr/Obs,Water,WATER,Surface Water,NA,NA,"Temperature, water","TEMPERATURE, WATER",NA,NA,NA,NA,"TEMPERATURE, WATER_NA_NA_DEG C",2023-07-05,11:15:00,AKDT,2023-07-05 19:15:00,10.5,deg C,10.5,DEG C,Convert,Actual,Numeric,NA,NA,NA,NA,NA,NA,NA - Not Available,NA,NA,NA - Not Available,NA,NA,NA,NA,0.1,0.1,Numeric,m,m,NA,NA,NA - Not Available,NA,NA,NA,NA,NA - Not Available,NA,NA,NA,NA,NA,Temperature,https://www.nemi.gov/methods/method_summary/5216/,170.1,USEPA,NA,WQSAR 016,AKDECWQ,Water Temperature,"Water temperature collected at site using a certified handheld thermometer (e.g., NIST Traceable).",Probe/Sensor,NA,Final,NA,NA,NA,NA,NA,NA,NA,NA,NA,"Targeted - A targeted sample is where a ""sample"" of the subject matter, be that people, plants/animals etc is selected using certain criteria, i.e. pregnant mothers between the ages of 25-30. Targeted samples are usually used by businesses or companies carrying out surveys on a particular group of people.",NA,NA,STORET-1039503269,"AKDECWQ-BB Pathogens-Snag Point-07/05/2023-Temperature, water",AKDECWQ,Alaska Dept of Environmental Conservation - Water Quality,Dillingham Pathogen Monitoring,Monitoring of pathogens (Fecal Coliform and Enterococci) at Dillingham area beaches.,Dillingham Pathogen Monitoring,https://www.waterqualitydata.us/data/providers/STORET/organizations/AKDECWQ/projects/Dillingham%20Pathogen%20Monitoring/files,Y,Alaska Department of Environmental Conservation,US,02,070,Snag Point Beach,SNAG POINT BEACH,Estuary,ESTUARY,Beach approximately 300 ft East of the Dillingham dock.,59.03786152,59.03786152,-158.4606696,-158.4606696,NAD83,19030303,AKDECWQ-Snag Point,AKDECWQ-SNAG POINT,NA,NA,NA,NA,NA,NA,NA,NA,NA,NA,NA,NA,NA,"Alaska Water Laboratory, LLC",NA,59.037867,-158.462183,NA,NA,NA,NA,NA,NA,NA,NA,NA,8,NA,NA,NA,NA,GPS-Unspecified,NA,NA,NA,NA,NA,NA,NA,NA,NA,NA,NA,NA,STORET,2024-08-16T19:27:05
Field Msr/Obs,Air,AIR,Ambient Air,NA,NA,"Temperature, air","TEMPERATURE, AIR",NA,NA,NA,NA,"TEMPERATURE, AIR_NA_NA_DEG C",2023-07-05,11:30:00,AKDT,2023-07-05 19:30:00,11.15,deg C,11.15,DEG C,Convert,Actual,Numeric,NA,NA,NA,NA,NA,NA,NA - Not Available,NA,NA,NA - Not Available,NA,NA,NA,NA,NA,NA,NA - Not Available,NA,NA,NA,NA,NA - Not Available,NA,NA,NA,NA,NA - Not Available,NA,NA,NA,NA,NA,Temperature,https://www.nemi.gov/methods/method_summary/5216/,170.1,USEPA,NA,WQSAR 006,AKDECWQ,Air Temperature,Temperature taken at site with a handheld digital thermometer (HANNA or YSI).,Probe/Sensor,NA,Final,NA,NA,NA,NA,NA,NA,NA,NA,NA,"Targeted - A targeted sample is where a ""sample"" of the subject matter, be that people, plants/animals etc is selected using certain criteria, i.e. pregnant mothers between the ages of 25-30. Targeted samples are usually used by businesses or companies carrying out surveys on a particular group of people.",NA,NA,STORET-1039503272,"AKDECWQ-BB Pathogens-Kanakanak-07/05/2023-Temperature, air",AKDECWQ,Alaska Dept of Environmental Conservation - Water Quality,Dillingham Pathogen Monitoring,Monitoring of pathogens (Fecal Coliform and Enterococci) at Dillingham area beaches.,Dillingham Pathogen Monitoring,https://www.waterqualitydata.us/data/providers/STORET/organizations/AKDECWQ/projects/Dillingham%20Pathogen%20Monitoring/files,Y,Alaska Department of Environmental Conservation,US,02,070,Kanakanak Beach,KANAKANAK BEACH,Estuary,ESTUARY,Beach near Kanakanak Hospital. Approximately 5 miles south of Dillingham.,59.0028897,59.0028897,-158.5329718,-158.5329718,NAD83,19030303,AKDECWQ-Kanakanak,AKDECWQ-KANAKANAK,NA,NA,NA,NA,NA,NA,NA,NA,NA,NA,NA,NA,NA,"Alaska Water Laboratory, LLC",NA,59.00345,-158.5346,NA,NA,NA,NA,NA,NA,NA,NA,NA,8,NA,NA,NA,NA,GPS-Unspecified,NA,NA,NA,NA,NA,NA,NA,NA,NA,NA,NA,NA,STORET,2024-08-16T19:27:05
Field Msr/Obs,Water,WATER,Surface Water,NA,NA,"Temperature, water","TEMPERATURE, WATER",NA,NA,NA,NA,"TEMPERATURE, WATER_NA_NA_DEG C",2023-07-24,11:37:00,AKDT,2023-07-24 19:37:00,14.4,deg C,14.4,DEG C,Convert,Actual,Numeric,NA,NA,NA,NA,NA,NA,NA - Not Available,NA,NA,NA - Not Available,NA,NA,NA,NA,0.1,0.1,Numeric,m,m,NA,NA,NA - Not Available,NA,NA,NA,NA,NA - Not Available,NA,NA,NA,NA,NA,Temperature,https://www.nemi.gov/methods/method_summary/5216/,170.1,USEPA,NA,WQSAR 016,AKDECWQ,Water Temperature,"Water temperature collected at site using a certified handheld thermometer (e.g., NIST Traceable).",Probe/Sensor,NA,Final,NA,NA,NA,NA,NA,NA,NA,NA,NA,"Targeted - A targeted sample is where a ""sample"" of the subject matter, be that people, plants/animals etc is selected using certain criteria, i.e. pregnant mothers between the ages of 25-30. Targeted samples are usually used by businesses or companies carrying out surveys on a particular group of people.",NA,NA,STORET-1039503345,"AKDECWQ-BB Pathogens-Scandinavian-07/24/2023-Temperature, water",AKDECWQ,Alaska Dept of Environmental Conservation - Water Quality,Dillingham Pathogen Monitoring,Monitoring of pathogens (Fecal Coliform and Enterococci) at Dillingham area beaches.,Dillingham Pathogen Monitoring,https://www.waterqualitydata.us/data/providers/STORET/organizations/AKDECWQ/projects/Dillingham%20Pathogen%20Monitoring/files,Y,Alaska Department of Environmental Conservation,US,02,070,Scandinavian Beach,SCANDINAVIAN BEACH,Estuary,ESTUARY,Beach approximately 500 FT East of the Dillingham Harbor entrance.,59.03743292,59.03743292,-158.4747797,-158.4747797,NAD83,19030303,AKDECWQ-Scandinavian,AKDECWQ-SCANDINAVIAN,NA,NA,NA,NA,NA,NA,NA,NA,NA,NA,NA,NA,NA,"Alaska Water Laboratory, LLC",NA,59.03733,-158.47673,NA,NA,NA,NA,NA,NA,NA,NA,NA,8,NA,NA,NA,NA,GPS-Unspecified,NA,NA,NA,NA,NA,NA,NA,NA,NA,NA,NA,NA,STORET,2024-08-16T19:27:14
Field Msr/Obs,Water,WATER,Surface Water,NA,NA,"Temperature, water","TEMPERATURE, WATER",NA,NA,NA,NA,"TEMPERATURE, WATER_NA_NA_DEG C",2023-08-07,11:34:00,AKDT,2023-08-07 19:34:00,13.2,deg C,13.2,DEG C,Convert,Actual,Numeric,NA,NA,NA,NA,NA,NA,NA - Not Available,NA,NA,NA - Not Available,NA,NA,NA,NA,0.1,0.1,Numeric,m,m,NA,NA,NA - Not Available,NA,NA,NA,NA,NA - Not Available,NA,NA,NA,NA,NA,Temperature,https://www.nemi.gov/methods/method_summary/5216/,170.1,USEPA,NA,WQSAR 016,AKDECWQ,Water Temperature,"Water temperature collected at site using a certified handheld thermometer (e.g., NIST Traceable).",Probe/Sensor,NA,Final,NA,NA,NA,NA,NA,NA,NA,NA,NA,"Targeted - A targeted sample is where a ""sample"" of the subject matter, be that people, plants/animals etc is selected using certain criteria, i.e. pregnant mothers between the ages of 25-30. Targeted samples are usually used by businesses or companies carrying out surveys on a particular group of people.",NA,NA,STORET-1039503400,"AKDECWQ-BB Pathogens-Kanakanak-08/07/2023-Temperature, water",AKDECWQ,Alaska Dept of Environmental Conservation - Water Quality,Dillingham Pathogen Monitoring,Monitoring of pathogens (Fecal Coliform and Enterococci) at Dillingham area beaches.,Dillingham Pathogen Monitoring,https://www.waterqualitydata.us/data/providers/STORET/organizations/AKDECWQ/projects/Dillingham%20Pathogen%20Monitoring/files,Y,Alaska Department of Environmental Conservation,US,02,070,Kanakanak Beach,KANAKANAK BEACH,Estuary,ESTUARY,Beach near Kanakanak Hospital. Approximately 5 miles south of Dillingham.,59.0028897,59.0028897,-158.5329718,-158.5329718,NAD83,19030303,AKDECWQ-Kanakanak,AKDECWQ-KANAKANAK,NA,NA,NA,NA,NA,NA,NA,NA,NA,NA,NA,NA,NA,"Alaska Water Laboratory, LLC",NA,59.00345,-158.5346,NA,NA,NA,NA,NA,NA,NA,NA,NA,8,NA,NA,NA,NA,GPS-Unspecified,NA,NA,NA,NA,NA,NA,NA,NA,NA,NA,NA,NA,STORET,2024-08-16T19:27:18
Sample-Routine,Water,WATER,Surface Water,Total,TOTAL,Fecal Coliform,FECAL COLIFORM,NA,NA,NA,NA,FECAL COLIFORM_TOTAL_NA_CFU/100ML,2023-07-05,11:15:00,AKDT,2023-07-05 19:15:00,72.07,cfu/100mL,72.07,CFU/100ML,Convert,Actual,Numeric,NA,Method Detection Level,10,cfu/100mL,10,CFU/100ML,Numeric,NA,NA,NA - Not Available,NA,NA,NA,NA,0.5,0.5,Numeric,m,m,NA,NA,NA - Not Available,NA,NA,NA,NA,NA - Not Available,NA,NA,NA,NA,NA,9222 D ~ Membrane filtration test for fecal coliforms,https://www.nemi.gov/methods/method_summary/5587/,9222D,APHA,NA,WQSAR 001,AKDECWQ,Bacteria,Water sample collected from 1 ft depth. Bottles kept cool and delivered to lab within 6 hours (8 hour total hold time).,Water Bottle,NA,Final,NA,NA,NA,NA,NA,NA,NA,NA,NA,"Targeted - A targeted sample is where a ""sample"" of the subject matter, be that people, plants/animals etc is selected using certain criteria, i.e. pregnant mothers between the ages of 25-30. Targeted samples are usually used by businesses or companies carrying out surveys on a particular group of people.",Alaska Water Laboratories LLC,NA,STORET-1039503425,AKDECWQ-BB Pathogens-Snag Point-07/05/2023-Fecal Coliform,AKDECWQ,Alaska Dept of Environmental Conservation - Water Quality,Dillingham Pathogen Monitoring,Monitoring of pathogens (Fecal Coliform and Enterococci) at Dillingham area beaches.,Dillingham Pathogen Monitoring,https://www.waterqualitydata.us/data/providers/STORET/organizations/AKDECWQ/projects/Dillingham%20Pathogen%20Monitoring/files,Y,Alaska Department of Environmental Conservation,US,02,070,Snag Point Beach,SNAG POINT BEACH,Estuary,ESTUARY,Beach approximately 300 ft East of the Dillingham dock.,59.03786152,59.03786152,-158.4606696,-158.4606696,NAD83,19030303,AKDECWQ-Snag Point,AKDECWQ-SNAG POINT,NA,NA,NA,NA,NA,NA,NA,NA,NA,NA,NA,NA,NA,"Alaska Water Laboratory, LLC",NA,59.037867,-158.462183,NA,NA,NA,NA,NA,NA,2023-07-05,https://www.waterqualitydata.us/data/providers/STORET/organizations/AKDECWQ/activities/AKDECWQ-BB%20Pathogens-Snag%20Point-07%2F05%2F2023-Fecal%20Coliform/results/1039503425/resdetectqntlmts,NA,8,NA,NA,NA,NA,GPS-Unspecified,NA,NA,NA,NA,NA,NA,NA,NA,NA,NA,NA,NA,STORET,2024-08-16T19:27:20
Quality Control Sample-Field Replicate,Water,WATER,Surface Water,Total,TOTAL,Enterococcus,ENTEROCOCCUS,NA,NA,NA,NA,ENTEROCOCCUS_TOTAL_NA_MPN/100ML,2023-07-24,11:37:00,AKDT,2023-07-24 19:37:00,7.6,MPN/100mL,7.6,MPN/100ML,Convert,Actual,Numeric,NA,Method Detection Level,0.91,MPN/100mL,0.91,MPN/100ML,Numeric,NA,NA,NA - Not Available,NA,NA,NA,NA,0.5,0.5,Numeric,m,m,NA,NA,NA - Not Available,NA,NA,NA,NA,NA - Not Available,NA,NA,NA,NA,NA,Standard Test Method for Enterococci in Water Using Enterolert,NA,D6503-99,ASTM,NA,WQSAR 001,AKDECWQ,Bacteria,Water sample collected from 1 ft depth. Bottles kept cool and delivered to lab within 6 hours (8 hour total hold time).,Water Bottle,NA,Final,NA,NA,NA,NA,NA,NA,NA,NA,NA,"Targeted - A targeted sample is where a ""sample"" of the subject matter, be that people, plants/animals etc is selected using certain criteria, i.e. pregnant mothers between the ages of 25-30. Targeted samples are usually used by businesses or companies carrying out surveys on a particular group of people.",Alaska Water Laboratories LLC,NA,STORET-1039503454,AKDECWQ-BB Pathogens-Scandinavian-07/24/2023-Enterococci-DUP,AKDECWQ,Alaska Dept of Environmental Conservation - Water Quality,Dillingham Pathogen Monitoring,Monitoring of pathogens (Fecal Coliform and Enterococci) at Dillingham area beaches.,Dillingham Pathogen Monitoring,https://www.waterqualitydata.us/data/providers/STORET/organizations/AKDECWQ/projects/Dillingham%20Pathogen%20Monitoring/files,Y,Alaska Department of Environmental Conservation,US,02,070,Scandinavian Beach,SCANDINAVIAN BEACH,Estuary,ESTUARY,Beach approximately 500 FT East of the Dillingham Harbor entrance.,59.03743292,59.03743292,-158.4747797,-158.4747797,NAD83,19030303,AKDECWQ-Scandinavian,AKDECWQ-SCANDINAVIAN,NA,NA,NA,NA,NA,NA,NA,NA,NA,NA,NA,NA,NA,"Alaska Water Laboratory, LLC",NA,59.03733,-158.47673,NA,NA,NA,NA,NA,NA,2023-07-24,https://www.waterqualitydata.us/data/providers/STORET/organizations/AKDECWQ/activities/AKDECWQ-BB%20Pathogens-Scandinavian-07%2F24%2F2023-Enterococci-DUP/results/1039503454/resdetectqntlmts,NA,8,NA,NA,NA,NA,GPS-Unspecified,NA,NA,NA,NA,NA,NA,NA,NA,NA,NA,NA,NA,STORET,2024-08-16T19:27:21
Quality Control Sample-Field Replicate,Water,WATER,Surface Water,Total,TOTAL,Fecal Coliform,FECAL COLIFORM,NA,NA,NA,NA,FECAL COLIFORM_TOTAL_NA_CFU/100ML,2023-07-19,12:27:00,AKDT,2023-07-19 20:27:00,110,cfu/100mL,110,CFU/100ML,Convert,Actual,Numeric,NA,Method Detection Level,10,cfu/100mL,10,CFU/100ML,Numeric,NA,NA,NA - Not Available,NA,NA,NA,NA,0.5,0.5,Numeric,m,m,NA,NA,NA - Not Available,NA,NA,NA,NA,NA - Not Available,NA,NA,NA,NA,NA,9222 D ~ Membrane filtration test for fecal coliforms,https://www.nemi.gov/methods/method_summary/5587/,9222D,APHA,NA,WQSAR 001,AKDECWQ,Bacteria,Water sample collected from 1 ft depth. Bottles kept cool and delivered to lab within 6 hours (8 hour total hold time).,Water Bottle,NA,Final,NA,NA,NA,NA,NA,NA,NA,NA,NA,"Targeted - A targeted sample is where a ""sample"" of the subject matter, be that people, plants/animals etc is selected using certain criteria, i.e. pregnant mothers between the ages of 25-30. Targeted samples are usually used by businesses or companies carrying out surveys on a particular group of people.",Alaska Water Laboratories LLC,NA,STORET-1039503459,AKDECWQ-BB Pathogens-Snag Point-07/19/2023-Fecal Coliform-DUP,AKDECWQ,Alaska Dept of Environmental Conservation - Water Quality,Dillingham Pathogen Monitoring,Monitoring of pathogens (Fecal Coliform and Enterococci) at Dillingham area beaches.,Dillingham Pathogen Monitoring,https://www.waterqualitydata.us/data/providers/STORET/organizations/AKDECWQ/projects/Dillingham%20Pathogen%20Monitoring/files,Y,Alaska Department of Environmental Conservation,US,02,070,Snag Point Beach,SNAG POINT BEACH,Estuary,ESTUARY,Beach approximately 300 ft East of the Dillingham dock.,59.03786152,59.03786152,-158.4606696,-158.4606696,NAD83,19030303,AKDECWQ-Snag Point,AKDECWQ-SNAG POINT,NA,NA,NA,NA,NA,NA,NA,NA,NA,NA,NA,NA,NA,"Alaska Water Laboratory, LLC",NA,59.037867,-158.462183,NA,NA,NA,NA,NA,NA,2023-07-19,https://www.waterqualitydata.us/data/providers/STORET/organizations/AKDECWQ/activities/AKDECWQ-BB%20Pathogens-Snag%20Point-07%2F19%2F2023-Fecal%20Coliform-DUP/results/1039503459/resdetectqntlmts,NA,8,NA,NA,NA,NA,GPS-Unspecified,NA,NA,NA,NA,NA,NA,NA,NA,NA,NA,NA,NA,STORET,2024-08-16T19:27:21
Quality Control Sample-Field Replicate,Water,WATER,Surface Water,Total,TOTAL,Enterococcus,ENTEROCOCCUS,NA,NA,NA,NA,ENTEROCOCCUS_TOTAL_NA_MPN/100ML,2023-08-07,11:34:00,AKDT,2023-08-07 19:34:00,27.9,MPN/100mL,27.9,MPN/100ML,Convert,Actual,Numeric,NA,Method Detection Level,0.91,MPN/100mL,0.91,MPN/100ML,Numeric,NA,NA,NA - Not Available,NA,NA,NA,NA,0.5,0.5,Numeric,m,m,NA,NA,NA - Not Available,NA,NA,NA,NA,NA - Not Available,NA,NA,NA,NA,NA,Standard Test Method for Enterococci in Water Using Enterolert,NA,D6503-99,ASTM,NA,WQSAR 001,AKDECWQ,Bacteria,Water sample collected from 1 ft depth. Bottles kept cool and delivered to lab within 6 hours (8 hour total hold time).,Water Bottle,NA,Final,NA,NA,NA,NA,NA,NA,NA,NA,NA,"Targeted - A targeted sample is where a ""sample"" of the subject matter, be that people, plants/animals etc is selected using certain criteria, i.e. pregnant mothers between the ages of 25-30. Targeted samples are usually used by businesses or companies carrying out surveys on a particular group of people.",Alaska Water Laboratories LLC,NA,STORET-1039503463,AKDECWQ-BB Pathogens-Kanakanak-08/07/2023-Enterococci-DUP,AKDECWQ,Alaska Dept of Environmental Conservation - Water Quality,Dillingham Pathogen Monitoring,Monitoring of pathogens (Fecal Coliform and Enterococci) at Dillingham area beaches.,Dillingham Pathogen Monitoring,https://www.waterqualitydata.us/data/providers/STORET/organizations/AKDECWQ/projects/Dillingham%20Pathogen%20Monitoring/files,Y,Alaska Department of Environmental Conservation,US,02,070,Kanakanak Beach,KANAKANAK BEACH,Estuary,ESTUARY,Beach near Kanakanak Hospital. Approximately 5 miles south of Dillingham.,59.0028897,59.0028897,-158.5329718,-158.5329718,NAD83,19030303,AKDECWQ-Kanakanak,AKDECWQ-KANAKANAK,NA,NA,NA,NA,NA,NA,NA,NA,NA,NA,NA,NA,NA,"Alaska Water Laboratory, LLC",NA,59.00345,-158.5346,NA,NA,NA,NA,NA,NA,2023-08-07,https://www.waterqualitydata.us/data/providers/STORET/organizations/AKDECWQ/activities/AKDECWQ-BB%20Pathogens-Kanakanak-08%2F07%2F2023-Enterococci-DUP/results/1039503463/resdetectqntlmts,NA,8,NA,NA,NA,NA,GPS-Unspecified,NA,NA,NA,NA,NA,NA,NA,NA,NA,NA,NA,NA,STORET,2024-08-16T19:27:22
Quality Control Sample-Field Replicate,Water,WATER,Surface Water,Total,TOTAL,Enterococcus,ENTEROCOCCUS,NA,NA,NA,NA,ENTEROCOCCUS_TOTAL_NA_MPN/100ML,2023-07-19,12:27:00,AKDT,2023-07-19 20:27:00,3,MPN/100mL,3,MPN/100ML,Convert,Actual,Numeric,NA,Method Detection Level,1,MPN/100mL,1,MPN/100ML,Numeric,NA,NA,NA - Not Available,NA,NA,NA,NA,0.5,0.5,Numeric,m,m,NA,NA,NA - Not Available,NA,NA,NA,NA,NA - Not Available,NA,NA,NA,NA,NA,Standard Test Method for Enterococci in Water Using Enterolert,NA,D6503-99,ASTM,NA,WQSAR 001,AKDECWQ,Bacteria,Water sample collected from 1 ft depth. Bottles kept cool and delivered to lab within 6 hours (8 hour total hold time).,Water Bottle,NA,Final,NA,NA,NA,NA,NA,NA,NA,NA,NA,"Targeted - A targeted sample is where a ""sample"" of the subject matter, be that people, plants/animals etc is selected using certain criteria, i.e. pregnant mothers between the ages of 25-30. Targeted samples are usually used by businesses or companies carrying out surveys on a particular group of people.",Alaska Water Laboratories LLC,NA,STORET-1039503471,AKDECWQ-BB Pathogens-Snag Point-07/19/2023-Enterococci-DUP,AKDECWQ,Alaska Dept of Environmental Conservation - Water Quality,Dillingham Pathogen Monitoring,Monitoring of pathogens (Fecal Coliform and Enterococci) at Dillingham area beaches.,Dillingham Pathogen Monitoring,https://www.waterqualitydata.us/data/providers/STORET/organizations/AKDECWQ/projects/Dillingham%20Pathogen%20Monitoring/files,Y,Alaska Department of Environmental Conservation,US,02,070,Snag Point Beach,SNAG POINT BEACH,Estuary,ESTUARY,Beach approximately 300 ft East of the Dillingham dock.,59.03786152,59.03786152,-158.4606696,-158.4606696,NAD83,19030303,AKDECWQ-Snag Point,AKDECWQ-SNAG POINT,NA,NA,NA,NA,NA,NA,NA,NA,NA,NA,NA,NA,NA,"Alaska Water Laboratory, LLC",NA,59.037867,-158.462183,NA,NA,NA,NA,NA,NA,2023-07-19,https://www.waterqualitydata.us/data/providers/STORET/organizations/AKDECWQ/activities/AKDECWQ-BB%20Pathogens-Snag%20Point-07%2F19%2F2023-Enterococci-DUP/results/1039503471/resdetectqntlmts,NA,8,NA,NA,NA,NA,GPS-Unspecified,NA,NA,NA,NA,NA,NA,NA,NA,NA,NA,NA,NA,STORET,2024-08-16T19:27:23
Field Msr/Obs,Water,WATER,Surface Water,NA,NA,"Temperature, water","TEMPERATURE, WATER",NA,NA,NA,NA,"TEMPERATURE, WATER_NA_NA_DEG C",2023-07-05,11:00:00,AKDT,2023-07-05 19:00:00,11.5,deg C,11.5,DEG C,Convert,Actual,Numeric,NA,NA,NA,NA,NA,NA,NA - Not Available,NA,NA,NA - Not Available,NA,NA,NA,NA,0.1,0.1,Numeric,m,m,NA,NA,NA - Not Available,NA,NA,NA,NA,NA - Not Available,NA,NA,NA,NA,NA,Temperature,https://www.nemi.gov/methods/method_summary/5216/,170.1,USEPA,NA,WQSAR 016,AKDECWQ,Water Temperature,"Water temperature collected at site using a certified handheld thermometer (e.g., NIST Traceable).",Probe/Sensor,NA,Final,NA,NA,NA,NA,NA,NA,NA,NA,NA,"Targeted - A targeted sample is where a ""sample"" of the subject matter, be that people, plants/animals etc is selected using certain criteria, i.e. pregnant mothers between the ages of 25-30. Targeted samples are usually used by businesses or companies carrying out surveys on a particular group of people.",NA,NA,STORET-1039508112,"AKDECWQ-BB Pathogens-Scandinavian-07/05/2023-Temperature, water",AKDECWQ,Alaska Dept of Environmental Conservation - Water Quality,Dillingham Pathogen Monitoring,Monitoring of pathogens (Fecal Coliform and Enterococci) at Dillingham area beaches.,Dillingham Pathogen Monitoring,https://www.waterqualitydata.us/data/providers/STORET/organizations/AKDECWQ/projects/Dillingham%20Pathogen%20Monitoring/files,Y,Alaska Department of Environmental Conservation,US,02,070,Scandinavian Beach,SCANDINAVIAN BEACH,Estuary,ESTUARY,Beach approximately 500 FT East of the Dillingham Harbor entrance.,59.03743292,59.03743292,-158.4747797,-158.4747797,NAD83,19030303,AKDECWQ-Scandinavian,AKDECWQ-SCANDINAVIAN,NA,NA,NA,NA,NA,NA,NA,NA,NA,NA,NA,NA,NA,"Alaska Water Laboratory, LLC",NA,59.03733,-158.47673,NA,NA,NA,NA,NA,NA,NA,NA,NA,8,NA,NA,NA,NA,GPS-Unspecified,NA,NA,NA,NA,NA,NA,NA,NA,NA,NA,NA,NA,STORET,2024-08-16T19:28:12
Sample-Routine,Water,WATER,Surface Water,Total,TOTAL,Enterococcus,ENTEROCOCCUS,NA,NA,NA,NA,ENTEROCOCCUS_TOTAL_NA_MPN/100ML,2023-07-13,11:15:00,AKDT,2023-07-13 19:15:00,1,MPN/100mL,1,MPN/100ML,Convert,Actual,Numeric,NA,Method Detection Level,1,MPN/100mL,1,MPN/100ML,Numeric,NA,NA,NA - Not Available,NA,NA,NA,NA,0.5,0.5,Numeric,m,m,NA,NA,NA - Not Available,NA,NA,NA,NA,NA - Not Available,NA,NA,NA,NA,NA,Standard Test Method for Enterococci in Water Using Enterolert,NA,D6503-99,ASTM,NA,WQSAR 001,AKDECWQ,Bacteria,Water sample collected from 1 ft depth. Bottles kept cool and delivered to lab within 6 hours (8 hour total hold time).,Water Bottle,NA,Final,NA,NA,NA,NA,NA,NA,NA,NA,NA,"Targeted - A targeted sample is where a ""sample"" of the subject matter, be that people, plants/animals etc is selected using certain criteria, i.e. pregnant mothers between the ages of 25-30. Targeted samples are usually used by businesses or companies carrying out surveys on a particular group of people.",Alaska Water Laboratories LLC,NA,STORET-1039508151,AKDECWQ-BB Pathogens-Snag Point-07/13/2023-Enterococci,AKDECWQ,Alaska Dept of Environmental Conservation - Water Quality,Dillingham Pathogen Monitoring,Monitoring of pathogens (Fecal Coliform and Enterococci) at Dillingham area beaches.,Dillingham Pathogen Monitoring,https://www.waterqualitydata.us/data/providers/STORET/organizations/AKDECWQ/projects/Dillingham%20Pathogen%20Monitoring/files,Y,Alaska Department of Environmental Conservation,US,02,070,Snag Point Beach,SNAG POINT BEACH,Estuary,ESTUARY,Beach approximately 300 ft East of the Dillingham dock.,59.03786152,59.03786152,-158.4606696,-158.4606696,NAD83,19030303,AKDECWQ-Snag Point,AKDECWQ-SNAG POINT,NA,NA,NA,NA,NA,NA,NA,NA,NA,NA,NA,NA,NA,"Alaska Water Laboratory, LLC",NA,59.037867,-158.462183,NA,NA,NA,NA,NA,NA,2023-07-13,https://www.waterqualitydata.us/data/providers/STORET/organizations/AKDECWQ/activities/AKDECWQ-BB%20Pathogens-Snag%20Point-07%2F13%2F2023-Enterococci/results/1039508151/resdetectqntlmts,NA,8,NA,NA,NA,NA,GPS-Unspecified,NA,NA,NA,NA,NA,NA,NA,NA,NA,NA,NA,NA,STORET,2024-08-16T19:28:17
Sample-Routine,Water,WATER,Surface Water,Total,TOTAL,Fecal Coliform,FECAL COLIFORM,NA,NA,NA,NA,FECAL COLIFORM_TOTAL_NA_CFU/100ML,2023-07-13,11:15:00,AKDT,2023-07-13 19:15:00,NA,cfu/100mL,NA,CFU/100ML,No Result Value,Actual,NA - Not Available,Not Detected,Method Detection Level,9.01,cfu/100mL,9.01,CFU/100ML,Numeric,NA,NA,NA - Not Available,NA,NA,NA,NA,0.5,0.5,Numeric,m,m,NA,NA,NA - Not Available,NA,NA,NA,NA,NA - Not Available,NA,NA,NA,NA,NA,9222 D ~ Membrane filtration test for fecal coliforms,https://www.nemi.gov/methods/method_summary/5587/,9222D,APHA,NA,WQSAR 001,AKDECWQ,Bacteria,Water sample collected from 1 ft depth. Bottles kept cool and delivered to lab within 6 hours (8 hour total hold time).,Water Bottle,U,Final,NA,NA,NA,NA,NA,NA,NA,NA,NA,"Targeted - A targeted sample is where a ""sample"" of the subject matter, be that people, plants/animals etc is selected using certain criteria, i.e. pregnant mothers between the ages of 25-30. Targeted samples are usually used by businesses or companies carrying out surveys on a particular group of people.",Alaska Water Laboratories LLC,NA,STORET-1039508176,AKDECWQ-BB Pathogens-Snag Point-07/13/2023-Fecal Coliform,AKDECWQ,Alaska Dept of Environmental Conservation - Water Quality,Dillingham Pathogen Monitoring,Monitoring of pathogens (Fecal Coliform and Enterococci) at Dillingham area beaches.,Dillingham Pathogen Monitoring,https://www.waterqualitydata.us/data/providers/STORET/organizations/AKDECWQ/projects/Dillingham%20Pathogen%20Monitoring/files,Y,Alaska Department of Environmental Conservation,US,02,070,Snag Point Beach,SNAG POINT BEACH,Estuary,ESTUARY,Beach approximately 300 ft East of the Dillingham dock.,59.03786152,59.03786152,-158.4606696,-158.4606696,NAD83,19030303,AKDECWQ-Snag Point,AKDECWQ-SNAG POINT,NA,NA,NA,NA,NA,NA,NA,NA,NA,NA,NA,NA,NA,"Alaska Water Laboratory, LLC",NA,59.037867,-158.462183,NA,NA,NA,NA,NA,NA,2023-07-13,https://www.waterqualitydata.us/data/providers/STORET/organizations/AKDECWQ/activities/AKDECWQ-BB%20Pathogens-Snag%20Point-07%2F13%2F2023-Fecal%20Coliform/results/1039508176/resdetectqntlmts,NA,8,NA,NA,NA,NA,GPS-Unspecified,NA,NA,NA,NA,NA,NA,NA,NA,NA,NA,NA,NA,STORET,2024-08-16T19:28:19
Sample-Routine,Water,WATER,Surface Water,Total,TOTAL,Enterococcus,ENTEROCOCCUS,NA,NA,NA,NA,ENTEROCOCCUS_TOTAL_NA_MPN/100ML,2023-05-24,13:45:00,AKDT,2023-05-24 21:45:00,1,MPN/100mL,1,MPN/100ML,Convert,Actual,Numeric,NA,Method Detection Level,1,MPN/100mL,1,MPN/100ML,Numeric,NA,NA,NA - Not Available,NA,NA,NA,NA,0.5,0.5,Numeric,m,m,NA,NA,NA - Not Available,NA,NA,NA,NA,NA - Not Available,NA,NA,NA,NA,NA,Standard Test Method for Enterococci in Water Using Enterolert,NA,D6503-99,ASTM,NA,WQSAR 001,AKDECWQ,Bacteria,Water sample collected from 1 ft depth. Bottles kept cool and delivered to lab within 6 hours (8 hour total hold time).,Water Bottle,NA,Final,NA,NA,NA,NA,NA,NA,NA,NA,NA,"Targeted - A targeted sample is where a ""sample"" of the subject matter, be that people, plants/animals etc is selected using certain criteria, i.e. pregnant mothers between the ages of 25-30. Targeted samples are usually used by businesses or companies carrying out surveys on a particular group of people.",Alaska Water Laboratories LLC,NA,STORET-1039508216,AKDECWQ-BB Pathogens-Snag Point-05/24/2023-Enterococci,AKDECWQ,Alaska Dept of Environmental Conservation - Water Quality,Dillingham Pathogen Monitoring,Monitoring of pathogens (Fecal Coliform and Enterococci) at Dillingham area beaches.,Dillingham Pathogen Monitoring,https://www.waterqualitydata.us/data/providers/STORET/organizations/AKDECWQ/projects/Dillingham%20Pathogen%20Monitoring/files,Y,Alaska Department of Environmental Conservation,US,02,070,Snag Point Beach,SNAG POINT BEACH,Estuary,ESTUARY,Beach approximately 300 ft East of the Dillingham dock.,59.03786152,59.03786152,-158.4606696,-158.4606696,NAD83,19030303,AKDECWQ-Snag Point,AKDECWQ-SNAG POINT,NA,NA,NA,NA,NA,NA,NA,NA,NA,NA,NA,NA,NA,"Alaska Water Laboratory, LLC",NA,59.037867,-158.462183,NA,NA,NA,NA,NA,NA,2023-05-24,https://www.waterqualitydata.us/data/providers/STORET/organizations/AKDECWQ/activities/AKDECWQ-BB%20Pathogens-Snag%20Point-05%2F24%2F2023-Enterococci/results/1039508216/resdetectqntlmts,NA,8,NA,NA,NA,NA,GPS-Unspecified,NA,NA,NA,NA,NA,NA,NA,NA,NA,NA,NA,NA,STORET,2024-08-16T19:28:23
Field Msr/Obs,Water,WATER,Surface Water,NA,NA,"Temperature, water","TEMPERATURE, WATER",NA,NA,NA,NA,"TEMPERATURE, WATER_NA_NA_DEG C",2023-07-13,11:30:00,AKDT,2023-07-13 19:30:00,12.4,deg C,12.4,DEG C,Convert,Actual,Numeric,NA,NA,NA,NA,NA,NA,NA - Not Available,NA,NA,NA - Not Available,NA,NA,NA,NA,0.1,0.1,Numeric,m,m,NA,NA,NA - Not Available,NA,NA,NA,NA,NA - Not Available,NA,NA,NA,NA,NA,Temperature,https://www.nemi.gov/methods/method_summary/5216/,170.1,USEPA,NA,WQSAR 016,AKDECWQ,Water Temperature,"Water temperature collected at site using a certified handheld thermometer (e.g., NIST Traceable).",Probe/Sensor,NA,Final,NA,NA,NA,NA,NA,NA,NA,NA,NA,"Targeted - A targeted sample is where a ""sample"" of the subject matter, be that people, plants/animals etc is selected using certain criteria, i.e. pregnant mothers between the ages of 25-30. Targeted samples are usually used by businesses or companies carrying out surveys on a particular group of people.",NA,NA,STORET-1039508269,"AKDECWQ-BB Pathogens-Scandinavian-07/13/2023-Temperature, water",AKDECWQ,Alaska Dept of Environmental Conservation - Water Quality,Dillingham Pathogen Monitoring,Monitoring of pathogens (Fecal Coliform and Enterococci) at Dillingham area beaches.,Dillingham Pathogen Monitoring,https://www.waterqualitydata.us/data/providers/STORET/organizations/AKDECWQ/projects/Dillingham%20Pathogen%20Monitoring/files,Y,Alaska Department of Environmental Conservation,US,02,070,Scandinavian Beach,SCANDINAVIAN BEACH,Estuary,ESTUARY,Beach approximately 500 FT East of the Dillingham Harbor entrance.,59.03743292,59.03743292,-158.4747797,-158.4747797,NAD83,19030303,AKDECWQ-Scandinavian,AKDECWQ-SCANDINAVIAN,NA,NA,NA,NA,NA,NA,NA,NA,NA,NA,NA,NA,NA,"Alaska Water Laboratory, LLC",NA,59.03733,-158.47673,NA,NA,NA,NA,NA,NA,NA,NA,NA,8,NA,NA,NA,NA,GPS-Unspecified,NA,NA,NA,NA,NA,NA,NA,NA,NA,NA,NA,NA,STORET,2024-08-16T19:28:30
Sample-Routine,Water,WATER,Surface Water,Total,TOTAL,Fecal Coliform,FECAL COLIFORM,NA,NA,NA,NA,FECAL COLIFORM_TOTAL_NA_CFU/100ML,2023-05-24,13:45:00,AKDT,2023-05-24 21:45:00,30,cfu/100mL,30,CFU/100ML,Convert,Actual,Numeric,NA,Method Detection Level,10,cfu/100mL,10,CFU/100ML,Numeric,NA,NA,NA - Not Available,NA,NA,NA,NA,0.5,0.5,Numeric,m,m,NA,NA,NA - Not Available,NA,NA,NA,NA,NA - Not Available,NA,NA,NA,NA,NA,9222 D ~ Membrane filtration test for fecal coliforms,https://www.nemi.gov/methods/method_summary/5587/,9222D,APHA,NA,WQSAR 001,AKDECWQ,Bacteria,Water sample collected from 1 ft depth. Bottles kept cool and delivered to lab within 6 hours (8 hour total hold time).,Water Bottle,J,Final,"Heavy sediment masking (HSM) for 1 mL, 10 mL",NA,NA,NA,NA,NA,NA,NA,NA,"Targeted - A targeted sample is where a ""sample"" of the subject matter, be that people, plants/animals etc is selected using certain criteria, i.e. pregnant mothers between the ages of 25-30. Targeted samples are usually used by businesses or companies carrying out surveys on a particular group of people.",Alaska Water Laboratories LLC,NA,STORET-1039508287,AKDECWQ-BB Pathogens-Snag Point-05/24/2023-Fecal Coliform,AKDECWQ,Alaska Dept of Environmental Conservation - Water Quality,Dillingham Pathogen Monitoring,Monitoring of pathogens (Fecal Coliform and Enterococci) at Dillingham area beaches.,Dillingham Pathogen Monitoring,https://www.waterqualitydata.us/data/providers/STORET/organizations/AKDECWQ/projects/Dillingham%20Pathogen%20Monitoring/files,Y,Alaska Department of Environmental Conservation,US,02,070,Snag Point Beach,SNAG POINT BEACH,Estuary,ESTUARY,Beach approximately 300 ft East of the Dillingham dock.,59.03786152,59.03786152,-158.4606696,-158.4606696,NAD83,19030303,AKDECWQ-Snag Point,AKDECWQ-SNAG POINT,NA,NA,NA,NA,NA,NA,NA,NA,NA,NA,NA,NA,NA,"Alaska Water Laboratory, LLC",NA,59.037867,-158.462183,NA,NA,NA,NA,NA,NA,2023-05-24,https://www.waterqualitydata.us/data/providers/STORET/organizations/AKDECWQ/activities/AKDECWQ-BB%20Pathogens-Snag%20Point-05%2F24%2F2023-Fecal%20Coliform/results/1039508287/resdetectqntlmts,NA,8,NA,NA,NA,NA,GPS-Unspecified,NA,NA,NA,NA,NA,NA,NA,NA,NA,NA,NA,NA,STORET,2024-08-16T19:28:33
Sample-Routine,Water,WATER,Surface Water,Total,TOTAL,Fecal Coliform,FECAL COLIFORM,NA,NA,NA,NA,FECAL COLIFORM_TOTAL_NA_CFU/100ML,2023-07-24,11:37:00,AKDT,2023-07-24 19:37:00,300,cfu/100mL,300,CFU/100ML,Convert,Actual,Numeric,NA,Method Detection Level,100,cfu/100mL,100,CFU/100ML,Numeric,NA,NA,NA - Not Available,NA,NA,NA,NA,0.5,0.5,Numeric,m,m,NA,NA,NA - Not Available,NA,NA,NA,NA,NA - Not Available,NA,NA,NA,NA,NA,9222 D ~ Membrane filtration test for fecal coliforms,https://www.nemi.gov/methods/method_summary/5587/,9222D,APHA,NA,WQSAR 001,AKDECWQ,Bacteria,Water sample collected from 1 ft depth. Bottles kept cool and delivered to lab within 6 hours (8 hour total hold time).,Water Bottle,J,Final,High sediment masking (HSM) on 1 mL and 10 mL,NA,NA,NA,NA,NA,NA,NA,NA,"Targeted - A targeted sample is where a ""sample"" of the subject matter, be that people, plants/animals etc is selected using certain criteria, i.e. pregnant mothers between the ages of 25-30. Targeted samples are usually used by businesses or companies carrying out surveys on a particular group of people.",Alaska Water Laboratories LLC,NA,STORET-1039508322,AKDECWQ-BB Pathogens-Scandinavian-07/24/2023-Fecal Coliform,AKDECWQ,Alaska Dept of Environmental Conservation - Water Quality,Dillingham Pathogen Monitoring,Monitoring of pathogens (Fecal Coliform and Enterococci) at Dillingham area beaches.,Dillingham Pathogen Monitoring,https://www.waterqualitydata.us/data/providers/STORET/organizations/AKDECWQ/projects/Dillingham%20Pathogen%20Monitoring/files,Y,Alaska Department of Environmental Conservation,US,02,070,Scandinavian Beach,SCANDINAVIAN BEACH,Estuary,ESTUARY,Beach approximately 500 FT East of the Dillingham Harbor entrance.,59.03743292,59.03743292,-158.4747797,-158.4747797,NAD83,19030303,AKDECWQ-Scandinavian,AKDECWQ-SCANDINAVIAN,NA,NA,NA,NA,NA,NA,NA,NA,NA,NA,NA,NA,NA,"Alaska Water Laboratory, LLC",NA,59.03733,-158.47673,NA,NA,NA,NA,NA,NA,2023-07-24,https://www.waterqualitydata.us/data/providers/STORET/organizations/AKDECWQ/activities/AKDECWQ-BB%20Pathogens-Scandinavian-07%2F24%2F2023-Fecal%20Coliform/results/1039508322/resdetectqntlmts,NA,8,NA,NA,NA,NA,GPS-Unspecified,NA,NA,NA,NA,NA,NA,NA,NA,NA,NA,NA,NA,STORET,2024-08-16T19:28:36
Field Msr/Obs,Air,AIR,Ambient Air,NA,NA,"Temperature, air","TEMPERATURE, AIR",NA,NA,NA,NA,"TEMPERATURE, AIR_NA_NA_DEG C",2023-08-07,12:05:00,AKDT,2023-08-07 20:05:00,13.35,deg C,13.35,DEG C,Convert,Actual,Numeric,NA,NA,NA,NA,NA,NA,NA - Not Available,NA,NA,NA - Not Available,NA,NA,NA,NA,NA,NA,NA - Not Available,NA,NA,NA,NA,NA - Not Available,NA,NA,NA,NA,NA - Not Available,NA,NA,NA,NA,NA,Temperature,https://www.nemi.gov/methods/method_summary/5216/,170.1,USEPA,NA,WQSAR 006,AKDECWQ,Air Temperature,Temperature taken at site with a handheld digital thermometer (HANNA or YSI).,Probe/Sensor,NA,Final,NA,NA,NA,NA,NA,NA,NA,NA,NA,"Targeted - A targeted sample is where a ""sample"" of the subject matter, be that people, plants/animals etc is selected using certain criteria, i.e. pregnant mothers between the ages of 25-30. Targeted samples are usually used by businesses or companies carrying out surveys on a particular group of people.",NA,NA,STORET-1039508332,"AKDECWQ-BB Pathogens-Snag Point-08/07/2023-Temperature, air",AKDECWQ,Alaska Dept of Environmental Conservation - Water Quality,Dillingham Pathogen Monitoring,Monitoring of pathogens (Fecal Coliform and Enterococci) at Dillingham area beaches.,Dillingham Pathogen Monitoring,https://www.waterqualitydata.us/data/providers/STORET/organizations/AKDECWQ/projects/Dillingham%20Pathogen%20Monitoring/files,Y,Alaska Department of Environmental Conservation,US,02,070,Snag Point Beach,SNAG POINT BEACH,Estuary,ESTUARY,Beach approximately 300 ft East of the Dillingham dock.,59.03786152,59.03786152,-158.4606696,-158.4606696,NAD83,19030303,AKDECWQ-Snag Point,AKDECWQ-SNAG POINT,NA,NA,NA,NA,NA,NA,NA,NA,NA,NA,NA,NA,NA,"Alaska Water Laboratory, LLC",NA,59.037867,-158.462183,NA,NA,NA,NA,NA,NA,NA,NA,NA,8,NA,NA,NA,NA,GPS-Unspecified,NA,NA,NA,NA,NA,NA,NA,NA,NA,NA,NA,NA,STORET,2024-08-16T19:28:38
Field Msr/Obs,Air,AIR,Ambient Air,NA,NA,"Temperature, air","TEMPERATURE, AIR",NA,NA,NA,NA,"TEMPERATURE, AIR_NA_NA_DEG C",2023-07-05,11:00:00,AKDT,2023-07-05 19:00:00,11.25,deg C,11.25,DEG C,Convert,Actual,Numeric,NA,NA,NA,NA,NA,NA,NA - Not Available,NA,NA,NA - Not Available,NA,NA,NA,NA,NA,NA,NA - Not Available,NA,NA,NA,NA,NA - Not Available,NA,NA,NA,NA,NA - Not Available,NA,NA,NA,NA,NA,Temperature,https://www.nemi.gov/methods/method_summary/5216/,170.1,USEPA,NA,WQSAR 006,AKDECWQ,Air Temperature,Temperature taken at site with a handheld digital thermometer (HANNA or YSI).,Probe/Sensor,NA,Final,NA,NA,NA,NA,NA,NA,NA,NA,NA,"Targeted - A targeted sample is where a ""sample"" of the subject matter, be that people, plants/animals etc is selected using certain criteria, i.e. pregnant mothers between the ages of 25-30. Targeted samples are usually used by businesses or companies carrying out surveys on a particular group of people.",NA,NA,STORET-1039508333,"AKDECWQ-BB Pathogens-Scandinavian-07/05/2023-Temperature, air",AKDECWQ,Alaska Dept of Environmental Conservation - Water Quality,Dillingham Pathogen Monitoring,Monitoring of pathogens (Fecal Coliform and Enterococci) at Dillingham area beaches.,Dillingham Pathogen Monitoring,https://www.waterqualitydata.us/data/providers/STORET/organizations/AKDECWQ/projects/Dillingham%20Pathogen%20Monitoring/files,Y,Alaska Department of Environmental Conservation,US,02,070,Scandinavian Beach,SCANDINAVIAN BEACH,Estuary,ESTUARY,Beach approximately 500 FT East of the Dillingham Harbor entrance.,59.03743292,59.03743292,-158.4747797,-158.4747797,NAD83,19030303,AKDECWQ-Scandinavian,AKDECWQ-SCANDINAVIAN,NA,NA,NA,NA,NA,NA,NA,NA,NA,NA,NA,NA,NA,"Alaska Water Laboratory, LLC",NA,59.03733,-158.47673,NA,NA,NA,NA,NA,NA,NA,NA,NA,8,NA,NA,NA,NA,GPS-Unspecified,NA,NA,NA,NA,NA,NA,NA,NA,NA,NA,NA,NA,STORET,2024-08-16T19:28:38
Field Msr/Obs,Water,WATER,Surface Water,NA,NA,"Temperature, water","TEMPERATURE, WATER",NA,NA,NA,NA,"TEMPERATURE, WATER_NA_NA_DEG C",2023-07-05,11:30:00,AKDT,2023-07-05 19:30:00,10,deg C,10,DEG C,Convert,Actual,Numeric,NA,NA,NA,NA,NA,NA,NA - Not Available,NA,NA,NA - Not Available,NA,NA,NA,NA,0.1,0.1,Numeric,m,m,NA,NA,NA - Not Available,NA,NA,NA,NA,NA - Not Available,NA,NA,NA,NA,NA,Temperature,https://www.nemi.gov/methods/method_summary/5216/,170.1,USEPA,NA,WQSAR 016,AKDECWQ,Water Temperature,"Water temperature collected at site using a certified handheld thermometer (e.g., NIST Traceable).",Probe/Sensor,NA,Final,NA,NA,NA,NA,NA,NA,NA,NA,NA,"Targeted - A targeted sample is where a ""sample"" of the subject matter, be that people, plants/animals etc is selected using certain criteria, i.e. pregnant mothers between the ages of 25-30. Targeted samples are usually used by businesses or companies carrying out surveys on a particular group of people.",NA,NA,STORET-1039508547,"AKDECWQ-BB Pathogens-Kanakanak-07/05/2023-Temperature, water",AKDECWQ,Alaska Dept of Environmental Conservation - Water Quality,Dillingham Pathogen Monitoring,Monitoring of pathogens (Fecal Coliform and Enterococci) at Dillingham area beaches.,Dillingham Pathogen Monitoring,https://www.waterqualitydata.us/data/providers/STORET/organizations/AKDECWQ/projects/Dillingham%20Pathogen%20Monitoring/files,Y,Alaska Department of Environmental Conservation,US,02,070,Kanakanak Beach,KANAKANAK BEACH,Estuary,ESTUARY,Beach near Kanakanak Hospital. Approximately 5 miles south of Dillingham.,59.0028897,59.0028897,-158.5329718,-158.5329718,NAD83,19030303,AKDECWQ-Kanakanak,AKDECWQ-KANAKANAK,NA,NA,NA,NA,NA,NA,NA,NA,NA,NA,NA,NA,NA,"Alaska Water Laboratory, LLC",NA,59.00345,-158.5346,NA,NA,NA,NA,NA,NA,NA,NA,NA,8,NA,NA,NA,NA,GPS-Unspecified,NA,NA,NA,NA,NA,NA,NA,NA,NA,NA,NA,NA,STORET,2024-08-16T19:28:57
Field Msr/Obs,Air,AIR,Ambient Air,NA,NA,"Temperature, air","TEMPERATURE, AIR",NA,NA,NA,NA,"TEMPERATURE, AIR_NA_NA_DEG C",2023-07-19,12:27:00,AKDT,2023-07-19 20:27:00,20.65,deg C,20.65,DEG C,Convert,Actual,Numeric,NA,NA,NA,NA,NA,NA,NA - Not Available,NA,NA,NA - Not Available,NA,NA,NA,NA,NA,NA,NA - Not Available,NA,NA,NA,NA,NA - Not Available,NA,NA,NA,NA,NA - Not Available,NA,NA,NA,NA,NA,Temperature,https://www.nemi.gov/methods/method_summary/5216/,170.1,USEPA,NA,WQSAR 006,AKDECWQ,Air Temperature,Temperature taken at site with a handheld digital thermometer (HANNA or YSI).,Probe/Sensor,NA,Final,NA,NA,NA,NA,NA,NA,NA,NA,NA,"Targeted - A targeted sample is where a ""sample"" of the subject matter, be that people, plants/animals etc is selected using certain criteria, i.e. pregnant mothers between the ages of 25-30. Targeted samples are usually used by businesses or companies carrying out surveys on a particular group of people.",NA,NA,STORET-1039508597,"AKDECWQ-BB Pathogens-Snag Point-07/19/2023-Temperature, air",AKDECWQ,Alaska Dept of Environmental Conservation - Water Quality,Dillingham Pathogen Monitoring,Monitoring of pathogens (Fecal Coliform and Enterococci) at Dillingham area beaches.,Dillingham Pathogen Monitoring,https://www.waterqualitydata.us/data/providers/STORET/organizations/AKDECWQ/projects/Dillingham%20Pathogen%20Monitoring/files,Y,Alaska Department of Environmental Conservation,US,02,070,Snag Point Beach,SNAG POINT BEACH,Estuary,ESTUARY,Beach approximately 300 ft East of the Dillingham dock.,59.03786152,59.03786152,-158.4606696,-158.4606696,NAD83,19030303,AKDECWQ-Snag Point,AKDECWQ-SNAG POINT,NA,NA,NA,NA,NA,NA,NA,NA,NA,NA,NA,NA,NA,"Alaska Water Laboratory, LLC",NA,59.037867,-158.462183,NA,NA,NA,NA,NA,NA,NA,NA,NA,8,NA,NA,NA,NA,GPS-Unspecified,NA,NA,NA,NA,NA,NA,NA,NA,NA,NA,NA,NA,STORET,2024-08-16T19:29:02
Field Msr/Obs,Air,AIR,Ambient Air,NA,NA,"Temperature, air","TEMPERATURE, AIR",NA,NA,NA,NA,"TEMPERATURE, AIR_NA_NA_DEG C",2023-08-07,11:34:00,AKDT,2023-08-07 19:34:00,13.25,deg C,13.25,DEG C,Convert,Actual,Numeric,NA,NA,NA,NA,NA,NA,NA - Not Available,NA,NA,NA - Not Available,NA,NA,NA,NA,NA,NA,NA - Not Available,NA,NA,NA,NA,NA - Not Available,NA,NA,NA,NA,NA - Not Available,NA,NA,NA,NA,NA,Temperature,https://www.nemi.gov/methods/method_summary/5216/,170.1,USEPA,NA,WQSAR 006,AKDECWQ,Air Temperature,Temperature taken at site with a handheld digital thermometer (HANNA or YSI).,Probe/Sensor,NA,Final,NA,NA,NA,NA,NA,NA,NA,NA,NA,"Targeted - A targeted sample is where a ""sample"" of the subject matter, be that people, plants/animals etc is selected using certain criteria, i.e. pregnant mothers between the ages of 25-30. Targeted samples are usually used by businesses or companies carrying out surveys on a particular group of people.",NA,NA,STORET-1039508616,"AKDECWQ-BB Pathogens-Kanakanak-08/07/2023-Temperature, air",AKDECWQ,Alaska Dept of Environmental Conservation - Water Quality,Dillingham Pathogen Monitoring,Monitoring of pathogens (Fecal Coliform and Enterococci) at Dillingham area beaches.,Dillingham Pathogen Monitoring,https://www.waterqualitydata.us/data/providers/STORET/organizations/AKDECWQ/projects/Dillingham%20Pathogen%20Monitoring/files,Y,Alaska Department of Environmental Conservation,US,02,070,Kanakanak Beach,KANAKANAK BEACH,Estuary,ESTUARY,Beach near Kanakanak Hospital. Approximately 5 miles south of Dillingham.,59.0028897,59.0028897,-158.5329718,-158.5329718,NAD83,19030303,AKDECWQ-Kanakanak,AKDECWQ-KANAKANAK,NA,NA,NA,NA,NA,NA,NA,NA,NA,NA,NA,NA,NA,"Alaska Water Laboratory, LLC",NA,59.00345,-158.5346,NA,NA,NA,NA,NA,NA,NA,NA,NA,8,NA,NA,NA,NA,GPS-Unspecified,NA,NA,NA,NA,NA,NA,NA,NA,NA,NA,NA,NA,STORET,2024-08-16T19:29:04
Sample-Routine,Water,WATER,Surface Water,Total,TOTAL,Enterococcus,ENTEROCOCCUS,NA,NA,NA,NA,ENTEROCOCCUS_TOTAL_NA_MPN/100ML,2023-08-07,11:34:00,AKDT,2023-08-07 19:34:00,19.9,MPN/100mL,19.9,MPN/100ML,Convert,Actual,Numeric,NA,Method Detection Level,1,MPN/100mL,1,MPN/100ML,Numeric,NA,NA,NA - Not Available,NA,NA,NA,NA,0.5,0.5,Numeric,m,m,NA,NA,NA - Not Available,NA,NA,NA,NA,NA - Not Available,NA,NA,NA,NA,NA,Standard Test Method for Enterococci in Water Using Enterolert,NA,D6503-99,ASTM,NA,WQSAR 001,AKDECWQ,Bacteria,Water sample collected from 1 ft depth. Bottles kept cool and delivered to lab within 6 hours (8 hour total hold time).,Water Bottle,NA,Final,NA,NA,NA,NA,NA,NA,NA,NA,NA,"Targeted - A targeted sample is where a ""sample"" of the subject matter, be that people, plants/animals etc is selected using certain criteria, i.e. pregnant mothers between the ages of 25-30. Targeted samples are usually used by businesses or companies carrying out surveys on a particular group of people.",Alaska Water Laboratories LLC,NA,STORET-1039508635,AKDECWQ-BB Pathogens-Kanakanak-08/07/2023-Enterococci,AKDECWQ,Alaska Dept of Environmental Conservation - Water Quality,Dillingham Pathogen Monitoring,Monitoring of pathogens (Fecal Coliform and Enterococci) at Dillingham area beaches.,Dillingham Pathogen Monitoring,https://www.waterqualitydata.us/data/providers/STORET/organizations/AKDECWQ/projects/Dillingham%20Pathogen%20Monitoring/files,Y,Alaska Department of Environmental Conservation,US,02,070,Kanakanak Beach,KANAKANAK BEACH,Estuary,ESTUARY,Beach near Kanakanak Hospital. Approximately 5 miles south of Dillingham.,59.0028897,59.0028897,-158.5329718,-158.5329718,NAD83,19030303,AKDECWQ-Kanakanak,AKDECWQ-KANAKANAK,NA,NA,NA,NA,NA,NA,NA,NA,NA,NA,NA,NA,NA,"Alaska Water Laboratory, LLC",NA,59.00345,-158.5346,NA,NA,NA,NA,NA,NA,2023-08-07,https://www.waterqualitydata.us/data/providers/STORET/organizations/AKDECWQ/activities/AKDECWQ-BB%20Pathogens-Kanakanak-08%2F07%2F2023-Enterococci/results/1039508635/resdetectqntlmts,NA,8,NA,NA,NA,NA,GPS-Unspecified,NA,NA,NA,NA,NA,NA,NA,NA,NA,NA,NA,NA,STORET,2024-08-16T19:29:06
Field Msr/Obs,Air,AIR,Ambient Air,NA,NA,"Temperature, air","TEMPERATURE, AIR",NA,NA,NA,NA,"TEMPERATURE, AIR_NA_NA_DEG C",2023-07-13,12:00:00,AKDT,2023-07-13 20:00:00,17.65,deg C,17.65,DEG C,Convert,Actual,Numeric,NA,NA,NA,NA,NA,NA,NA - Not Available,NA,NA,NA - Not Available,NA,NA,NA,NA,NA,NA,NA - Not Available,NA,NA,NA,NA,NA - Not Available,NA,NA,NA,NA,NA - Not Available,NA,NA,NA,NA,NA,Temperature,https://www.nemi.gov/methods/method_summary/5216/,170.1,USEPA,NA,WQSAR 006,AKDECWQ,Air Temperature,Temperature taken at site with a handheld digital thermometer (HANNA or YSI).,Probe/Sensor,NA,Final,NA,NA,NA,NA,NA,NA,NA,NA,NA,"Targeted - A targeted sample is where a ""sample"" of the subject matter, be that people, plants/animals etc is selected using certain criteria, i.e. pregnant mothers between the ages of 25-30. Targeted samples are usually used by businesses or companies carrying out surveys on a particular group of people.",NA,NA,STORET-1039508636,"AKDECWQ-BB Pathogens-Kanakanak-07/13/2023-Temperature, air",AKDECWQ,Alaska Dept of Environmental Conservation - Water Quality,Dillingham Pathogen Monitoring,Monitoring of pathogens (Fecal Coliform and Enterococci) at Dillingham area beaches.,Dillingham Pathogen Monitoring,https://www.waterqualitydata.us/data/providers/STORET/organizations/AKDECWQ/projects/Dillingham%20Pathogen%20Monitoring/files,Y,Alaska Department of Environmental Conservation,US,02,070,Kanakanak Beach,KANAKANAK BEACH,Estuary,ESTUARY,Beach near Kanakanak Hospital. Approximately 5 miles south of Dillingham.,59.0028897,59.0028897,-158.5329718,-158.5329718,NAD83,19030303,AKDECWQ-Kanakanak,AKDECWQ-KANAKANAK,NA,NA,NA,NA,NA,NA,NA,NA,NA,NA,NA,NA,NA,"Alaska Water Laboratory, LLC",NA,59.00345,-158.5346,NA,NA,NA,NA,NA,NA,NA,NA,NA,8,NA,NA,NA,NA,GPS-Unspecified,NA,NA,NA,NA,NA,NA,NA,NA,NA,NA,NA,NA,STORET,2024-08-16T19:29:06
Sample-Routine,Water,WATER,Surface Water,Total,TOTAL,Fecal Coliform,FECAL COLIFORM,NA,NA,NA,NA,FECAL COLIFORM_TOTAL_NA_CFU/100ML,2023-07-13,11:30:00,AKDT,2023-07-13 19:30:00,10,cfu/100mL,10,CFU/100ML,Convert,Actual,Numeric,NA,Method Detection Level,100,cfu/100mL,100,CFU/100ML,Numeric,NA,NA,NA - Not Available,NA,NA,NA,NA,0.5,0.5,Numeric,m,m,NA,NA,NA - Not Available,NA,NA,NA,NA,NA - Not Available,NA,NA,NA,NA,NA,9222 D ~ Membrane filtration test for fecal coliforms,https://www.nemi.gov/methods/method_summary/5587/,9222D,APHA,NA,WQSAR 001,AKDECWQ,Bacteria,Water sample collected from 1 ft depth. Bottles kept cool and delivered to lab within 6 hours (8 hour total hold time).,Water Bottle,NA,Final,NA,NA,NA,NA,NA,NA,NA,NA,NA,"Targeted - A targeted sample is where a ""sample"" of the subject matter, be that people, plants/animals etc is selected using certain criteria, i.e. pregnant mothers between the ages of 25-30. Targeted samples are usually used by businesses or companies carrying out surveys on a particular group of people.",Alaska Water Laboratories LLC,NA,STORET-1039508638,AKDECWQ-BB Pathogens-Scandinavian-07/13/2023-Fecal Coliform,AKDECWQ,Alaska Dept of Environmental Conservation - Water Quality,Dillingham Pathogen Monitoring,Monitoring of pathogens (Fecal Coliform and Enterococci) at Dillingham area beaches.,Dillingham Pathogen Monitoring,https://www.waterqualitydata.us/data/providers/STORET/organizations/AKDECWQ/projects/Dillingham%20Pathogen%20Monitoring/files,Y,Alaska Department of Environmental Conservation,US,02,070,Scandinavian Beach,SCANDINAVIAN BEACH,Estuary,ESTUARY,Beach approximately 500 FT East of the Dillingham Harbor entrance.,59.03743292,59.03743292,-158.4747797,-158.4747797,NAD83,19030303,AKDECWQ-Scandinavian,AKDECWQ-SCANDINAVIAN,NA,NA,NA,NA,NA,NA,NA,NA,NA,NA,NA,NA,NA,"Alaska Water Laboratory, LLC",NA,59.03733,-158.47673,NA,NA,NA,NA,NA,NA,2023-07-13,https://www.waterqualitydata.us/data/providers/STORET/organizations/AKDECWQ/activities/AKDECWQ-BB%20Pathogens-Scandinavian-07%2F13%2F2023-Fecal%20Coliform/results/1039508638/resdetectqntlmts,NA,8,NA,NA,NA,NA,GPS-Unspecified,NA,NA,NA,NA,NA,NA,NA,NA,NA,NA,NA,NA,STORET,2024-08-16T19:29:06
Sample-Routine,Water,WATER,Surface Water,Total,TOTAL,Fecal Coliform,FECAL COLIFORM,NA,NA,NA,NA,FECAL COLIFORM_TOTAL_NA_CFU/100ML,2023-06-26,11:45:00,AKDT,2023-06-26 19:45:00,30,cfu/100mL,30,CFU/100ML,Convert,Actual,Numeric,NA,Method Detection Level,10,cfu/100mL,10,CFU/100ML,Numeric,NA,NA,NA - Not Available,NA,NA,NA,NA,0.5,0.5,Numeric,m,m,NA,NA,NA - Not Available,NA,NA,NA,NA,NA - Not Available,NA,NA,NA,NA,NA,9222 D ~ Membrane filtration test for fecal coliforms,https://www.nemi.gov/methods/method_summary/5587/,9222D,APHA,NA,WQSAR 001,AKDECWQ,Bacteria,Water sample collected from 1 ft depth. Bottles kept cool and delivered to lab within 6 hours (8 hour total hold time).,Water Bottle,NA,Final,NA,NA,NA,NA,NA,NA,NA,NA,NA,"Targeted - A targeted sample is where a ""sample"" of the subject matter, be that people, plants/animals etc is selected using certain criteria, i.e. pregnant mothers between the ages of 25-30. Targeted samples are usually used by businesses or companies carrying out surveys on a particular group of people.",Alaska Water Laboratories LLC,NA,STORET-1039508667,AKDECWQ-BB Pathogens-Scandinavian-06/26/2023-Fecal Coliform,AKDECWQ,Alaska Dept of Environmental Conservation - Water Quality,Dillingham Pathogen Monitoring,Monitoring of pathogens (Fecal Coliform and Enterococci) at Dillingham area beaches.,Dillingham Pathogen Monitoring,https://www.waterqualitydata.us/data/providers/STORET/organizations/AKDECWQ/projects/Dillingham%20Pathogen%20Monitoring/files,Y,Alaska Department of Environmental Conservation,US,02,070,Scandinavian Beach,SCANDINAVIAN BEACH,Estuary,ESTUARY,Beach approximately 500 FT East of the Dillingham Harbor entrance.,59.03743292,59.03743292,-158.4747797,-158.4747797,NAD83,19030303,AKDECWQ-Scandinavian,AKDECWQ-SCANDINAVIAN,NA,NA,NA,NA,NA,NA,NA,NA,NA,NA,NA,NA,NA,"Alaska Water Laboratory, LLC",NA,59.03733,-158.47673,NA,NA,NA,NA,NA,NA,2023-06-26,https://www.waterqualitydata.us/data/providers/STORET/organizations/AKDECWQ/activities/AKDECWQ-BB%20Pathogens-Scandinavian-06%2F26%2F2023-Fecal%20Coliform/results/1039508667/resdetectqntlmts,NA,8,NA,NA,NA,NA,GPS-Unspecified,NA,NA,NA,NA,NA,NA,NA,NA,NA,NA,NA,NA,STORET,2024-08-16T19:29:10
Quality Control Sample-Field Replicate,Water,WATER,Surface Water,Total,TOTAL,Enterococcus,ENTEROCOCCUS,NA,NA,NA,NA,ENTEROCOCCUS_TOTAL_NA_MPN/100ML,2023-06-26,10:50:00,AKDT,2023-06-26 18:50:00,NA,MPN/100mL,NA,MPN/100ML,No Result Value,Actual,NA - Not Available,Not Detected,Method Detection Level,1,MPN/100mL,1,MPN/100ML,Numeric,NA,NA,NA - Not Available,NA,NA,NA,NA,0.5,0.5,Numeric,m,m,NA,NA,NA - Not Available,NA,NA,NA,NA,NA - Not Available,NA,NA,NA,NA,NA,Standard Test Method for Enterococci in Water Using Enterolert,NA,D6503-99,ASTM,NA,WQSAR 001,AKDECWQ,Bacteria,Water sample collected from 1 ft depth. Bottles kept cool and delivered to lab within 6 hours (8 hour total hold time).,Water Bottle,U,Final,NA,NA,NA,NA,NA,NA,NA,NA,NA,"Targeted - A targeted sample is where a ""sample"" of the subject matter, be that people, plants/animals etc is selected using certain criteria, i.e. pregnant mothers between the ages of 25-30. Targeted samples are usually used by businesses or companies carrying out surveys on a particular group of people.",Alaska Water Laboratories LLC,NA,STORET-1039508751,AKDECWQ-BB Pathogens-Snag Point-06/26/2023-Enterococci DUP,AKDECWQ,Alaska Dept of Environmental Conservation - Water Quality,Dillingham Pathogen Monitoring,Monitoring of pathogens (Fecal Coliform and Enterococci) at Dillingham area beaches.,Dillingham Pathogen Monitoring,https://www.waterqualitydata.us/data/providers/STORET/organizations/AKDECWQ/projects/Dillingham%20Pathogen%20Monitoring/files,Y,Alaska Department of Environmental Conservation,US,02,070,Snag Point Beach,SNAG POINT BEACH,Estuary,ESTUARY,Beach approximately 300 ft East of the Dillingham dock.,59.03786152,59.03786152,-158.4606696,-158.4606696,NAD83,19030303,AKDECWQ-Snag Point,AKDECWQ-SNAG POINT,NA,NA,NA,NA,NA,NA,NA,NA,NA,NA,NA,NA,NA,"Alaska Water Laboratory, LLC",NA,59.037867,-158.462183,NA,NA,NA,NA,NA,NA,2023-06-26,https://www.waterqualitydata.us/data/providers/STORET/organizations/AKDECWQ/activities/AKDECWQ-BB%20Pathogens-Snag%20Point-06%2F26%2F2023-Enterococci%20DUP/results/1039508751/resdetectqntlmts,NA,8,NA,NA,NA,NA,GPS-Unspecified,NA,NA,NA,NA,NA,NA,NA,NA,NA,NA,NA,NA,STORET,2024-08-16T19:29:14
Quality Control Sample-Field Replicate,Water,WATER,Surface Water,Total,TOTAL,Fecal Coliform,FECAL COLIFORM,NA,NA,NA,NA,FECAL COLIFORM_TOTAL_NA_CFU/100ML,2023-07-24,11:37:00,AKDT,2023-07-24 19:37:00,300,cfu/100mL,300,CFU/100ML,Convert,Actual,Numeric,NA,Method Detection Level,100,cfu/100mL,100,CFU/100ML,Numeric,NA,NA,NA - Not Available,NA,NA,NA,NA,0.5,0.5,Numeric,m,m,NA,NA,NA - Not Available,NA,NA,NA,NA,NA - Not Available,NA,NA,NA,NA,NA,9222 D ~ Membrane filtration test for fecal coliforms,https://www.nemi.gov/methods/method_summary/5587/,9222D,APHA,NA,WQSAR 001,AKDECWQ,Bacteria,Water sample collected from 1 ft depth. Bottles kept cool and delivered to lab within 6 hours (8 hour total hold time).,Water Bottle,J,Final,"High sediment masking (HSM) on 1 mL and 10 mL plate, 10 mL plate has competing bacteria",NA,NA,NA,NA,NA,NA,NA,NA,"Targeted - A targeted sample is where a ""sample"" of the subject matter, be that people, plants/animals etc is selected using certain criteria, i.e. pregnant mothers between the ages of 25-30. Targeted samples are usually used by businesses or companies carrying out surveys on a particular group of people.",Alaska Water Laboratories LLC,NA,STORET-1039508754,AKDECWQ-BB Pathogens-Scandinavian-07/24/2023-Fecal Coliform-DUP,AKDECWQ,Alaska Dept of Environmental Conservation - Water Quality,Dillingham Pathogen Monitoring,Monitoring of pathogens (Fecal Coliform and Enterococci) at Dillingham area beaches.,Dillingham Pathogen Monitoring,https://www.waterqualitydata.us/data/providers/STORET/organizations/AKDECWQ/projects/Dillingham%20Pathogen%20Monitoring/files,Y,Alaska Department of Environmental Conservation,US,02,070,Scandinavian Beach,SCANDINAVIAN BEACH,Estuary,ESTUARY,Beach approximately 500 FT East of the Dillingham Harbor entrance.,59.03743292,59.03743292,-158.4747797,-158.4747797,NAD83,19030303,AKDECWQ-Scandinavian,AKDECWQ-SCANDINAVIAN,NA,NA,NA,NA,NA,NA,NA,NA,NA,NA,NA,NA,NA,"Alaska Water Laboratory, LLC",NA,59.03733,-158.47673,NA,NA,NA,NA,NA,NA,2023-07-24,https://www.waterqualitydata.us/data/providers/STORET/organizations/AKDECWQ/activities/AKDECWQ-BB%20Pathogens-Scandinavian-07%2F24%2F2023-Fecal%20Coliform-DUP/results/1039508754/resdetectqntlmts,NA,8,NA,NA,NA,NA,GPS-Unspecified,NA,NA,NA,NA,NA,NA,NA,NA,NA,NA,NA,NA,STORET,2024-08-16T19:29:14
Quality Control Sample-Field Replicate,Water,WATER,Surface Water,Total,TOTAL,Fecal Coliform,FECAL COLIFORM,NA,NA,NA,NA,FECAL COLIFORM_TOTAL_NA_CFU/100ML,2023-06-26,10:50:00,AKDT,2023-06-26 18:50:00,40,cfu/100mL,40,CFU/100ML,Convert,Actual,Numeric,NA,Method Detection Level,10,cfu/100mL,10,CFU/100ML,Numeric,NA,NA,NA - Not Available,NA,NA,NA,NA,0.5,0.5,Numeric,m,m,NA,NA,NA - Not Available,NA,NA,NA,NA,NA - Not Available,NA,NA,NA,NA,NA,9222 D ~ Membrane filtration test for fecal coliforms,https://www.nemi.gov/methods/method_summary/5587/,9222D,APHA,NA,WQSAR 001,AKDECWQ,Bacteria,Water sample collected from 1 ft depth. Bottles kept cool and delivered to lab within 6 hours (8 hour total hold time).,Water Bottle,NA,Final,NA,NA,NA,NA,NA,NA,NA,NA,NA,"Targeted - A targeted sample is where a ""sample"" of the subject matter, be that people, plants/animals etc is selected using certain criteria, i.e. pregnant mothers between the ages of 25-30. Targeted samples are usually used by businesses or companies carrying out surveys on a particular group of people.",Alaska Water Laboratories LLC,NA,STORET-1039508763,AKDECWQ-BB Pathogens-Snag Point-06/26/2023-Fecal Coliform DUP,AKDECWQ,Alaska Dept of Environmental Conservation - Water Quality,Dillingham Pathogen Monitoring,Monitoring of pathogens (Fecal Coliform and Enterococci) at Dillingham area beaches.,Dillingham Pathogen Monitoring,https://www.waterqualitydata.us/data/providers/STORET/organizations/AKDECWQ/projects/Dillingham%20Pathogen%20Monitoring/files,Y,Alaska Department of Environmental Conservation,US,02,070,Snag Point Beach,SNAG POINT BEACH,Estuary,ESTUARY,Beach approximately 300 ft East of the Dillingham dock.,59.03786152,59.03786152,-158.4606696,-158.4606696,NAD83,19030303,AKDECWQ-Snag Point,AKDECWQ-SNAG POINT,NA,NA,NA,NA,NA,NA,NA,NA,NA,NA,NA,NA,NA,"Alaska Water Laboratory, LLC",NA,59.037867,-158.462183,NA,NA,NA,NA,NA,NA,2023-06-26,https://www.waterqualitydata.us/data/providers/STORET/organizations/AKDECWQ/activities/AKDECWQ-BB%20Pathogens-Snag%20Point-06%2F26%2F2023-Fecal%20Coliform%20DUP/results/1039508763/resdetectqntlmts,NA,8,NA,NA,NA,NA,GPS-Unspecified,NA,NA,NA,NA,NA,NA,NA,NA,NA,NA,NA,NA,STORET,2024-08-16T19:29:15
Sample-Routine,Water,WATER,Surface Water,Total,TOTAL,Fecal Coliform,FECAL COLIFORM,NA,NA,NA,NA,FECAL COLIFORM_TOTAL_NA_CFU/100ML,2023-08-07,11:10:00,AKDT,2023-08-07 19:10:00,30,cfu/100mL,30,CFU/100ML,Convert,Actual,Numeric,NA,Method Detection Level,10,cfu/100mL,10,CFU/100ML,Numeric,NA,NA,NA - Not Available,NA,NA,NA,NA,0.5,0.5,Numeric,m,m,NA,NA,NA - Not Available,NA,NA,NA,NA,NA - Not Available,NA,NA,NA,NA,NA,9222 D ~ Membrane filtration test for fecal coliforms,https://www.nemi.gov/methods/method_summary/5587/,9222D,APHA,NA,WQSAR 001,AKDECWQ,Bacteria,Water sample collected from 1 ft depth. Bottles kept cool and delivered to lab within 6 hours (8 hour total hold time).,Water Bottle,J,Final,High sediment masking (HSM) on 10mL plate,NA,NA,NA,NA,NA,NA,NA,NA,"Targeted - A targeted sample is where a ""sample"" of the subject matter, be that people, plants/animals etc is selected using certain criteria, i.e. pregnant mothers between the ages of 25-30. Targeted samples are usually used by businesses or companies carrying out surveys on a particular group of people.",Alaska Water Laboratories LLC,NA,STORET-1039513324,AKDECWQ-BB Pathogens-Scandinavian-08/07/2023-Fecal Coliform,AKDECWQ,Alaska Dept of Environmental Conservation - Water Quality,Dillingham Pathogen Monitoring,Monitoring of pathogens (Fecal Coliform and Enterococci) at Dillingham area beaches.,Dillingham Pathogen Monitoring,https://www.waterqualitydata.us/data/providers/STORET/organizations/AKDECWQ/projects/Dillingham%20Pathogen%20Monitoring/files,Y,Alaska Department of Environmental Conservation,US,02,070,Scandinavian Beach,SCANDINAVIAN BEACH,Estuary,ESTUARY,Beach approximately 500 FT East of the Dillingham Harbor entrance.,59.03743292,59.03743292,-158.4747797,-158.4747797,NAD83,19030303,AKDECWQ-Scandinavian,AKDECWQ-SCANDINAVIAN,NA,NA,NA,NA,NA,NA,NA,NA,NA,NA,NA,NA,NA,"Alaska Water Laboratory, LLC",NA,59.03733,-158.47673,NA,NA,NA,NA,NA,NA,2023-08-07,https://www.waterqualitydata.us/data/providers/STORET/organizations/AKDECWQ/activities/AKDECWQ-BB%20Pathogens-Scandinavian-08%2F07%2F2023-Fecal%20Coliform/results/1039513324/resdetectqntlmts,NA,8,NA,NA,NA,NA,GPS-Unspecified,NA,NA,NA,NA,NA,NA,NA,NA,NA,NA,NA,NA,STORET,2024-08-16T19:30:05
Field Msr/Obs,Water,WATER,Surface Water,NA,NA,"Temperature, water","TEMPERATURE, WATER",NA,NA,NA,NA,"TEMPERATURE, WATER_NA_NA_DEG C",2023-07-19,11:21:00,AKDT,2023-07-19 19:21:00,15,deg C,15,DEG C,Convert,Actual,Numeric,NA,NA,NA,NA,NA,NA,NA - Not Available,NA,NA,NA - Not Available,NA,NA,NA,NA,0.1,0.1,Numeric,m,m,NA,NA,NA - Not Available,NA,NA,NA,NA,NA - Not Available,NA,NA,NA,NA,NA,Temperature,https://www.nemi.gov/methods/method_summary/5216/,170.1,USEPA,NA,WQSAR 016,AKDECWQ,Water Temperature,"Water temperature collected at site using a certified handheld thermometer (e.g., NIST Traceable).",Probe/Sensor,NA,Final,NA,NA,NA,NA,NA,NA,NA,NA,NA,"Targeted - A targeted sample is where a ""sample"" of the subject matter, be that people, plants/animals etc is selected using certain criteria, i.e. pregnant mothers between the ages of 25-30. Targeted samples are usually used by businesses or companies carrying out surveys on a particular group of people.",NA,NA,STORET-1039513328,"AKDECWQ-BB Pathogens-Scandinavian-07/19/2023-Temperature, water",AKDECWQ,Alaska Dept of Environmental Conservation - Water Quality,Dillingham Pathogen Monitoring,Monitoring of pathogens (Fecal Coliform and Enterococci) at Dillingham area beaches.,Dillingham Pathogen Monitoring,https://www.waterqualitydata.us/data/providers/STORET/organizations/AKDECWQ/projects/Dillingham%20Pathogen%20Monitoring/files,Y,Alaska Department of Environmental Conservation,US,02,070,Scandinavian Beach,SCANDINAVIAN BEACH,Estuary,ESTUARY,Beach approximately 500 FT East of the Dillingham Harbor entrance.,59.03743292,59.03743292,-158.4747797,-158.4747797,NAD83,19030303,AKDECWQ-Scandinavian,AKDECWQ-SCANDINAVIAN,NA,NA,NA,NA,NA,NA,NA,NA,NA,NA,NA,NA,NA,"Alaska Water Laboratory, LLC",NA,59.03733,-158.47673,NA,NA,NA,NA,NA,NA,NA,NA,NA,8,NA,NA,NA,NA,GPS-Unspecified,NA,NA,NA,NA,NA,NA,NA,NA,NA,NA,NA,NA,STORET,2024-08-16T19:30:05
Field Msr/Obs,Water,WATER,Surface Water,NA,NA,"Temperature, water","TEMPERATURE, WATER",NA,NA,NA,NA,"TEMPERATURE, WATER_NA_NA_DEG C",2023-07-13,12:00:00,AKDT,2023-07-13 20:00:00,12.2,deg C,12.2,DEG C,Convert,Actual,Numeric,NA,NA,NA,NA,NA,NA,NA - Not Available,NA,NA,NA - Not Available,NA,NA,NA,NA,0.1,0.1,Numeric,m,m,NA,NA,NA - Not Available,NA,NA,NA,NA,NA - Not Available,NA,NA,NA,NA,NA,Temperature,https://www.nemi.gov/methods/method_summary/5216/,170.1,USEPA,NA,WQSAR 016,AKDECWQ,Water Temperature,"Water temperature collected at site using a certified handheld thermometer (e.g., NIST Traceable).",Probe/Sensor,NA,Final,NA,NA,NA,NA,NA,NA,NA,NA,NA,"Targeted - A targeted sample is where a ""sample"" of the subject matter, be that people, plants/animals etc is selected using certain criteria, i.e. pregnant mothers between the ages of 25-30. Targeted samples are usually used by businesses or companies carrying out surveys on a particular group of people.",NA,NA,STORET-1039513344,"AKDECWQ-BB Pathogens-Kanakanak-07/13/2023-Temperature, water",AKDECWQ,Alaska Dept of Environmental Conservation - Water Quality,Dillingham Pathogen Monitoring,Monitoring of pathogens (Fecal Coliform and Enterococci) at Dillingham area beaches.,Dillingham Pathogen Monitoring,https://www.waterqualitydata.us/data/providers/STORET/organizations/AKDECWQ/projects/Dillingham%20Pathogen%20Monitoring/files,Y,Alaska Department of Environmental Conservation,US,02,070,Kanakanak Beach,KANAKANAK BEACH,Estuary,ESTUARY,Beach near Kanakanak Hospital. Approximately 5 miles south of Dillingham.,59.0028897,59.0028897,-158.5329718,-158.5329718,NAD83,19030303,AKDECWQ-Kanakanak,AKDECWQ-KANAKANAK,NA,NA,NA,NA,NA,NA,NA,NA,NA,NA,NA,NA,NA,"Alaska Water Laboratory, LLC",NA,59.00345,-158.5346,NA,NA,NA,NA,NA,NA,NA,NA,NA,8,NA,NA,NA,NA,GPS-Unspecified,NA,NA,NA,NA,NA,NA,NA,NA,NA,NA,NA,NA,STORET,2024-08-16T19:30:07
Sample-Routine,Water,WATER,Surface Water,Total,TOTAL,Fecal Coliform,FECAL COLIFORM,NA,NA,NA,NA,FECAL COLIFORM_TOTAL_NA_CFU/100ML,2023-07-19,11:45:00,AKDT,2023-07-19 19:45:00,170,cfu/100mL,170,CFU/100ML,Convert,Actual,Numeric,NA,Method Detection Level,10,cfu/100mL,10,CFU/100ML,Numeric,NA,NA,NA - Not Available,NA,NA,NA,NA,0.5,0.5,Numeric,m,m,NA,NA,NA - Not Available,NA,NA,NA,NA,NA - Not Available,NA,NA,NA,NA,NA,9222 D ~ Membrane filtration test for fecal coliforms,https://www.nemi.gov/methods/method_summary/5587/,9222D,APHA,NA,WQSAR 001,AKDECWQ,Bacteria,Water sample collected from 1 ft depth. Bottles kept cool and delivered to lab within 6 hours (8 hour total hold time).,Water Bottle,J,Final,10 mL plate had high sediment masking (HSM),NA,NA,NA,NA,NA,NA,NA,NA,"Targeted - A targeted sample is where a ""sample"" of the subject matter, be that people, plants/animals etc is selected using certain criteria, i.e. pregnant mothers between the ages of 25-30. Targeted samples are usually used by businesses or companies carrying out surveys on a particular group of people.",Alaska Water Laboratories LLC,NA,STORET-1039513361,AKDECWQ-BB Pathogens-Kanakanak-07/19/2023-Fecal Coliform,AKDECWQ,Alaska Dept of Environmental Conservation - Water Quality,Dillingham Pathogen Monitoring,Monitoring of pathogens (Fecal Coliform and Enterococci) at Dillingham area beaches.,Dillingham Pathogen Monitoring,https://www.waterqualitydata.us/data/providers/STORET/organizations/AKDECWQ/projects/Dillingham%20Pathogen%20Monitoring/files,Y,Alaska Department of Environmental Conservation,US,02,070,Kanakanak Beach,KANAKANAK BEACH,Estuary,ESTUARY,Beach near Kanakanak Hospital. Approximately 5 miles south of Dillingham.,59.0028897,59.0028897,-158.5329718,-158.5329718,NAD83,19030303,AKDECWQ-Kanakanak,AKDECWQ-KANAKANAK,NA,NA,NA,NA,NA,NA,NA,NA,NA,NA,NA,NA,NA,"Alaska Water Laboratory, LLC",NA,59.00345,-158.5346,NA,NA,NA,NA,NA,NA,2023-07-19,https://www.waterqualitydata.us/data/providers/STORET/organizations/AKDECWQ/activities/AKDECWQ-BB%20Pathogens-Kanakanak-07%2F19%2F2023-Fecal%20Coliform/results/1039513361/resdetectqntlmts,NA,8,NA,NA,NA,NA,GPS-Unspecified,NA,NA,NA,NA,NA,NA,NA,NA,NA,NA,NA,NA,STORET,2024-08-16T19:30:08
Sample-Routine,Water,WATER,Surface Water,Total,TOTAL,Enterococcus,ENTEROCOCCUS,NA,NA,NA,NA,ENTEROCOCCUS_TOTAL_NA_MPN/100ML,2023-07-19,11:45:00,AKDT,2023-07-19 19:45:00,13.1,MPN/100mL,13.1,MPN/100ML,Convert,Actual,Numeric,NA,Method Detection Level,1,MPN/100mL,1,MPN/100ML,Numeric,NA,NA,NA - Not Available,NA,NA,NA,NA,0.5,0.5,Numeric,m,m,NA,NA,NA - Not Available,NA,NA,NA,NA,NA - Not Available,NA,NA,NA,NA,NA,Standard Test Method for Enterococci in Water Using Enterolert,NA,D6503-99,ASTM,NA,WQSAR 001,AKDECWQ,Bacteria,Water sample collected from 1 ft depth. Bottles kept cool and delivered to lab within 6 hours (8 hour total hold time).,Water Bottle,NA,Final,NA,NA,NA,NA,NA,NA,NA,NA,NA,"Targeted - A targeted sample is where a ""sample"" of the subject matter, be that people, plants/animals etc is selected using certain criteria, i.e. pregnant mothers between the ages of 25-30. Targeted samples are usually used by businesses or companies carrying out surveys on a particular group of people.",Alaska Water Laboratories LLC,NA,STORET-1039513363,AKDECWQ-BB Pathogens-Kanakanak-07/19/2023-Enterococci,AKDECWQ,Alaska Dept of Environmental Conservation - Water Quality,Dillingham Pathogen Monitoring,Monitoring of pathogens (Fecal Coliform and Enterococci) at Dillingham area beaches.,Dillingham Pathogen Monitoring,https://www.waterqualitydata.us/data/providers/STORET/organizations/AKDECWQ/projects/Dillingham%20Pathogen%20Monitoring/files,Y,Alaska Department of Environmental Conservation,US,02,070,Kanakanak Beach,KANAKANAK BEACH,Estuary,ESTUARY,Beach near Kanakanak Hospital. Approximately 5 miles south of Dillingham.,59.0028897,59.0028897,-158.5329718,-158.5329718,NAD83,19030303,AKDECWQ-Kanakanak,AKDECWQ-KANAKANAK,NA,NA,NA,NA,NA,NA,NA,NA,NA,NA,NA,NA,NA,"Alaska Water Laboratory, LLC",NA,59.00345,-158.5346,NA,NA,NA,NA,NA,NA,2023-07-19,https://www.waterqualitydata.us/data/providers/STORET/organizations/AKDECWQ/activities/AKDECWQ-BB%20Pathogens-Kanakanak-07%2F19%2F2023-Enterococci/results/1039513363/resdetectqntlmts,NA,8,NA,NA,NA,NA,GPS-Unspecified,NA,NA,NA,NA,NA,NA,NA,NA,NA,NA,NA,NA,STORET,2024-08-16T19:30:09
Field Msr/Obs,Air,AIR,Ambient Air,NA,NA,"Temperature, air","TEMPERATURE, AIR",NA,NA,NA,NA,"TEMPERATURE, AIR_NA_NA_DEG C",2023-05-24,13:45:00,AKDT,2023-05-24 21:45:00,10.76,deg C,10.76,DEG C,Convert,Actual,Numeric,NA,NA,NA,NA,NA,NA,NA - Not Available,NA,NA,NA - Not Available,NA,NA,NA,NA,NA,NA,NA - Not Available,NA,NA,NA,NA,NA - Not Available,NA,NA,NA,NA,NA - Not Available,NA,NA,NA,NA,NA,Temperature,https://www.nemi.gov/methods/method_summary/5216/,170.1,USEPA,NA,WQSAR 006,AKDECWQ,Air Temperature,Temperature taken at site with a handheld digital thermometer (HANNA or YSI).,Probe/Sensor,NA,Final,NA,NA,NA,NA,NA,NA,NA,NA,NA,"Targeted - A targeted sample is where a ""sample"" of the subject matter, be that people, plants/animals etc is selected using certain criteria, i.e. pregnant mothers between the ages of 25-30. Targeted samples are usually used by businesses or companies carrying out surveys on a particular group of people.",NA,NA,STORET-1039513370,"AKDECWQ-BB Pathogens-Snag Point-05/24/2023-Temperature, air",AKDECWQ,Alaska Dept of Environmental Conservation - Water Quality,Dillingham Pathogen Monitoring,Monitoring of pathogens (Fecal Coliform and Enterococci) at Dillingham area beaches.,Dillingham Pathogen Monitoring,https://www.waterqualitydata.us/data/providers/STORET/organizations/AKDECWQ/projects/Dillingham%20Pathogen%20Monitoring/files,Y,Alaska Department of Environmental Conservation,US,02,070,Snag Point Beach,SNAG POINT BEACH,Estuary,ESTUARY,Beach approximately 300 ft East of the Dillingham dock.,59.03786152,59.03786152,-158.4606696,-158.4606696,NAD83,19030303,AKDECWQ-Snag Point,AKDECWQ-SNAG POINT,NA,NA,NA,NA,NA,NA,NA,NA,NA,NA,NA,NA,NA,"Alaska Water Laboratory, LLC",NA,59.037867,-158.462183,NA,NA,NA,NA,NA,NA,NA,NA,NA,8,NA,NA,NA,NA,GPS-Unspecified,NA,NA,NA,NA,NA,NA,NA,NA,NA,NA,NA,NA,STORET,2024-08-16T19:30:09
Field Msr/Obs,Water,WATER,Surface Water,NA,NA,"Temperature, water","TEMPERATURE, WATER",NA,NA,NA,NA,"TEMPERATURE, WATER_NA_NA_DEG C",2023-07-24,12:00:00,AKDT,2023-07-24 20:00:00,13.7,deg C,13.7,DEG C,Convert,Actual,Numeric,NA,NA,NA,NA,NA,NA,NA - Not Available,NA,NA,NA - Not Available,NA,NA,NA,NA,0.1,0.1,Numeric,m,m,NA,NA,NA - Not Available,NA,NA,NA,NA,NA - Not Available,NA,NA,NA,NA,NA,Temperature,https://www.nemi.gov/methods/method_summary/5216/,170.1,USEPA,NA,WQSAR 016,AKDECWQ,Water Temperature,"Water temperature collected at site using a certified handheld thermometer (e.g., NIST Traceable).",Probe/Sensor,NA,Final,NA,NA,NA,NA,NA,NA,NA,NA,NA,"Targeted - A targeted sample is where a ""sample"" of the subject matter, be that people, plants/animals etc is selected using certain criteria, i.e. pregnant mothers between the ages of 25-30. Targeted samples are usually used by businesses or companies carrying out surveys on a particular group of people.",NA,NA,STORET-1039513396,"AKDECWQ-BB Pathogens-Kanakanak-07/24/2023-Temperature, water",AKDECWQ,Alaska Dept of Environmental Conservation - Water Quality,Dillingham Pathogen Monitoring,Monitoring of pathogens (Fecal Coliform and Enterococci) at Dillingham area beaches.,Dillingham Pathogen Monitoring,https://www.waterqualitydata.us/data/providers/STORET/organizations/AKDECWQ/projects/Dillingham%20Pathogen%20Monitoring/files,Y,Alaska Department of Environmental Conservation,US,02,070,Kanakanak Beach,KANAKANAK BEACH,Estuary,ESTUARY,Beach near Kanakanak Hospital. Approximately 5 miles south of Dillingham.,59.0028897,59.0028897,-158.5329718,-158.5329718,NAD83,19030303,AKDECWQ-Kanakanak,AKDECWQ-KANAKANAK,NA,NA,NA,NA,NA,NA,NA,NA,NA,NA,NA,NA,NA,"Alaska Water Laboratory, LLC",NA,59.00345,-158.5346,NA,NA,NA,NA,NA,NA,NA,NA,NA,8,NA,NA,NA,NA,GPS-Unspecified,NA,NA,NA,NA,NA,NA,NA,NA,NA,NA,NA,NA,STORET,2024-08-16T19:30:12
Field Msr/Obs,Air,AIR,Ambient Air,NA,NA,"Temperature, air","TEMPERATURE, AIR",NA,NA,NA,NA,"TEMPERATURE, AIR_NA_NA_DEG C",2023-07-24,11:05:00,AKDT,2023-07-24 19:05:00,12.25,deg C,12.25,DEG C,Convert,Actual,Numeric,NA,NA,NA,NA,NA,NA,NA - Not Available,NA,NA,NA - Not Available,NA,NA,NA,NA,NA,NA,NA - Not Available,NA,NA,NA,NA,NA - Not Available,NA,NA,NA,NA,NA - Not Available,NA,NA,NA,NA,NA,Temperature,https://www.nemi.gov/methods/method_summary/5216/,170.1,USEPA,NA,WQSAR 006,AKDECWQ,Air Temperature,Temperature taken at site with a handheld digital thermometer (HANNA or YSI).,Probe/Sensor,NA,Final,NA,NA,NA,NA,NA,NA,NA,NA,NA,"Targeted - A targeted sample is where a ""sample"" of the subject matter, be that people, plants/animals etc is selected using certain criteria, i.e. pregnant mothers between the ages of 25-30. Targeted samples are usually used by businesses or companies carrying out surveys on a particular group of people.",NA,NA,STORET-1039513399,"AKDECWQ-BB Pathogens-Snag Point-07/24/2023-Temperature, air",AKDECWQ,Alaska Dept of Environmental Conservation - Water Quality,Dillingham Pathogen Monitoring,Monitoring of pathogens (Fecal Coliform and Enterococci) at Dillingham area beaches.,Dillingham Pathogen Monitoring,https://www.waterqualitydata.us/data/providers/STORET/organizations/AKDECWQ/projects/Dillingham%20Pathogen%20Monitoring/files,Y,Alaska Department of Environmental Conservation,US,02,070,Snag Point Beach,SNAG POINT BEACH,Estuary,ESTUARY,Beach approximately 300 ft East of the Dillingham dock.,59.03786152,59.03786152,-158.4606696,-158.4606696,NAD83,19030303,AKDECWQ-Snag Point,AKDECWQ-SNAG POINT,NA,NA,NA,NA,NA,NA,NA,NA,NA,NA,NA,NA,NA,"Alaska Water Laboratory, LLC",NA,59.037867,-158.462183,NA,NA,NA,NA,NA,NA,NA,NA,NA,8,NA,NA,NA,NA,GPS-Unspecified,NA,NA,NA,NA,NA,NA,NA,NA,NA,NA,NA,NA,STORET,2024-08-16T19:30:12
Sample-Routine,Water,WATER,Surface Water,Total,TOTAL,Enterococcus,ENTEROCOCCUS,NA,NA,NA,NA,ENTEROCOCCUS_TOTAL_NA_MPN/100ML,2023-07-24,11:37:00,AKDT,2023-07-24 19:37:00,3.1,MPN/100mL,3.1,MPN/100ML,Convert,Actual,Numeric,NA,Method Detection Level,1,MPN/100mL,1,MPN/100ML,Numeric,NA,NA,NA - Not Available,NA,NA,NA,NA,0.5,0.5,Numeric,m,m,NA,NA,NA - Not Available,NA,NA,NA,NA,NA - Not Available,NA,NA,NA,NA,NA,Standard Test Method for Enterococci in Water Using Enterolert,NA,D6503-99,ASTM,NA,WQSAR 001,AKDECWQ,Bacteria,Water sample collected from 1 ft depth. Bottles kept cool and delivered to lab within 6 hours (8 hour total hold time).,Water Bottle,NA,Final,NA,NA,NA,NA,NA,NA,NA,NA,NA,"Targeted - A targeted sample is where a ""sample"" of the subject matter, be that people, plants/animals etc is selected using certain criteria, i.e. pregnant mothers between the ages of 25-30. Targeted samples are usually used by businesses or companies carrying out surveys on a particular group of people.",Alaska Water Laboratories LLC,NA,STORET-1039513458,AKDECWQ-BB Pathogens-Scandinavian-07/24/2023-Enterococci,AKDECWQ,Alaska Dept of Environmental Conservation - Water Quality,Dillingham Pathogen Monitoring,Monitoring of pathogens (Fecal Coliform and Enterococci) at Dillingham area beaches.,Dillingham Pathogen Monitoring,https://www.waterqualitydata.us/data/providers/STORET/organizations/AKDECWQ/projects/Dillingham%20Pathogen%20Monitoring/files,Y,Alaska Department of Environmental Conservation,US,02,070,Scandinavian Beach,SCANDINAVIAN BEACH,Estuary,ESTUARY,Beach approximately 500 FT East of the Dillingham Harbor entrance.,59.03743292,59.03743292,-158.4747797,-158.4747797,NAD83,19030303,AKDECWQ-Scandinavian,AKDECWQ-SCANDINAVIAN,NA,NA,NA,NA,NA,NA,NA,NA,NA,NA,NA,NA,NA,"Alaska Water Laboratory, LLC",NA,59.03733,-158.47673,NA,NA,NA,NA,NA,NA,2023-07-24,https://www.waterqualitydata.us/data/providers/STORET/organizations/AKDECWQ/activities/AKDECWQ-BB%20Pathogens-Scandinavian-07%2F24%2F2023-Enterococci/results/1039513458/resdetectqntlmts,NA,8,NA,NA,NA,NA,GPS-Unspecified,NA,NA,NA,NA,NA,NA,NA,NA,NA,NA,NA,NA,STORET,2024-08-16T19:30:17
Sample-Routine,Water,WATER,Surface Water,Total,TOTAL,Fecal Coliform,FECAL COLIFORM,NA,NA,NA,NA,FECAL COLIFORM_TOTAL_NA_CFU/100ML,2023-07-13,12:00:00,AKDT,2023-07-13 20:00:00,30,cfu/100mL,30,CFU/100ML,Convert,Actual,Numeric,NA,Method Detection Level,10,cfu/100mL,10,CFU/100ML,Numeric,NA,NA,NA - Not Available,NA,NA,NA,NA,0.5,0.5,Numeric,m,m,NA,NA,NA - Not Available,NA,NA,NA,NA,NA - Not Available,NA,NA,NA,NA,NA,9222 D ~ Membrane filtration test for fecal coliforms,https://www.nemi.gov/methods/method_summary/5587/,9222D,APHA,NA,WQSAR 001,AKDECWQ,Bacteria,Water sample collected from 1 ft depth. Bottles kept cool and delivered to lab within 6 hours (8 hour total hold time).,Water Bottle,NA,Final,NA,NA,NA,NA,NA,NA,NA,NA,NA,"Targeted - A targeted sample is where a ""sample"" of the subject matter, be that people, plants/animals etc is selected using certain criteria, i.e. pregnant mothers between the ages of 25-30. Targeted samples are usually used by businesses or companies carrying out surveys on a particular group of people.",Alaska Water Laboratories LLC,NA,STORET-1039513571,AKDECWQ-BB Pathogens-Kanakanak-07/13/2023-Fecal Coliform,AKDECWQ,Alaska Dept of Environmental Conservation - Water Quality,Dillingham Pathogen Monitoring,Monitoring of pathogens (Fecal Coliform and Enterococci) at Dillingham area beaches.,Dillingham Pathogen Monitoring,https://www.waterqualitydata.us/data/providers/STORET/organizations/AKDECWQ/projects/Dillingham%20Pathogen%20Monitoring/files,Y,Alaska Department of Environmental Conservation,US,02,070,Kanakanak Beach,KANAKANAK BEACH,Estuary,ESTUARY,Beach near Kanakanak Hospital. Approximately 5 miles south of Dillingham.,59.0028897,59.0028897,-158.5329718,-158.5329718,NAD83,19030303,AKDECWQ-Kanakanak,AKDECWQ-KANAKANAK,NA,NA,NA,NA,NA,NA,NA,NA,NA,NA,NA,NA,NA,"Alaska Water Laboratory, LLC",NA,59.00345,-158.5346,NA,NA,NA,NA,NA,NA,2023-07-13,https://www.waterqualitydata.us/data/providers/STORET/organizations/AKDECWQ/activities/AKDECWQ-BB%20Pathogens-Kanakanak-07%2F13%2F2023-Fecal%20Coliform/results/1039513571/resdetectqntlmts,NA,8,NA,NA,NA,NA,GPS-Unspecified,NA,NA,NA,NA,NA,NA,NA,NA,NA,NA,NA,NA,STORET,2024-08-16T19:30:25
Sample-Routine,Water,WATER,Surface Water,Total,TOTAL,Enterococcus,ENTEROCOCCUS,NA,NA,NA,NA,ENTEROCOCCUS_TOTAL_NA_MPN/100ML,2023-06-26,11:45:00,AKDT,2023-06-26 19:45:00,5,MPN/100mL,5,MPN/100ML,Convert,Actual,Numeric,NA,Method Detection Level,1,MPN/100mL,1,MPN/100ML,Numeric,NA,NA,NA - Not Available,NA,NA,NA,NA,0.5,0.5,Numeric,m,m,NA,NA,NA - Not Available,NA,NA,NA,NA,NA - Not Available,NA,NA,NA,NA,NA,Standard Test Method for Enterococci in Water Using Enterolert,NA,D6503-99,ASTM,NA,WQSAR 001,AKDECWQ,Bacteria,Water sample collected from 1 ft depth. Bottles kept cool and delivered to lab within 6 hours (8 hour total hold time).,Water Bottle,NA,Final,NA,NA,NA,NA,NA,NA,NA,NA,NA,"Targeted - A targeted sample is where a ""sample"" of the subject matter, be that people, plants/animals etc is selected using certain criteria, i.e. pregnant mothers between the ages of 25-30. Targeted samples are usually used by businesses or companies carrying out surveys on a particular group of people.",Alaska Water Laboratories LLC,NA,STORET-1039513573,AKDECWQ-BB Pathogens-Scandinavian-06/26/2023-Enterococci,AKDECWQ,Alaska Dept of Environmental Conservation - Water Quality,Dillingham Pathogen Monitoring,Monitoring of pathogens (Fecal Coliform and Enterococci) at Dillingham area beaches.,Dillingham Pathogen Monitoring,https://www.waterqualitydata.us/data/providers/STORET/organizations/AKDECWQ/projects/Dillingham%20Pathogen%20Monitoring/files,Y,Alaska Department of Environmental Conservation,US,02,070,Scandinavian Beach,SCANDINAVIAN BEACH,Estuary,ESTUARY,Beach approximately 500 FT East of the Dillingham Harbor entrance.,59.03743292,59.03743292,-158.4747797,-158.4747797,NAD83,19030303,AKDECWQ-Scandinavian,AKDECWQ-SCANDINAVIAN,NA,NA,NA,NA,NA,NA,NA,NA,NA,NA,NA,NA,NA,"Alaska Water Laboratory, LLC",NA,59.03733,-158.47673,NA,NA,NA,NA,NA,NA,2023-06-26,https://www.waterqualitydata.us/data/providers/STORET/organizations/AKDECWQ/activities/AKDECWQ-BB%20Pathogens-Scandinavian-06%2F26%2F2023-Enterococci/results/1039513573/resdetectqntlmts,NA,8,NA,NA,NA,NA,GPS-Unspecified,NA,NA,NA,NA,NA,NA,NA,NA,NA,NA,NA,NA,STORET,2024-08-16T19:30:26
Field Msr/Obs,Water,WATER,Surface Water,NA,NA,"Temperature, water","TEMPERATURE, WATER",NA,NA,NA,NA,"TEMPERATURE, WATER_NA_NA_DEG C",2023-06-26,11:20:00,AKDT,2023-06-26 19:20:00,10.5,deg C,10.5,DEG C,Convert,Actual,Numeric,NA,NA,NA,NA,NA,NA,NA - Not Available,NA,NA,NA - Not Available,NA,NA,NA,NA,0.1,0.1,Numeric,m,m,NA,NA,NA - Not Available,NA,NA,NA,NA,NA - Not Available,NA,NA,NA,NA,NA,Temperature,https://www.nemi.gov/methods/method_summary/5216/,170.1,USEPA,NA,WQSAR 016,AKDECWQ,Water Temperature,"Water temperature collected at site using a certified handheld thermometer (e.g., NIST Traceable).",Probe/Sensor,NA,Final,NA,NA,NA,NA,NA,NA,NA,NA,NA,"Targeted - A targeted sample is where a ""sample"" of the subject matter, be that people, plants/animals etc is selected using certain criteria, i.e. pregnant mothers between the ages of 25-30. Targeted samples are usually used by businesses or companies carrying out surveys on a particular group of people.",NA,NA,STORET-1039513589,"AKDECWQ-BB Pathogens-Kanakanak-06/26/2023-Temperature, water",AKDECWQ,Alaska Dept of Environmental Conservation - Water Quality,Dillingham Pathogen Monitoring,Monitoring of pathogens (Fecal Coliform and Enterococci) at Dillingham area beaches.,Dillingham Pathogen Monitoring,https://www.waterqualitydata.us/data/providers/STORET/organizations/AKDECWQ/projects/Dillingham%20Pathogen%20Monitoring/files,Y,Alaska Department of Environmental Conservation,US,02,070,Kanakanak Beach,KANAKANAK BEACH,Estuary,ESTUARY,Beach near Kanakanak Hospital. Approximately 5 miles south of Dillingham.,59.0028897,59.0028897,-158.5329718,-158.5329718,NAD83,19030303,AKDECWQ-Kanakanak,AKDECWQ-KANAKANAK,NA,NA,NA,NA,NA,NA,NA,NA,NA,NA,NA,NA,NA,"Alaska Water Laboratory, LLC",NA,59.00345,-158.5346,NA,NA,NA,NA,NA,NA,NA,NA,NA,8,NA,NA,NA,NA,GPS-Unspecified,NA,NA,NA,NA,NA,NA,NA,NA,NA,NA,NA,NA,STORET,2024-08-16T19:30:27
Field Msr/Obs,Air,AIR,Ambient Air,NA,NA,"Temperature, air","TEMPERATURE, AIR",NA,NA,NA,NA,"TEMPERATURE, AIR_NA_NA_DEG C",2023-07-24,11:37:00,AKDT,2023-07-24 19:37:00,12.55,deg C,12.55,DEG C,Convert,Actual,Numeric,NA,NA,NA,NA,NA,NA,NA - Not Available,NA,NA,NA - Not Available,NA,NA,NA,NA,NA,NA,NA - Not Available,NA,NA,NA,NA,NA - Not Available,NA,NA,NA,NA,NA - Not Available,NA,NA,NA,NA,NA,Temperature,https://www.nemi.gov/methods/method_summary/5216/,170.1,USEPA,NA,WQSAR 006,AKDECWQ,Air Temperature,Temperature taken at site with a handheld digital thermometer (HANNA or YSI).,Probe/Sensor,NA,Final,NA,NA,NA,NA,NA,NA,NA,NA,NA,"Targeted - A targeted sample is where a ""sample"" of the subject matter, be that people, plants/animals etc is selected using certain criteria, i.e. pregnant mothers between the ages of 25-30. Targeted samples are usually used by businesses or companies carrying out surveys on a particular group of people.",NA,NA,STORET-1039513616,"AKDECWQ-BB Pathogens-Scandinavian-07/24/2023-Temperature, air",AKDECWQ,Alaska Dept of Environmental Conservation - Water Quality,Dillingham Pathogen Monitoring,Monitoring of pathogens (Fecal Coliform and Enterococci) at Dillingham area beaches.,Dillingham Pathogen Monitoring,https://www.waterqualitydata.us/data/providers/STORET/organizations/AKDECWQ/projects/Dillingham%20Pathogen%20Monitoring/files,Y,Alaska Department of Environmental Conservation,US,02,070,Scandinavian Beach,SCANDINAVIAN BEACH,Estuary,ESTUARY,Beach approximately 500 FT East of the Dillingham Harbor entrance.,59.03743292,59.03743292,-158.4747797,-158.4747797,NAD83,19030303,AKDECWQ-Scandinavian,AKDECWQ-SCANDINAVIAN,NA,NA,NA,NA,NA,NA,NA,NA,NA,NA,NA,NA,NA,"Alaska Water Laboratory, LLC",NA,59.03733,-158.47673,NA,NA,NA,NA,NA,NA,NA,NA,NA,8,NA,NA,NA,NA,GPS-Unspecified,NA,NA,NA,NA,NA,NA,NA,NA,NA,NA,NA,NA,STORET,2024-08-16T19:30:28
Field Msr/Obs,Air,AIR,Ambient Air,NA,NA,"Temperature, air","TEMPERATURE, AIR",NA,NA,NA,NA,"TEMPERATURE, AIR_NA_NA_DEG C",2023-06-26,11:45:00,AKDT,2023-06-26 19:45:00,10.65,deg C,10.65,DEG C,Convert,Actual,Numeric,NA,NA,NA,NA,NA,NA,NA - Not Available,NA,NA,NA - Not Available,NA,NA,NA,NA,NA,NA,NA - Not Available,NA,NA,NA,NA,NA - Not Available,NA,NA,NA,NA,NA - Not Available,NA,NA,NA,NA,NA,Temperature,https://www.nemi.gov/methods/method_summary/5216/,170.1,USEPA,NA,WQSAR 006,AKDECWQ,Air Temperature,Temperature taken at site with a handheld digital thermometer (HANNA or YSI).,Probe/Sensor,NA,Final,NA,NA,NA,NA,NA,NA,NA,NA,NA,"Targeted - A targeted sample is where a ""sample"" of the subject matter, be that people, plants/animals etc is selected using certain criteria, i.e. pregnant mothers between the ages of 25-30. Targeted samples are usually used by businesses or companies carrying out surveys on a particular group of people.",NA,NA,STORET-1039513697,"AKDECWQ-BB Pathogens-Scandinavian-06/26/2023-Temperature, air",AKDECWQ,Alaska Dept of Environmental Conservation - Water Quality,Dillingham Pathogen Monitoring,Monitoring of pathogens (Fecal Coliform and Enterococci) at Dillingham area beaches.,Dillingham Pathogen Monitoring,https://www.waterqualitydata.us/data/providers/STORET/organizations/AKDECWQ/projects/Dillingham%20Pathogen%20Monitoring/files,Y,Alaska Department of Environmental Conservation,US,02,070,Scandinavian Beach,SCANDINAVIAN BEACH,Estuary,ESTUARY,Beach approximately 500 FT East of the Dillingham Harbor entrance.,59.03743292,59.03743292,-158.4747797,-158.4747797,NAD83,19030303,AKDECWQ-Scandinavian,AKDECWQ-SCANDINAVIAN,NA,NA,NA,NA,NA,NA,NA,NA,NA,NA,NA,NA,NA,"Alaska Water Laboratory, LLC",NA,59.03733,-158.47673,NA,NA,NA,NA,NA,NA,NA,NA,NA,8,NA,NA,NA,NA,GPS-Unspecified,NA,NA,NA,NA,NA,NA,NA,NA,NA,NA,NA,NA,STORET,2024-08-16T19:30:35
Sample-Routine,Water,WATER,Surface Water,Total,TOTAL,Enterococcus,ENTEROCOCCUS,NA,NA,NA,NA,ENTEROCOCCUS_TOTAL_NA_MPN/100ML,2023-08-07,11:10:00,AKDT,2023-08-07 19:10:00,6.2,MPN/100mL,6.2,MPN/100ML,Convert,Actual,Numeric,NA,Method Detection Level,1,MPN/100mL,1,MPN/100ML,Numeric,NA,NA,NA - Not Available,NA,NA,NA,NA,0.5,0.5,Numeric,m,m,NA,NA,NA - Not Available,NA,NA,NA,NA,NA - Not Available,NA,NA,NA,NA,NA,Standard Test Method for Enterococci in Water Using Enterolert,NA,D6503-99,ASTM,NA,WQSAR 001,AKDECWQ,Bacteria,Water sample collected from 1 ft depth. Bottles kept cool and delivered to lab within 6 hours (8 hour total hold time).,Water Bottle,NA,Final,NA,NA,NA,NA,NA,NA,NA,NA,NA,"Targeted - A targeted sample is where a ""sample"" of the subject matter, be that people, plants/animals etc is selected using certain criteria, i.e. pregnant mothers between the ages of 25-30. Targeted samples are usually used by businesses or companies carrying out surveys on a particular group of people.",Alaska Water Laboratories LLC,NA,STORET-1039513708,AKDECWQ-BB Pathogens-Scandinavian-08/07/2023-Enterococci,AKDECWQ,Alaska Dept of Environmental Conservation - Water Quality,Dillingham Pathogen Monitoring,Monitoring of pathogens (Fecal Coliform and Enterococci) at Dillingham area beaches.,Dillingham Pathogen Monitoring,https://www.waterqualitydata.us/data/providers/STORET/organizations/AKDECWQ/projects/Dillingham%20Pathogen%20Monitoring/files,Y,Alaska Department of Environmental Conservation,US,02,070,Scandinavian Beach,SCANDINAVIAN BEACH,Estuary,ESTUARY,Beach approximately 500 FT East of the Dillingham Harbor entrance.,59.03743292,59.03743292,-158.4747797,-158.4747797,NAD83,19030303,AKDECWQ-Scandinavian,AKDECWQ-SCANDINAVIAN,NA,NA,NA,NA,NA,NA,NA,NA,NA,NA,NA,NA,NA,"Alaska Water Laboratory, LLC",NA,59.03733,-158.47673,NA,NA,NA,NA,NA,NA,2023-08-07,https://www.waterqualitydata.us/data/providers/STORET/organizations/AKDECWQ/activities/AKDECWQ-BB%20Pathogens-Scandinavian-08%2F07%2F2023-Enterococci/results/1039513708/resdetectqntlmts,NA,8,NA,NA,NA,NA,GPS-Unspecified,NA,NA,NA,NA,NA,NA,NA,NA,NA,NA,NA,NA,STORET,2024-08-16T19:30:36
Field Msr/Obs,Water,WATER,Surface Water,NA,NA,"Temperature, water","TEMPERATURE, WATER",NA,NA,NA,NA,"TEMPERATURE, WATER_NA_NA_DEG C",2023-05-24,14:30:00,AKDT,2023-05-24 22:30:00,6.26,deg C,6.26,DEG C,Convert,Actual,Numeric,NA,NA,NA,NA,NA,NA,NA - Not Available,NA,NA,NA - Not Available,NA,NA,NA,NA,0.1,0.1,Numeric,m,m,NA,NA,NA - Not Available,NA,NA,NA,NA,NA - Not Available,NA,NA,NA,NA,NA,Temperature,https://www.nemi.gov/methods/method_summary/5216/,170.1,USEPA,NA,WQSAR 016,AKDECWQ,Water Temperature,"Water temperature collected at site using a certified handheld thermometer (e.g., NIST Traceable).",Probe/Sensor,NA,Final,NA,NA,NA,NA,NA,NA,NA,NA,NA,"Targeted - A targeted sample is where a ""sample"" of the subject matter, be that people, plants/animals etc is selected using certain criteria, i.e. pregnant mothers between the ages of 25-30. Targeted samples are usually used by businesses or companies carrying out surveys on a particular group of people.",NA,NA,STORET-1039513893,"AKDECWQ-BB Pathogens-Kanakanak-05/24/2023-Temperature, water",AKDECWQ,Alaska Dept of Environmental Conservation - Water Quality,Dillingham Pathogen Monitoring,Monitoring of pathogens (Fecal Coliform and Enterococci) at Dillingham area beaches.,Dillingham Pathogen Monitoring,https://www.waterqualitydata.us/data/providers/STORET/organizations/AKDECWQ/projects/Dillingham%20Pathogen%20Monitoring/files,Y,Alaska Department of Environmental Conservation,US,02,070,Kanakanak Beach,KANAKANAK BEACH,Estuary,ESTUARY,Beach near Kanakanak Hospital. Approximately 5 miles south of Dillingham.,59.0028897,59.0028897,-158.5329718,-158.5329718,NAD83,19030303,AKDECWQ-Kanakanak,AKDECWQ-KANAKANAK,NA,NA,NA,NA,NA,NA,NA,NA,NA,NA,NA,NA,NA,"Alaska Water Laboratory, LLC",NA,59.00345,-158.5346,NA,NA,NA,NA,NA,NA,NA,NA,NA,8,NA,NA,NA,NA,GPS-Unspecified,NA,NA,NA,NA,NA,NA,NA,NA,NA,NA,NA,NA,STORET,2024-08-16T19:30:46
Sample-Routine,Water,WATER,Surface Water,Total,TOTAL,Enterococcus,ENTEROCOCCUS,NA,NA,NA,NA,ENTEROCOCCUS_TOTAL_NA_MPN/100ML,2023-07-05,11:30:00,AKDT,2023-07-05 19:30:00,92.6,MPN/100mL,92.6,MPN/100ML,Convert,Actual,Numeric,NA,Method Detection Level,0.91,MPN/100mL,0.91,MPN/100ML,Numeric,NA,NA,NA - Not Available,NA,NA,NA,NA,0.5,0.5,Numeric,m,m,NA,NA,NA - Not Available,NA,NA,NA,NA,NA - Not Available,NA,NA,NA,NA,NA,Standard Test Method for Enterococci in Water Using Enterolert,NA,D6503-99,ASTM,NA,WQSAR 001,AKDECWQ,Bacteria,Water sample collected from 1 ft depth. Bottles kept cool and delivered to lab within 6 hours (8 hour total hold time).,Water Bottle,NA,Final,NA,NA,NA,NA,NA,NA,NA,NA,NA,"Targeted - A targeted sample is where a ""sample"" of the subject matter, be that people, plants/animals etc is selected using certain criteria, i.e. pregnant mothers between the ages of 25-30. Targeted samples are usually used by businesses or companies carrying out surveys on a particular group of people.",Alaska Water Laboratories LLC,NA,STORET-1039513909,AKDECWQ-BB Pathogens-Kanakanak-07/05/2023-Enterococci,AKDECWQ,Alaska Dept of Environmental Conservation - Water Quality,Dillingham Pathogen Monitoring,Monitoring of pathogens (Fecal Coliform and Enterococci) at Dillingham area beaches.,Dillingham Pathogen Monitoring,https://www.waterqualitydata.us/data/providers/STORET/organizations/AKDECWQ/projects/Dillingham%20Pathogen%20Monitoring/files,Y,Alaska Department of Environmental Conservation,US,02,070,Kanakanak Beach,KANAKANAK BEACH,Estuary,ESTUARY,Beach near Kanakanak Hospital. Approximately 5 miles south of Dillingham.,59.0028897,59.0028897,-158.5329718,-158.5329718,NAD83,19030303,AKDECWQ-Kanakanak,AKDECWQ-KANAKANAK,NA,NA,NA,NA,NA,NA,NA,NA,NA,NA,NA,NA,NA,"Alaska Water Laboratory, LLC",NA,59.00345,-158.5346,NA,NA,NA,NA,NA,NA,2023-07-05,https://www.waterqualitydata.us/data/providers/STORET/organizations/AKDECWQ/activities/AKDECWQ-BB%20Pathogens-Kanakanak-07%2F05%2F2023-Enterococci/results/1039513909/resdetectqntlmts,NA,8,NA,NA,NA,NA,GPS-Unspecified,NA,NA,NA,NA,NA,NA,NA,NA,NA,NA,NA,NA,STORET,2024-08-16T19:30:47
Field Msr/Obs,Water,WATER,Surface Water,NA,NA,"Temperature, water","TEMPERATURE, WATER",NA,NA,NA,NA,"TEMPERATURE, WATER_NA_NA_DEG C",2023-05-24,13:45:00,AKDT,2023-05-24 21:45:00,6.76,deg C,6.76,DEG C,Convert,Actual,Numeric,NA,NA,NA,NA,NA,NA,NA - Not Available,NA,NA,NA - Not Available,NA,NA,NA,NA,0.1,0.1,Numeric,m,m,NA,NA,NA - Not Available,NA,NA,NA,NA,NA - Not Available,NA,NA,NA,NA,NA,Temperature,https://www.nemi.gov/methods/method_summary/5216/,170.1,USEPA,NA,WQSAR 016,AKDECWQ,Water Temperature,"Water temperature collected at site using a certified handheld thermometer (e.g., NIST Traceable).",Probe/Sensor,NA,Final,NA,NA,NA,NA,NA,NA,NA,NA,NA,"Targeted - A targeted sample is where a ""sample"" of the subject matter, be that people, plants/animals etc is selected using certain criteria, i.e. pregnant mothers between the ages of 25-30. Targeted samples are usually used by businesses or companies carrying out surveys on a particular group of people.",NA,NA,STORET-1039513911,"AKDECWQ-BB Pathogens-Snag Point-05/24/2023-Temperature, water",AKDECWQ,Alaska Dept of Environmental Conservation - Water Quality,Dillingham Pathogen Monitoring,Monitoring of pathogens (Fecal Coliform and Enterococci) at Dillingham area beaches.,Dillingham Pathogen Monitoring,https://www.waterqualitydata.us/data/providers/STORET/organizations/AKDECWQ/projects/Dillingham%20Pathogen%20Monitoring/files,Y,Alaska Department of Environmental Conservation,US,02,070,Snag Point Beach,SNAG POINT BEACH,Estuary,ESTUARY,Beach approximately 300 ft East of the Dillingham dock.,59.03786152,59.03786152,-158.4606696,-158.4606696,NAD83,19030303,AKDECWQ-Snag Point,AKDECWQ-SNAG POINT,NA,NA,NA,NA,NA,NA,NA,NA,NA,NA,NA,NA,NA,"Alaska Water Laboratory, LLC",NA,59.037867,-158.462183,NA,NA,NA,NA,NA,NA,NA,NA,NA,8,NA,NA,NA,NA,GPS-Unspecified,NA,NA,NA,NA,NA,NA,NA,NA,NA,NA,NA,NA,STORET,2024-08-16T19:30:48
Sample-Routine,Water,WATER,Surface Water,Total,TOTAL,Enterococcus,ENTEROCOCCUS,NA,NA,NA,NA,ENTEROCOCCUS_TOTAL_NA_MPN/100ML,2023-07-19,11:21:00,AKDT,2023-07-19 19:21:00,2,MPN/100mL,2,MPN/100ML,Convert,Actual,Numeric,NA,Method Detection Level,1,MPN/100mL,1,MPN/100ML,Numeric,NA,NA,NA - Not Available,NA,NA,NA,NA,0.5,0.5,Numeric,m,m,NA,NA,NA - Not Available,NA,NA,NA,NA,NA - Not Available,NA,NA,NA,NA,NA,Standard Test Method for Enterococci in Water Using Enterolert,NA,D6503-99,ASTM,NA,WQSAR 001,AKDECWQ,Bacteria,Water sample collected from 1 ft depth. Bottles kept cool and delivered to lab within 6 hours (8 hour total hold time).,Water Bottle,NA,Final,NA,NA,NA,NA,NA,NA,NA,NA,NA,"Targeted - A targeted sample is where a ""sample"" of the subject matter, be that people, plants/animals etc is selected using certain criteria, i.e. pregnant mothers between the ages of 25-30. Targeted samples are usually used by businesses or companies carrying out surveys on a particular group of people.",Alaska Water Laboratories LLC,NA,STORET-1039513941,AKDECWQ-BB Pathogens-Scandinavian-07/19/2023-Enterococci,AKDECWQ,Alaska Dept of Environmental Conservation - Water Quality,Dillingham Pathogen Monitoring,Monitoring of pathogens (Fecal Coliform and Enterococci) at Dillingham area beaches.,Dillingham Pathogen Monitoring,https://www.waterqualitydata.us/data/providers/STORET/organizations/AKDECWQ/projects/Dillingham%20Pathogen%20Monitoring/files,Y,Alaska Department of Environmental Conservation,US,02,070,Scandinavian Beach,SCANDINAVIAN BEACH,Estuary,ESTUARY,Beach approximately 500 FT East of the Dillingham Harbor entrance.,59.03743292,59.03743292,-158.4747797,-158.4747797,NAD83,19030303,AKDECWQ-Scandinavian,AKDECWQ-SCANDINAVIAN,NA,NA,NA,NA,NA,NA,NA,NA,NA,NA,NA,NA,NA,"Alaska Water Laboratory, LLC",NA,59.03733,-158.47673,NA,NA,NA,NA,NA,NA,2023-07-19,https://www.waterqualitydata.us/data/providers/STORET/organizations/AKDECWQ/activities/AKDECWQ-BB%20Pathogens-Scandinavian-07%2F19%2F2023-Enterococci/results/1039513941/resdetectqntlmts,NA,8,NA,NA,NA,NA,GPS-Unspecified,NA,NA,NA,NA,NA,NA,NA,NA,NA,NA,NA,NA,STORET,2024-08-16T19:30:50
Field Msr/Obs,Air,AIR,Ambient Air,NA,NA,"Temperature, air","TEMPERATURE, AIR",NA,NA,NA,NA,"TEMPERATURE, AIR_NA_NA_DEG C",2023-07-05,11:15:00,AKDT,2023-07-05 19:15:00,10.35,deg C,10.35,DEG C,Convert,Actual,Numeric,NA,NA,NA,NA,NA,NA,NA - Not Available,NA,NA,NA - Not Available,NA,NA,NA,NA,NA,NA,NA - Not Available,NA,NA,NA,NA,NA - Not Available,NA,NA,NA,NA,NA - Not Available,NA,NA,NA,NA,NA,Temperature,https://www.nemi.gov/methods/method_summary/5216/,170.1,USEPA,NA,WQSAR 006,AKDECWQ,Air Temperature,Temperature taken at site with a handheld digital thermometer (HANNA or YSI).,Probe/Sensor,NA,Final,NA,NA,NA,NA,NA,NA,NA,NA,NA,"Targeted - A targeted sample is where a ""sample"" of the subject matter, be that people, plants/animals etc is selected using certain criteria, i.e. pregnant mothers between the ages of 25-30. Targeted samples are usually used by businesses or companies carrying out surveys on a particular group of people.",NA,NA,STORET-1039513972,"AKDECWQ-BB Pathogens-Snag Point-07/05/2023-Temperature, air",AKDECWQ,Alaska Dept of Environmental Conservation - Water Quality,Dillingham Pathogen Monitoring,Monitoring of pathogens (Fecal Coliform and Enterococci) at Dillingham area beaches.,Dillingham Pathogen Monitoring,https://www.waterqualitydata.us/data/providers/STORET/organizations/AKDECWQ/projects/Dillingham%20Pathogen%20Monitoring/files,Y,Alaska Department of Environmental Conservation,US,02,070,Snag Point Beach,SNAG POINT BEACH,Estuary,ESTUARY,Beach approximately 300 ft East of the Dillingham dock.,59.03786152,59.03786152,-158.4606696,-158.4606696,NAD83,19030303,AKDECWQ-Snag Point,AKDECWQ-SNAG POINT,NA,NA,NA,NA,NA,NA,NA,NA,NA,NA,NA,NA,NA,"Alaska Water Laboratory, LLC",NA,59.037867,-158.462183,NA,NA,NA,NA,NA,NA,NA,NA,NA,8,NA,NA,NA,NA,GPS-Unspecified,NA,NA,NA,NA,NA,NA,NA,NA,NA,NA,NA,NA,STORET,2024-08-16T19:30:54
Sample-Routine,Water,WATER,Surface Water,Total,TOTAL,Fecal Coliform,FECAL COLIFORM,NA,NA,NA,NA,FECAL COLIFORM_TOTAL_NA_CFU/100ML,2023-07-19,12:27:00,AKDT,2023-07-19 20:27:00,20,cfu/100mL,20,CFU/100ML,Convert,Actual,Numeric,NA,Method Detection Level,10,cfu/100mL,10,CFU/100ML,Numeric,NA,NA,NA - Not Available,NA,NA,NA,NA,0.5,0.5,Numeric,m,m,NA,NA,NA - Not Available,NA,NA,NA,NA,NA - Not Available,NA,NA,NA,NA,NA,9222 D ~ Membrane filtration test for fecal coliforms,https://www.nemi.gov/methods/method_summary/5587/,9222D,APHA,NA,WQSAR 001,AKDECWQ,Bacteria,Water sample collected from 1 ft depth. Bottles kept cool and delivered to lab within 6 hours (8 hour total hold time).,Water Bottle,NA,Final,NA,NA,NA,NA,NA,NA,NA,NA,NA,"Targeted - A targeted sample is where a ""sample"" of the subject matter, be that people, plants/animals etc is selected using certain criteria, i.e. pregnant mothers between the ages of 25-30. Targeted samples are usually used by businesses or companies carrying out surveys on a particular group of people.",Alaska Water Laboratories LLC,NA,STORET-1039513974,AKDECWQ-BB Pathogens-Snag Point-07/19/2023-Fecal Coliform,AKDECWQ,Alaska Dept of Environmental Conservation - Water Quality,Dillingham Pathogen Monitoring,Monitoring of pathogens (Fecal Coliform and Enterococci) at Dillingham area beaches.,Dillingham Pathogen Monitoring,https://www.waterqualitydata.us/data/providers/STORET/organizations/AKDECWQ/projects/Dillingham%20Pathogen%20Monitoring/files,Y,Alaska Department of Environmental Conservation,US,02,070,Snag Point Beach,SNAG POINT BEACH,Estuary,ESTUARY,Beach approximately 300 ft East of the Dillingham dock.,59.03786152,59.03786152,-158.4606696,-158.4606696,NAD83,19030303,AKDECWQ-Snag Point,AKDECWQ-SNAG POINT,NA,NA,NA,NA,NA,NA,NA,NA,NA,NA,NA,NA,NA,"Alaska Water Laboratory, LLC",NA,59.037867,-158.462183,NA,NA,NA,NA,NA,NA,2023-07-19,https://www.waterqualitydata.us/data/providers/STORET/organizations/AKDECWQ/activities/AKDECWQ-BB%20Pathogens-Snag%20Point-07%2F19%2F2023-Fecal%20Coliform/results/1039513974/resdetectqntlmts,NA,8,NA,NA,NA,NA,GPS-Unspecified,NA,NA,NA,NA,NA,NA,NA,NA,NA,NA,NA,NA,STORET,2024-08-16T19:30:54
Field Msr/Obs,Air,AIR,Ambient Air,NA,NA,"Temperature, air","TEMPERATURE, AIR",NA,NA,NA,NA,"TEMPERATURE, AIR_NA_NA_DEG C",2023-07-24,12:00:00,AKDT,2023-07-24 20:00:00,12.35,deg C,12.35,DEG C,Convert,Actual,Numeric,NA,NA,NA,NA,NA,NA,NA - Not Available,NA,NA,NA - Not Available,NA,NA,NA,NA,NA,NA,NA - Not Available,NA,NA,NA,NA,NA - Not Available,NA,NA,NA,NA,NA - Not Available,NA,NA,NA,NA,NA,Temperature,https://www.nemi.gov/methods/method_summary/5216/,170.1,USEPA,NA,WQSAR 006,AKDECWQ,Air Temperature,Temperature taken at site with a handheld digital thermometer (HANNA or YSI).,Probe/Sensor,NA,Final,NA,NA,NA,NA,NA,NA,NA,NA,NA,"Targeted - A targeted sample is where a ""sample"" of the subject matter, be that people, plants/animals etc is selected using certain criteria, i.e. pregnant mothers between the ages of 25-30. Targeted samples are usually used by businesses or companies carrying out surveys on a particular group of people.",NA,NA,STORET-1039514022,"AKDECWQ-BB Pathogens-Kanakanak-07/24/2023-Temperature, air",AKDECWQ,Alaska Dept of Environmental Conservation - Water Quality,Dillingham Pathogen Monitoring,Monitoring of pathogens (Fecal Coliform and Enterococci) at Dillingham area beaches.,Dillingham Pathogen Monitoring,https://www.waterqualitydata.us/data/providers/STORET/organizations/AKDECWQ/projects/Dillingham%20Pathogen%20Monitoring/files,Y,Alaska Department of Environmental Conservation,US,02,070,Kanakanak Beach,KANAKANAK BEACH,Estuary,ESTUARY,Beach near Kanakanak Hospital. Approximately 5 miles south of Dillingham.,59.0028897,59.0028897,-158.5329718,-158.5329718,NAD83,19030303,AKDECWQ-Kanakanak,AKDECWQ-KANAKANAK,NA,NA,NA,NA,NA,NA,NA,NA,NA,NA,NA,NA,NA,"Alaska Water Laboratory, LLC",NA,59.00345,-158.5346,NA,NA,NA,NA,NA,NA,NA,NA,NA,8,NA,NA,NA,NA,GPS-Unspecified,NA,NA,NA,NA,NA,NA,NA,NA,NA,NA,NA,NA,STORET,2024-08-16T19:31:01
Quality Control Sample-Field Replicate,Water,WATER,Surface Water,Total,TOTAL,Enterococcus,ENTEROCOCCUS,NA,NA,NA,NA,ENTEROCOCCUS_TOTAL_NA_MPN/100ML,2023-07-05,11:30:00,AKDT,2023-07-05 19:30:00,201.2,MPN/100mL,201.2,MPN/100ML,Convert,Actual,Numeric,NA,Method Detection Level,1,MPN/100mL,1,MPN/100ML,Numeric,NA,NA,NA - Not Available,NA,NA,NA,NA,0.5,0.5,Numeric,m,m,NA,NA,NA - Not Available,NA,NA,NA,NA,NA - Not Available,NA,NA,NA,NA,NA,Standard Test Method for Enterococci in Water Using Enterolert,NA,D6503-99,ASTM,NA,WQSAR 001,AKDECWQ,Bacteria,Water sample collected from 1 ft depth. Bottles kept cool and delivered to lab within 6 hours (8 hour total hold time).,Water Bottle,NA,Final,NA,NA,NA,NA,NA,NA,NA,NA,NA,"Targeted - A targeted sample is where a ""sample"" of the subject matter, be that people, plants/animals etc is selected using certain criteria, i.e. pregnant mothers between the ages of 25-30. Targeted samples are usually used by businesses or companies carrying out surveys on a particular group of people.",Alaska Water Laboratories LLC,NA,STORET-1039514037,AKDECWQ-BB Pathogens-Kanakanak-07/05/2023-Enterococci-DUP,AKDECWQ,Alaska Dept of Environmental Conservation - Water Quality,Dillingham Pathogen Monitoring,Monitoring of pathogens (Fecal Coliform and Enterococci) at Dillingham area beaches.,Dillingham Pathogen Monitoring,https://www.waterqualitydata.us/data/providers/STORET/organizations/AKDECWQ/projects/Dillingham%20Pathogen%20Monitoring/files,Y,Alaska Department of Environmental Conservation,US,02,070,Kanakanak Beach,KANAKANAK BEACH,Estuary,ESTUARY,Beach near Kanakanak Hospital. Approximately 5 miles south of Dillingham.,59.0028897,59.0028897,-158.5329718,-158.5329718,NAD83,19030303,AKDECWQ-Kanakanak,AKDECWQ-KANAKANAK,NA,NA,NA,NA,NA,NA,NA,NA,NA,NA,NA,NA,NA,"Alaska Water Laboratory, LLC",NA,59.00345,-158.5346,NA,NA,NA,NA,NA,NA,2023-07-05,https://www.waterqualitydata.us/data/providers/STORET/organizations/AKDECWQ/activities/AKDECWQ-BB%20Pathogens-Kanakanak-07%2F05%2F2023-Enterococci-DUP/results/1039514037/resdetectqntlmts,NA,8,NA,NA,NA,NA,GPS-Unspecified,NA,NA,NA,NA,NA,NA,NA,NA,NA,NA,NA,NA,STORET,2024-08-16T19:31:04
Quality Control Sample-Field Replicate,Water,WATER,Surface Water,Total,TOTAL,Fecal Coliform,FECAL COLIFORM,NA,NA,NA,NA,FECAL COLIFORM_TOTAL_NA_CFU/100ML,2023-07-13,11:30:00,AKDT,2023-07-13 19:30:00,500,cfu/100mL,500,CFU/100ML,Convert,Actual,Numeric,NA,Method Detection Level,100,cfu/100mL,100,CFU/100ML,Numeric,NA,NA,NA - Not Available,NA,NA,NA,NA,0.5,0.5,Numeric,m,m,NA,NA,NA - Not Available,NA,NA,NA,NA,NA - Not Available,NA,NA,NA,NA,NA,9222 D ~ Membrane filtration test for fecal coliforms,https://www.nemi.gov/methods/method_summary/5587/,9222D,APHA,NA,WQSAR 001,AKDECWQ,Bacteria,Water sample collected from 1 ft depth. Bottles kept cool and delivered to lab within 6 hours (8 hour total hold time).,Water Bottle,NA,Final,NA,NA,NA,NA,NA,NA,NA,NA,NA,"Targeted - A targeted sample is where a ""sample"" of the subject matter, be that people, plants/animals etc is selected using certain criteria, i.e. pregnant mothers between the ages of 25-30. Targeted samples are usually used by businesses or companies carrying out surveys on a particular group of people.",Alaska Water Laboratories LLC,NA,STORET-1039514042,AKDECWQ-BB Pathogens-Scandinavian-07/13/2023-Fecal Coliform-DUP,AKDECWQ,Alaska Dept of Environmental Conservation - Water Quality,Dillingham Pathogen Monitoring,Monitoring of pathogens (Fecal Coliform and Enterococci) at Dillingham area beaches.,Dillingham Pathogen Monitoring,https://www.waterqualitydata.us/data/providers/STORET/organizations/AKDECWQ/projects/Dillingham%20Pathogen%20Monitoring/files,Y,Alaska Department of Environmental Conservation,US,02,070,Scandinavian Beach,SCANDINAVIAN BEACH,Estuary,ESTUARY,Beach approximately 500 FT East of the Dillingham Harbor entrance.,59.03743292,59.03743292,-158.4747797,-158.4747797,NAD83,19030303,AKDECWQ-Scandinavian,AKDECWQ-SCANDINAVIAN,NA,NA,NA,NA,NA,NA,NA,NA,NA,NA,NA,NA,NA,"Alaska Water Laboratory, LLC",NA,59.03733,-158.47673,NA,NA,NA,NA,NA,NA,2023-07-13,https://www.waterqualitydata.us/data/providers/STORET/organizations/AKDECWQ/activities/AKDECWQ-BB%20Pathogens-Scandinavian-07%2F13%2F2023-Fecal%20Coliform-DUP/results/1039514042/resdetectqntlmts,NA,8,NA,NA,NA,NA,GPS-Unspecified,NA,NA,NA,NA,NA,NA,NA,NA,NA,NA,NA,NA,STORET,2024-08-16T19:31:05
Quality Control Sample-Field Replicate,Water,WATER,Surface Water,Total,TOTAL,Fecal Coliform,FECAL COLIFORM,NA,NA,NA,NA,FECAL COLIFORM_TOTAL_NA_CFU/100ML,2023-08-07,11:34:00,AKDT,2023-08-07 19:34:00,81.82,cfu/100mL,81.82,CFU/100ML,Convert,Actual,Numeric,NA,Method Detection Level,9.09,cfu/100mL,9.09,CFU/100ML,Numeric,NA,NA,NA - Not Available,NA,NA,NA,NA,0.5,0.5,Numeric,m,m,NA,NA,NA - Not Available,NA,NA,NA,NA,NA - Not Available,NA,NA,NA,NA,NA,9222 D ~ Membrane filtration test for fecal coliforms,https://www.nemi.gov/methods/method_summary/5587/,9222D,APHA,NA,WQSAR 001,AKDECWQ,Bacteria,Water sample collected from 1 ft depth. Bottles kept cool and delivered to lab within 6 hours (8 hour total hold time).,Water Bottle,J,Final,High sediment masking (HSM) on 10mL plate,NA,NA,NA,NA,NA,NA,NA,NA,"Targeted - A targeted sample is where a ""sample"" of the subject matter, be that people, plants/animals etc is selected using certain criteria, i.e. pregnant mothers between the ages of 25-30. Targeted samples are usually used by businesses or companies carrying out surveys on a particular group of people.",Alaska Water Laboratories LLC,NA,STORET-1039514055,AKDECWQ-BB Pathogens-Kanakanak-08/07/2023-Fecal Coliform-DUP,AKDECWQ,Alaska Dept of Environmental Conservation - Water Quality,Dillingham Pathogen Monitoring,Monitoring of pathogens (Fecal Coliform and Enterococci) at Dillingham area beaches.,Dillingham Pathogen Monitoring,https://www.waterqualitydata.us/data/providers/STORET/organizations/AKDECWQ/projects/Dillingham%20Pathogen%20Monitoring/files,Y,Alaska Department of Environmental Conservation,US,02,070,Kanakanak Beach,KANAKANAK BEACH,Estuary,ESTUARY,Beach near Kanakanak Hospital. Approximately 5 miles south of Dillingham.,59.0028897,59.0028897,-158.5329718,-158.5329718,NAD83,19030303,AKDECWQ-Kanakanak,AKDECWQ-KANAKANAK,NA,NA,NA,NA,NA,NA,NA,NA,NA,NA,NA,NA,NA,"Alaska Water Laboratory, LLC",NA,59.00345,-158.5346,NA,NA,NA,NA,NA,NA,2023-08-07,https://www.waterqualitydata.us/data/providers/STORET/organizations/AKDECWQ/activities/AKDECWQ-BB%20Pathogens-Kanakanak-08%2F07%2F2023-Fecal%20Coliform-DUP/results/1039514055/resdetectqntlmts,NA,8,NA,NA,NA,NA,GPS-Unspecified,NA,NA,NA,NA,NA,NA,NA,NA,NA,NA,NA,NA,STORET,2024-08-16T19:31:06
Sample-Routine,Water,WATER,Surface Water,Total,TOTAL,Fecal Coliform,FECAL COLIFORM,NA,NA,NA,NA,FECAL COLIFORM_TOTAL_NA_CFU/100ML,2023-06-26,10:50:00,AKDT,2023-06-26 18:50:00,99.1,cfu/100mL,99.1,CFU/100ML,Convert,Actual,Numeric,NA,Method Detection Level,9.01,cfu/100mL,9.01,CFU/100ML,Numeric,NA,NA,NA - Not Available,NA,NA,NA,NA,0.5,0.5,Numeric,m,m,NA,NA,NA - Not Available,NA,NA,NA,NA,NA - Not Available,NA,NA,NA,NA,NA,9222 D ~ Membrane filtration test for fecal coliforms,https://www.nemi.gov/methods/method_summary/5587/,9222D,APHA,NA,WQSAR 001,AKDECWQ,Bacteria,Water sample collected from 1 ft depth. Bottles kept cool and delivered to lab within 6 hours (8 hour total hold time).,Water Bottle,NA,Final,NA,NA,NA,NA,NA,NA,NA,NA,NA,"Targeted - A targeted sample is where a ""sample"" of the subject matter, be that people, plants/animals etc is selected using certain criteria, i.e. pregnant mothers between the ages of 25-30. Targeted samples are usually used by businesses or companies carrying out surveys on a particular group of people.",Alaska Water Laboratories LLC,NA,STORET-1039518154,AKDECWQ-BB Pathogens-Snag Point-06/26/2023-Fecal Coliform,AKDECWQ,Alaska Dept of Environmental Conservation - Water Quality,Dillingham Pathogen Monitoring,Monitoring of pathogens (Fecal Coliform and Enterococci) at Dillingham area beaches.,Dillingham Pathogen Monitoring,https://www.waterqualitydata.us/data/providers/STORET/organizations/AKDECWQ/projects/Dillingham%20Pathogen%20Monitoring/files,Y,Alaska Department of Environmental Conservation,US,02,070,Snag Point Beach,SNAG POINT BEACH,Estuary,ESTUARY,Beach approximately 300 ft East of the Dillingham dock.,59.03786152,59.03786152,-158.4606696,-158.4606696,NAD83,19030303,AKDECWQ-Snag Point,AKDECWQ-SNAG POINT,NA,NA,NA,NA,NA,NA,NA,NA,NA,NA,NA,NA,NA,"Alaska Water Laboratory, LLC",NA,59.037867,-158.462183,NA,NA,NA,NA,NA,NA,2023-06-26,https://www.waterqualitydata.us/data/providers/STORET/organizations/AKDECWQ/activities/AKDECWQ-BB%20Pathogens-Snag%20Point-06%2F26%2F2023-Fecal%20Coliform/results/1039518154/resdetectqntlmts,NA,8,NA,NA,NA,NA,GPS-Unspecified,NA,NA,NA,NA,NA,NA,NA,NA,NA,NA,NA,NA,STORET,2024-08-16T19:31:59
Sample-Routine,Water,WATER,Surface Water,Total,TOTAL,Enterococcus,ENTEROCOCCUS,NA,NA,NA,NA,ENTEROCOCCUS_TOTAL_NA_MPN/100ML,2023-06-26,10:50:00,AKDT,2023-06-26 18:50:00,1,MPN/100mL,1,MPN/100ML,Convert,Actual,Numeric,NA,Method Detection Level,1,MPN/100mL,1,MPN/100ML,Numeric,NA,NA,NA - Not Available,NA,NA,NA,NA,0.5,0.5,Numeric,m,m,NA,NA,NA - Not Available,NA,NA,NA,NA,NA - Not Available,NA,NA,NA,NA,NA,Standard Test Method for Enterococci in Water Using Enterolert,NA,D6503-99,ASTM,NA,WQSAR 001,AKDECWQ,Bacteria,Water sample collected from 1 ft depth. Bottles kept cool and delivered to lab within 6 hours (8 hour total hold time).,Water Bottle,NA,Final,NA,NA,NA,NA,NA,NA,NA,NA,NA,"Targeted - A targeted sample is where a ""sample"" of the subject matter, be that people, plants/animals etc is selected using certain criteria, i.e. pregnant mothers between the ages of 25-30. Targeted samples are usually used by businesses or companies carrying out surveys on a particular group of people.",Alaska Water Laboratories LLC,NA,STORET-1039518258,AKDECWQ-BB Pathogens-Snag Point-06/26/2023-Enterococci,AKDECWQ,Alaska Dept of Environmental Conservation - Water Quality,Dillingham Pathogen Monitoring,Monitoring of pathogens (Fecal Coliform and Enterococci) at Dillingham area beaches.,Dillingham Pathogen Monitoring,https://www.waterqualitydata.us/data/providers/STORET/organizations/AKDECWQ/projects/Dillingham%20Pathogen%20Monitoring/files,Y,Alaska Department of Environmental Conservation,US,02,070,Snag Point Beach,SNAG POINT BEACH,Estuary,ESTUARY,Beach approximately 300 ft East of the Dillingham dock.,59.03786152,59.03786152,-158.4606696,-158.4606696,NAD83,19030303,AKDECWQ-Snag Point,AKDECWQ-SNAG POINT,NA,NA,NA,NA,NA,NA,NA,NA,NA,NA,NA,NA,NA,"Alaska Water Laboratory, LLC",NA,59.037867,-158.462183,NA,NA,NA,NA,NA,NA,2023-06-26,https://www.waterqualitydata.us/data/providers/STORET/organizations/AKDECWQ/activities/AKDECWQ-BB%20Pathogens-Snag%20Point-06%2F26%2F2023-Enterococci/results/1039518258/resdetectqntlmts,NA,8,NA,NA,NA,NA,GPS-Unspecified,NA,NA,NA,NA,NA,NA,NA,NA,NA,NA,NA,NA,STORET,2024-08-16T19:32:10
Field Msr/Obs,Water,WATER,Surface Water,NA,NA,"Temperature, water","TEMPERATURE, WATER",NA,NA,NA,NA,"TEMPERATURE, WATER_NA_NA_DEG C",2023-07-19,11:45:00,AKDT,2023-07-19 19:45:00,16.5,deg C,16.5,DEG C,Convert,Actual,Numeric,NA,NA,NA,NA,NA,NA,NA - Not Available,NA,NA,NA - Not Available,NA,NA,NA,NA,0.1,0.1,Numeric,m,m,NA,NA,NA - Not Available,NA,NA,NA,NA,NA - Not Available,NA,NA,NA,NA,NA,Temperature,https://www.nemi.gov/methods/method_summary/5216/,170.1,USEPA,NA,WQSAR 016,AKDECWQ,Water Temperature,"Water temperature collected at site using a certified handheld thermometer (e.g., NIST Traceable).",Probe/Sensor,NA,Final,NA,NA,NA,NA,NA,NA,NA,NA,NA,"Targeted - A targeted sample is where a ""sample"" of the subject matter, be that people, plants/animals etc is selected using certain criteria, i.e. pregnant mothers between the ages of 25-30. Targeted samples are usually used by businesses or companies carrying out surveys on a particular group of people.",NA,NA,STORET-1039518286,"AKDECWQ-BB Pathogens-Kanakanak-07/19/2023-Temperature, water",AKDECWQ,Alaska Dept of Environmental Conservation - Water Quality,Dillingham Pathogen Monitoring,Monitoring of pathogens (Fecal Coliform and Enterococci) at Dillingham area beaches.,Dillingham Pathogen Monitoring,https://www.waterqualitydata.us/data/providers/STORET/organizations/AKDECWQ/projects/Dillingham%20Pathogen%20Monitoring/files,Y,Alaska Department of Environmental Conservation,US,02,070,Kanakanak Beach,KANAKANAK BEACH,Estuary,ESTUARY,Beach near Kanakanak Hospital. Approximately 5 miles south of Dillingham.,59.0028897,59.0028897,-158.5329718,-158.5329718,NAD83,19030303,AKDECWQ-Kanakanak,AKDECWQ-KANAKANAK,NA,NA,NA,NA,NA,NA,NA,NA,NA,NA,NA,NA,NA,"Alaska Water Laboratory, LLC",NA,59.00345,-158.5346,NA,NA,NA,NA,NA,NA,NA,NA,NA,8,NA,NA,NA,NA,GPS-Unspecified,NA,NA,NA,NA,NA,NA,NA,NA,NA,NA,NA,NA,STORET,2024-08-16T19:32:13
Sample-Routine,Water,WATER,Surface Water,Total,TOTAL,Enterococcus,ENTEROCOCCUS,NA,NA,NA,NA,ENTEROCOCCUS_TOTAL_NA_MPN/100ML,2023-07-24,11:05:00,AKDT,2023-07-24 19:05:00,31.7,MPN/100mL,31.7,MPN/100ML,Convert,Actual,Numeric,NA,Method Detection Level,1,MPN/100mL,1,MPN/100ML,Numeric,NA,NA,NA - Not Available,NA,NA,NA,NA,0.5,0.5,Numeric,m,m,NA,NA,NA - Not Available,NA,NA,NA,NA,NA - Not Available,NA,NA,NA,NA,NA,Standard Test Method for Enterococci in Water Using Enterolert,NA,D6503-99,ASTM,NA,WQSAR 001,AKDECWQ,Bacteria,Water sample collected from 1 ft depth. Bottles kept cool and delivered to lab within 6 hours (8 hour total hold time).,Water Bottle,NA,Final,NA,NA,NA,NA,NA,NA,NA,NA,NA,"Targeted - A targeted sample is where a ""sample"" of the subject matter, be that people, plants/animals etc is selected using certain criteria, i.e. pregnant mothers between the ages of 25-30. Targeted samples are usually used by businesses or companies carrying out surveys on a particular group of people.",Alaska Water Laboratories LLC,NA,STORET-1039518311,AKDECWQ-BB Pathogens-Snag Point-07/24/2023-Enterococci,AKDECWQ,Alaska Dept of Environmental Conservation - Water Quality,Dillingham Pathogen Monitoring,Monitoring of pathogens (Fecal Coliform and Enterococci) at Dillingham area beaches.,Dillingham Pathogen Monitoring,https://www.waterqualitydata.us/data/providers/STORET/organizations/AKDECWQ/projects/Dillingham%20Pathogen%20Monitoring/files,Y,Alaska Department of Environmental Conservation,US,02,070,Snag Point Beach,SNAG POINT BEACH,Estuary,ESTUARY,Beach approximately 300 ft East of the Dillingham dock.,59.03786152,59.03786152,-158.4606696,-158.4606696,NAD83,19030303,AKDECWQ-Snag Point,AKDECWQ-SNAG POINT,NA,NA,NA,NA,NA,NA,NA,NA,NA,NA,NA,NA,NA,"Alaska Water Laboratory, LLC",NA,59.037867,-158.462183,NA,NA,NA,NA,NA,NA,2023-07-24,https://www.waterqualitydata.us/data/providers/STORET/organizations/AKDECWQ/activities/AKDECWQ-BB%20Pathogens-Snag%20Point-07%2F24%2F2023-Enterococci/results/1039518311/resdetectqntlmts,NA,8,NA,NA,NA,NA,GPS-Unspecified,NA,NA,NA,NA,NA,NA,NA,NA,NA,NA,NA,NA,STORET,2024-08-16T19:32:16
Sample-Routine,Water,WATER,Surface Water,Total,TOTAL,Enterococcus,ENTEROCOCCUS,NA,NA,NA,NA,ENTEROCOCCUS_TOTAL_NA_MPN/100ML,2023-07-05,11:15:00,AKDT,2023-07-05 19:15:00,9.3,MPN/100mL,9.3,MPN/100ML,Convert,Actual,Numeric,NA,Method Detection Level,0.91,MPN/100mL,0.91,MPN/100ML,Numeric,NA,NA,NA - Not Available,NA,NA,NA,NA,0.5,0.5,Numeric,m,m,NA,NA,NA - Not Available,NA,NA,NA,NA,NA - Not Available,NA,NA,NA,NA,NA,Standard Test Method for Enterococci in Water Using Enterolert,NA,D6503-99,ASTM,NA,WQSAR 001,AKDECWQ,Bacteria,Water sample collected from 1 ft depth. Bottles kept cool and delivered to lab within 6 hours (8 hour total hold time).,Water Bottle,NA,Final,NA,NA,NA,NA,NA,NA,NA,NA,NA,"Targeted - A targeted sample is where a ""sample"" of the subject matter, be that people, plants/animals etc is selected using certain criteria, i.e. pregnant mothers between the ages of 25-30. Targeted samples are usually used by businesses or companies carrying out surveys on a particular group of people.",Alaska Water Laboratories LLC,NA,STORET-1039518375,AKDECWQ-BB Pathogens-Snag Point-07/05/2023-Enterococci,AKDECWQ,Alaska Dept of Environmental Conservation - Water Quality,Dillingham Pathogen Monitoring,Monitoring of pathogens (Fecal Coliform and Enterococci) at Dillingham area beaches.,Dillingham Pathogen Monitoring,https://www.waterqualitydata.us/data/providers/STORET/organizations/AKDECWQ/projects/Dillingham%20Pathogen%20Monitoring/files,Y,Alaska Department of Environmental Conservation,US,02,070,Snag Point Beach,SNAG POINT BEACH,Estuary,ESTUARY,Beach approximately 300 ft East of the Dillingham dock.,59.03786152,59.03786152,-158.4606696,-158.4606696,NAD83,19030303,AKDECWQ-Snag Point,AKDECWQ-SNAG POINT,NA,NA,NA,NA,NA,NA,NA,NA,NA,NA,NA,NA,NA,"Alaska Water Laboratory, LLC",NA,59.037867,-158.462183,NA,NA,NA,NA,NA,NA,2023-07-05,https://www.waterqualitydata.us/data/providers/STORET/organizations/AKDECWQ/activities/AKDECWQ-BB%20Pathogens-Snag%20Point-07%2F05%2F2023-Enterococci/results/1039518375/resdetectqntlmts,NA,8,NA,NA,NA,NA,GPS-Unspecified,NA,NA,NA,NA,NA,NA,NA,NA,NA,NA,NA,NA,STORET,2024-08-16T19:32:20
Field Msr/Obs,Air,AIR,Ambient Air,NA,NA,"Temperature, air","TEMPERATURE, AIR",NA,NA,NA,NA,"TEMPERATURE, AIR_NA_NA_DEG C",2023-06-26,11:20:00,AKDT,2023-06-26 19:20:00,9.95,deg C,9.95,DEG C,Convert,Actual,Numeric,NA,NA,NA,NA,NA,NA,NA - Not Available,NA,NA,NA - Not Available,NA,NA,NA,NA,NA,NA,NA - Not Available,NA,NA,NA,NA,NA - Not Available,NA,NA,NA,NA,NA - Not Available,NA,NA,NA,NA,NA,Temperature,https://www.nemi.gov/methods/method_summary/5216/,170.1,USEPA,NA,WQSAR 006,AKDECWQ,Air Temperature,Temperature taken at site with a handheld digital thermometer (HANNA or YSI).,Probe/Sensor,NA,Final,NA,NA,NA,NA,NA,NA,NA,NA,NA,"Targeted - A targeted sample is where a ""sample"" of the subject matter, be that people, plants/animals etc is selected using certain criteria, i.e. pregnant mothers between the ages of 25-30. Targeted samples are usually used by businesses or companies carrying out surveys on a particular group of people.",NA,NA,STORET-1039518378,"AKDECWQ-BB Pathogens-Kanakanak-06/26/2023-Temperature, air",AKDECWQ,Alaska Dept of Environmental Conservation - Water Quality,Dillingham Pathogen Monitoring,Monitoring of pathogens (Fecal Coliform and Enterococci) at Dillingham area beaches.,Dillingham Pathogen Monitoring,https://www.waterqualitydata.us/data/providers/STORET/organizations/AKDECWQ/projects/Dillingham%20Pathogen%20Monitoring/files,Y,Alaska Department of Environmental Conservation,US,02,070,Kanakanak Beach,KANAKANAK BEACH,Estuary,ESTUARY,Beach near Kanakanak Hospital. Approximately 5 miles south of Dillingham.,59.0028897,59.0028897,-158.5329718,-158.5329718,NAD83,19030303,AKDECWQ-Kanakanak,AKDECWQ-KANAKANAK,NA,NA,NA,NA,NA,NA,NA,NA,NA,NA,NA,NA,NA,"Alaska Water Laboratory, LLC",NA,59.00345,-158.5346,NA,NA,NA,NA,NA,NA,NA,NA,NA,8,NA,NA,NA,NA,GPS-Unspecified,NA,NA,NA,NA,NA,NA,NA,NA,NA,NA,NA,NA,STORET,2024-08-16T19:32:21
Sample-Routine,Water,WATER,Surface Water,Total,TOTAL,Fecal Coliform,FECAL COLIFORM,NA,NA,NA,NA,FECAL COLIFORM_TOTAL_NA_CFU/100ML,2023-08-07,11:34:00,AKDT,2023-08-07 19:34:00,40,cfu/100mL,40,CFU/100ML,Convert,Actual,Numeric,NA,Method Detection Level,10,cfu/100mL,10,CFU/100ML,Numeric,NA,NA,NA - Not Available,NA,NA,NA,NA,0.5,0.5,Numeric,m,m,NA,NA,NA - Not Available,NA,NA,NA,NA,NA - Not Available,NA,NA,NA,NA,NA,9222 D ~ Membrane filtration test for fecal coliforms,https://www.nemi.gov/methods/method_summary/5587/,9222D,APHA,NA,WQSAR 001,AKDECWQ,Bacteria,Water sample collected from 1 ft depth. Bottles kept cool and delivered to lab within 6 hours (8 hour total hold time).,Water Bottle,J,Final,High sediment masking (HSM) on 10mL plate,NA,NA,NA,NA,NA,NA,NA,NA,"Targeted - A targeted sample is where a ""sample"" of the subject matter, be that people, plants/animals etc is selected using certain criteria, i.e. pregnant mothers between the ages of 25-30. Targeted samples are usually used by businesses or companies carrying out surveys on a particular group of people.",Alaska Water Laboratories LLC,NA,STORET-1039518392,AKDECWQ-BB Pathogens-Kanakanak-08/07/2023-Fecal Coliform,AKDECWQ,Alaska Dept of Environmental Conservation - Water Quality,Dillingham Pathogen Monitoring,Monitoring of pathogens (Fecal Coliform and Enterococci) at Dillingham area beaches.,Dillingham Pathogen Monitoring,https://www.waterqualitydata.us/data/providers/STORET/organizations/AKDECWQ/projects/Dillingham%20Pathogen%20Monitoring/files,Y,Alaska Department of Environmental Conservation,US,02,070,Kanakanak Beach,KANAKANAK BEACH,Estuary,ESTUARY,Beach near Kanakanak Hospital. Approximately 5 miles south of Dillingham.,59.0028897,59.0028897,-158.5329718,-158.5329718,NAD83,19030303,AKDECWQ-Kanakanak,AKDECWQ-KANAKANAK,NA,NA,NA,NA,NA,NA,NA,NA,NA,NA,NA,NA,NA,"Alaska Water Laboratory, LLC",NA,59.00345,-158.5346,NA,NA,NA,NA,NA,NA,2023-08-07,https://www.waterqualitydata.us/data/providers/STORET/organizations/AKDECWQ/activities/AKDECWQ-BB%20Pathogens-Kanakanak-08%2F07%2F2023-Fecal%20Coliform/results/1039518392/resdetectqntlmts,NA,8,NA,NA,NA,NA,GPS-Unspecified,NA,NA,NA,NA,NA,NA,NA,NA,NA,NA,NA,NA,STORET,2024-08-16T19:32:22
Sample-Routine,Water,WATER,Surface Water,Total,TOTAL,Enterococcus,ENTEROCOCCUS,NA,NA,NA,NA,ENTEROCOCCUS_TOTAL_NA_MPN/100ML,2023-07-05,11:00:00,AKDT,2023-07-05 19:00:00,13.45,MPN/100mL,13.45,MPN/100ML,Convert,Actual,Numeric,NA,Method Detection Level,0.91,MPN/100mL,0.91,MPN/100ML,Numeric,NA,NA,NA - Not Available,NA,NA,NA,NA,0.5,0.5,Numeric,m,m,NA,NA,NA - Not Available,NA,NA,NA,NA,NA - Not Available,NA,NA,NA,NA,NA,Standard Test Method for Enterococci in Water Using Enterolert,NA,D6503-99,ASTM,NA,WQSAR 001,AKDECWQ,Bacteria,Water sample collected from 1 ft depth. Bottles kept cool and delivered to lab within 6 hours (8 hour total hold time).,Water Bottle,H,Final,NA,NA,NA,NA,NA,NA,NA,NA,NA,"Targeted - A targeted sample is where a ""sample"" of the subject matter, be that people, plants/animals etc is selected using certain criteria, i.e. pregnant mothers between the ages of 25-30. Targeted samples are usually used by businesses or companies carrying out surveys on a particular group of people.",Alaska Water Laboratories LLC,NA,STORET-1039518465,AKDECWQ-BB Pathogens-Scandinavian-07/05/2023-Enterococci,AKDECWQ,Alaska Dept of Environmental Conservation - Water Quality,Dillingham Pathogen Monitoring,Monitoring of pathogens (Fecal Coliform and Enterococci) at Dillingham area beaches.,Dillingham Pathogen Monitoring,https://www.waterqualitydata.us/data/providers/STORET/organizations/AKDECWQ/projects/Dillingham%20Pathogen%20Monitoring/files,Y,Alaska Department of Environmental Conservation,US,02,070,Scandinavian Beach,SCANDINAVIAN BEACH,Estuary,ESTUARY,Beach approximately 500 FT East of the Dillingham Harbor entrance.,59.03743292,59.03743292,-158.4747797,-158.4747797,NAD83,19030303,AKDECWQ-Scandinavian,AKDECWQ-SCANDINAVIAN,NA,NA,NA,NA,NA,NA,NA,NA,NA,NA,NA,NA,NA,"Alaska Water Laboratory, LLC",NA,59.03733,-158.47673,NA,NA,NA,NA,NA,NA,2023-07-05,https://www.waterqualitydata.us/data/providers/STORET/organizations/AKDECWQ/activities/AKDECWQ-BB%20Pathogens-Scandinavian-07%2F05%2F2023-Enterococci/results/1039518465/resdetectqntlmts,NA,8,NA,NA,NA,NA,GPS-Unspecified,NA,NA,NA,NA,NA,NA,NA,NA,NA,NA,NA,NA,STORET,2024-08-16T19:32:28
Sample-Routine,Water,WATER,Surface Water,Total,TOTAL,Enterococcus,ENTEROCOCCUS,NA,NA,NA,NA,ENTEROCOCCUS_TOTAL_NA_MPN/100ML,2023-07-13,12:00:00,AKDT,2023-07-13 20:00:00,NA,MPN/100mL,NA,MPN/100ML,No Result Value,Actual,NA - Not Available,Not Detected,Method Detection Level,1,MPN/100mL,1,MPN/100ML,Numeric,NA,NA,NA - Not Available,NA,NA,NA,NA,0.5,0.5,Numeric,m,m,NA,NA,NA - Not Available,NA,NA,NA,NA,NA - Not Available,NA,NA,NA,NA,NA,Standard Test Method for Enterococci in Water Using Enterolert,NA,D6503-99,ASTM,NA,WQSAR 001,AKDECWQ,Bacteria,Water sample collected from 1 ft depth. Bottles kept cool and delivered to lab within 6 hours (8 hour total hold time).,Water Bottle,U,Final,NA,NA,NA,NA,NA,NA,NA,NA,NA,"Targeted - A targeted sample is where a ""sample"" of the subject matter, be that people, plants/animals etc is selected using certain criteria, i.e. pregnant mothers between the ages of 25-30. Targeted samples are usually used by businesses or companies carrying out surveys on a particular group of people.",Alaska Water Laboratories LLC,NA,STORET-1039518466,AKDECWQ-BB Pathogens-Kanakanak-07/13/2023-Enterococci,AKDECWQ,Alaska Dept of Environmental Conservation - Water Quality,Dillingham Pathogen Monitoring,Monitoring of pathogens (Fecal Coliform and Enterococci) at Dillingham area beaches.,Dillingham Pathogen Monitoring,https://www.waterqualitydata.us/data/providers/STORET/organizations/AKDECWQ/projects/Dillingham%20Pathogen%20Monitoring/files,Y,Alaska Department of Environmental Conservation,US,02,070,Kanakanak Beach,KANAKANAK BEACH,Estuary,ESTUARY,Beach near Kanakanak Hospital. Approximately 5 miles south of Dillingham.,59.0028897,59.0028897,-158.5329718,-158.5329718,NAD83,19030303,AKDECWQ-Kanakanak,AKDECWQ-KANAKANAK,NA,NA,NA,NA,NA,NA,NA,NA,NA,NA,NA,NA,NA,"Alaska Water Laboratory, LLC",NA,59.00345,-158.5346,NA,NA,NA,NA,NA,NA,2023-07-13,https://www.waterqualitydata.us/data/providers/STORET/organizations/AKDECWQ/activities/AKDECWQ-BB%20Pathogens-Kanakanak-07%2F13%2F2023-Enterococci/results/1039518466/resdetectqntlmts,NA,8,NA,NA,NA,NA,GPS-Unspecified,NA,NA,NA,NA,NA,NA,NA,NA,NA,NA,NA,NA,STORET,2024-08-16T19:32:28
Field Msr/Obs,Water,WATER,Surface Water,NA,NA,"Temperature, water","TEMPERATURE, WATER",NA,NA,NA,NA,"TEMPERATURE, WATER_NA_NA_DEG C",2023-06-26,11:45:00,AKDT,2023-06-26 19:45:00,10.1,deg C,10.1,DEG C,Convert,Actual,Numeric,NA,NA,NA,NA,NA,NA,NA - Not Available,NA,NA,NA - Not Available,NA,NA,NA,NA,0.1,0.1,Numeric,m,m,NA,NA,NA - Not Available,NA,NA,NA,NA,NA - Not Available,NA,NA,NA,NA,NA,Temperature,https://www.nemi.gov/methods/method_summary/5216/,170.1,USEPA,NA,WQSAR 016,AKDECWQ,Water Temperature,"Water temperature collected at site using a certified handheld thermometer (e.g., NIST Traceable).",Probe/Sensor,NA,Final,NA,NA,NA,NA,NA,NA,NA,NA,NA,"Targeted - A targeted sample is where a ""sample"" of the subject matter, be that people, plants/animals etc is selected using certain criteria, i.e. pregnant mothers between the ages of 25-30. Targeted samples are usually used by businesses or companies carrying out surveys on a particular group of people.",NA,NA,STORET-1039518555,"AKDECWQ-BB Pathogens-Scandinavian-06/26/2023-Temperature, water",AKDECWQ,Alaska Dept of Environmental Conservation - Water Quality,Dillingham Pathogen Monitoring,Monitoring of pathogens (Fecal Coliform and Enterococci) at Dillingham area beaches.,Dillingham Pathogen Monitoring,https://www.waterqualitydata.us/data/providers/STORET/organizations/AKDECWQ/projects/Dillingham%20Pathogen%20Monitoring/files,Y,Alaska Department of Environmental Conservation,US,02,070,Scandinavian Beach,SCANDINAVIAN BEACH,Estuary,ESTUARY,Beach approximately 500 FT East of the Dillingham Harbor entrance.,59.03743292,59.03743292,-158.4747797,-158.4747797,NAD83,19030303,AKDECWQ-Scandinavian,AKDECWQ-SCANDINAVIAN,NA,NA,NA,NA,NA,NA,NA,NA,NA,NA,NA,NA,NA,"Alaska Water Laboratory, LLC",NA,59.03733,-158.47673,NA,NA,NA,NA,NA,NA,NA,NA,NA,8,NA,NA,NA,NA,GPS-Unspecified,NA,NA,NA,NA,NA,NA,NA,NA,NA,NA,NA,NA,STORET,2024-08-16T19:32:36
Field Msr/Obs,Water,WATER,Surface Water,NA,NA,"Temperature, water","TEMPERATURE, WATER",NA,NA,NA,NA,"TEMPERATURE, WATER_NA_NA_DEG C",2023-08-07,11:10:00,AKDT,2023-08-07 19:10:00,15.1,deg C,15.1,DEG C,Convert,Actual,Numeric,NA,NA,NA,NA,NA,NA,NA - Not Available,NA,NA,NA - Not Available,NA,NA,NA,NA,0.1,0.1,Numeric,m,m,NA,NA,NA - Not Available,NA,NA,NA,NA,NA - Not Available,NA,NA,NA,NA,NA,Temperature,https://www.nemi.gov/methods/method_summary/5216/,170.1,USEPA,NA,WQSAR 016,AKDECWQ,Water Temperature,"Water temperature collected at site using a certified handheld thermometer (e.g., NIST Traceable).",Probe/Sensor,NA,Final,NA,NA,NA,NA,NA,NA,NA,NA,NA,"Targeted - A targeted sample is where a ""sample"" of the subject matter, be that people, plants/animals etc is selected using certain criteria, i.e. pregnant mothers between the ages of 25-30. Targeted samples are usually used by businesses or companies carrying out surveys on a particular group of people.",NA,NA,STORET-1039518556,"AKDECWQ-BB Pathogens-Scandinavian-08/07/2023-Temperature, water",AKDECWQ,Alaska Dept of Environmental Conservation - Water Quality,Dillingham Pathogen Monitoring,Monitoring of pathogens (Fecal Coliform and Enterococci) at Dillingham area beaches.,Dillingham Pathogen Monitoring,https://www.waterqualitydata.us/data/providers/STORET/organizations/AKDECWQ/projects/Dillingham%20Pathogen%20Monitoring/files,Y,Alaska Department of Environmental Conservation,US,02,070,Scandinavian Beach,SCANDINAVIAN BEACH,Estuary,ESTUARY,Beach approximately 500 FT East of the Dillingham Harbor entrance.,59.03743292,59.03743292,-158.4747797,-158.4747797,NAD83,19030303,AKDECWQ-Scandinavian,AKDECWQ-SCANDINAVIAN,NA,NA,NA,NA,NA,NA,NA,NA,NA,NA,NA,NA,NA,"Alaska Water Laboratory, LLC",NA,59.03733,-158.47673,NA,NA,NA,NA,NA,NA,NA,NA,NA,8,NA,NA,NA,NA,GPS-Unspecified,NA,NA,NA,NA,NA,NA,NA,NA,NA,NA,NA,NA,STORET,2024-08-16T19:32:37
Field Msr/Obs,Air,AIR,Ambient Air,NA,NA,"Temperature, air","TEMPERATURE, AIR",NA,NA,NA,NA,"TEMPERATURE, AIR_NA_NA_DEG C",2023-07-19,11:45:00,AKDT,2023-07-19 19:45:00,18.45,deg C,18.45,DEG C,Convert,Actual,Numeric,NA,NA,NA,NA,NA,NA,NA - Not Available,NA,NA,NA - Not Available,NA,NA,NA,NA,NA,NA,NA - Not Available,NA,NA,NA,NA,NA - Not Available,NA,NA,NA,NA,NA - Not Available,NA,NA,NA,NA,NA,Temperature,https://www.nemi.gov/methods/method_summary/5216/,170.1,USEPA,NA,WQSAR 006,AKDECWQ,Air Temperature,Temperature taken at site with a handheld digital thermometer (HANNA or YSI).,Probe/Sensor,NA,Final,NA,NA,NA,NA,NA,NA,NA,NA,NA,"Targeted - A targeted sample is where a ""sample"" of the subject matter, be that people, plants/animals etc is selected using certain criteria, i.e. pregnant mothers between the ages of 25-30. Targeted samples are usually used by businesses or companies carrying out surveys on a particular group of people.",NA,NA,STORET-1039518568,"AKDECWQ-BB Pathogens-Kanakanak-07/19/2023-Temperature, air",AKDECWQ,Alaska Dept of Environmental Conservation - Water Quality,Dillingham Pathogen Monitoring,Monitoring of pathogens (Fecal Coliform and Enterococci) at Dillingham area beaches.,Dillingham Pathogen Monitoring,https://www.waterqualitydata.us/data/providers/STORET/organizations/AKDECWQ/projects/Dillingham%20Pathogen%20Monitoring/files,Y,Alaska Department of Environmental Conservation,US,02,070,Kanakanak Beach,KANAKANAK BEACH,Estuary,ESTUARY,Beach near Kanakanak Hospital. Approximately 5 miles south of Dillingham.,59.0028897,59.0028897,-158.5329718,-158.5329718,NAD83,19030303,AKDECWQ-Kanakanak,AKDECWQ-KANAKANAK,NA,NA,NA,NA,NA,NA,NA,NA,NA,NA,NA,NA,NA,"Alaska Water Laboratory, LLC",NA,59.00345,-158.5346,NA,NA,NA,NA,NA,NA,NA,NA,NA,8,NA,NA,NA,NA,GPS-Unspecified,NA,NA,NA,NA,NA,NA,NA,NA,NA,NA,NA,NA,STORET,2024-08-16T19:32:38
Field Msr/Obs,Air,AIR,Ambient Air,NA,NA,"Temperature, air","TEMPERATURE, AIR",NA,NA,NA,NA,"TEMPERATURE, AIR_NA_NA_DEG C",2023-08-07,11:10:00,AKDT,2023-08-07 19:10:00,12.75,deg C,12.75,DEG C,Convert,Actual,Numeric,NA,NA,NA,NA,NA,NA,NA - Not Available,NA,NA,NA - Not Available,NA,NA,NA,NA,NA,NA,NA - Not Available,NA,NA,NA,NA,NA - Not Available,NA,NA,NA,NA,NA - Not Available,NA,NA,NA,NA,NA,Temperature,https://www.nemi.gov/methods/method_summary/5216/,170.1,USEPA,NA,WQSAR 006,AKDECWQ,Air Temperature,Temperature taken at site with a handheld digital thermometer (HANNA or YSI).,Probe/Sensor,NA,Final,NA,NA,NA,NA,NA,NA,NA,NA,NA,"Targeted - A targeted sample is where a ""sample"" of the subject matter, be that people, plants/animals etc is selected using certain criteria, i.e. pregnant mothers between the ages of 25-30. Targeted samples are usually used by businesses or companies carrying out surveys on a particular group of people.",NA,NA,STORET-1039518574,"AKDECWQ-BB Pathogens-Scandinavian-08/07/2023-Temperature, air",AKDECWQ,Alaska Dept of Environmental Conservation - Water Quality,Dillingham Pathogen Monitoring,Monitoring of pathogens (Fecal Coliform and Enterococci) at Dillingham area beaches.,Dillingham Pathogen Monitoring,https://www.waterqualitydata.us/data/providers/STORET/organizations/AKDECWQ/projects/Dillingham%20Pathogen%20Monitoring/files,Y,Alaska Department of Environmental Conservation,US,02,070,Scandinavian Beach,SCANDINAVIAN BEACH,Estuary,ESTUARY,Beach approximately 500 FT East of the Dillingham Harbor entrance.,59.03743292,59.03743292,-158.4747797,-158.4747797,NAD83,19030303,AKDECWQ-Scandinavian,AKDECWQ-SCANDINAVIAN,NA,NA,NA,NA,NA,NA,NA,NA,NA,NA,NA,NA,NA,"Alaska Water Laboratory, LLC",NA,59.03733,-158.47673,NA,NA,NA,NA,NA,NA,NA,NA,NA,8,NA,NA,NA,NA,GPS-Unspecified,NA,NA,NA,NA,NA,NA,NA,NA,NA,NA,NA,NA,STORET,2024-08-16T19:32:39
Quality Control Sample-Field Replicate,Water,WATER,Surface Water,Total,TOTAL,Enterococcus,ENTEROCOCCUS,NA,NA,NA,NA,ENTEROCOCCUS_TOTAL_NA_MPN/100ML,2023-07-13,11:30:00,AKDT,2023-07-13 19:30:00,1,MPN/100mL,1,MPN/100ML,Convert,Actual,Numeric,NA,Method Detection Level,1,MPN/100mL,1,MPN/100ML,Numeric,NA,NA,NA - Not Available,NA,NA,NA,NA,0.5,0.5,Numeric,m,m,NA,NA,NA - Not Available,NA,NA,NA,NA,NA - Not Available,NA,NA,NA,NA,NA,Standard Test Method for Enterococci in Water Using Enterolert,NA,D6503-99,ASTM,NA,WQSAR 001,AKDECWQ,Bacteria,Water sample collected from 1 ft depth. Bottles kept cool and delivered to lab within 6 hours (8 hour total hold time).,Water Bottle,NA,Final,NA,NA,NA,NA,NA,NA,NA,NA,NA,"Targeted - A targeted sample is where a ""sample"" of the subject matter, be that people, plants/animals etc is selected using certain criteria, i.e. pregnant mothers between the ages of 25-30. Targeted samples are usually used by businesses or companies carrying out surveys on a particular group of people.",Alaska Water Laboratories LLC,NA,STORET-1039518706,AKDECWQ-BB Pathogens-Scandinavian-07/13/2023-Enterococci-DUP,AKDECWQ,Alaska Dept of Environmental Conservation - Water Quality,Dillingham Pathogen Monitoring,Monitoring of pathogens (Fecal Coliform and Enterococci) at Dillingham area beaches.,Dillingham Pathogen Monitoring,https://www.waterqualitydata.us/data/providers/STORET/organizations/AKDECWQ/projects/Dillingham%20Pathogen%20Monitoring/files,Y,Alaska Department of Environmental Conservation,US,02,070,Scandinavian Beach,SCANDINAVIAN BEACH,Estuary,ESTUARY,Beach approximately 500 FT East of the Dillingham Harbor entrance.,59.03743292,59.03743292,-158.4747797,-158.4747797,NAD83,19030303,AKDECWQ-Scandinavian,AKDECWQ-SCANDINAVIAN,NA,NA,NA,NA,NA,NA,NA,NA,NA,NA,NA,NA,NA,"Alaska Water Laboratory, LLC",NA,59.03733,-158.47673,NA,NA,NA,NA,NA,NA,2023-07-13,https://www.waterqualitydata.us/data/providers/STORET/organizations/AKDECWQ/activities/AKDECWQ-BB%20Pathogens-Scandinavian-07%2F13%2F2023-Enterococci-DUP/results/1039518706/resdetectqntlmts,NA,8,NA,NA,NA,NA,GPS-Unspecified,NA,NA,NA,NA,NA,NA,NA,NA,NA,NA,NA,NA,STORET,2024-08-16T19:32:51
Quality Control Sample-Field Blank,Water,WATER,Surface Water,Total,TOTAL,Enterococcus,ENTEROCOCCUS,NA,NA,NA,NA,ENTEROCOCCUS_TOTAL_NA_MPN/100ML,2023-07-05,11:30:00,AKDT,2023-07-05 19:30:00,NA,MPN/100mL,NA,MPN/100ML,No Result Value,Actual,NA - Not Available,Not Detected,Method Detection Level,1,MPN/100mL,1,MPN/100ML,Numeric,NA,NA,NA - Not Available,NA,NA,NA,NA,0.5,0.5,Numeric,m,m,NA,NA,NA - Not Available,NA,NA,NA,NA,NA - Not Available,NA,NA,NA,NA,NA,Standard Test Method for Enterococci in Water Using Enterolert,NA,D6503-99,ASTM,NA,WQSAR 001,AKDECWQ,Bacteria,Water sample collected from 1 ft depth. Bottles kept cool and delivered to lab within 6 hours (8 hour total hold time).,Water Bottle,U,Final,NA,NA,NA,NA,NA,NA,NA,NA,NA,"Targeted - A targeted sample is where a ""sample"" of the subject matter, be that people, plants/animals etc is selected using certain criteria, i.e. pregnant mothers between the ages of 25-30. Targeted samples are usually used by businesses or companies carrying out surveys on a particular group of people.",Alaska Water Laboratories LLC,NA,STORET-1039518710,AKDECWQ-BB Pathogens-Kanakanak-07/05/2023-Enterococci-Blank,AKDECWQ,Alaska Dept of Environmental Conservation - Water Quality,Dillingham Pathogen Monitoring,Monitoring of pathogens (Fecal Coliform and Enterococci) at Dillingham area beaches.,Dillingham Pathogen Monitoring,https://www.waterqualitydata.us/data/providers/STORET/organizations/AKDECWQ/projects/Dillingham%20Pathogen%20Monitoring/files,Y,Alaska Department of Environmental Conservation,US,02,070,Kanakanak Beach,KANAKANAK BEACH,Estuary,ESTUARY,Beach near Kanakanak Hospital. Approximately 5 miles south of Dillingham.,59.0028897,59.0028897,-158.5329718,-158.5329718,NAD83,19030303,AKDECWQ-Kanakanak,AKDECWQ-KANAKANAK,NA,NA,NA,NA,NA,NA,NA,NA,NA,NA,NA,NA,NA,"Alaska Water Laboratory, LLC",NA,59.00345,-158.5346,NA,NA,NA,NA,NA,NA,2023-07-05,https://www.waterqualitydata.us/data/providers/STORET/organizations/AKDECWQ/activities/AKDECWQ-BB%20Pathogens-Kanakanak-07%2F05%2F2023-Enterococci-Blank/results/1039518710/resdetectqntlmts,NA,8,NA,NA,NA,NA,GPS-Unspecified,NA,NA,NA,NA,NA,NA,NA,NA,NA,NA,NA,NA,STORET,2024-08-16T19:32:52
Sample-Routine,Water,WATER,Surface Water,Total,TOTAL,Enterococcus,ENTEROCOCCUS,NA,NA,NA,NA,ENTEROCOCCUS_TOTAL_NA_MPN/100ML,2023-08-07,12:05:00,AKDT,2023-08-07 20:05:00,7.3,MPN/100mL,7.3,MPN/100ML,Convert,Actual,Numeric,NA,Method Detection Level,1,MPN/100mL,1,MPN/100ML,Numeric,NA,NA,NA - Not Available,NA,NA,NA,NA,0.5,0.5,Numeric,m,m,NA,NA,NA - Not Available,NA,NA,NA,NA,NA - Not Available,NA,NA,NA,NA,NA,Standard Test Method for Enterococci in Water Using Enterolert,NA,D6503-99,ASTM,NA,WQSAR 001,AKDECWQ,Bacteria,Water sample collected from 1 ft depth. Bottles kept cool and delivered to lab within 6 hours (8 hour total hold time).,Water Bottle,NA,Final,NA,NA,NA,NA,NA,NA,NA,NA,NA,"Targeted - A targeted sample is where a ""sample"" of the subject matter, be that people, plants/animals etc is selected using certain criteria, i.e. pregnant mothers between the ages of 25-30. Targeted samples are usually used by businesses or companies carrying out surveys on a particular group of people.",Alaska Water Laboratories LLC,NA,STORET-1039524667,AKDECWQ-BB Pathogens-Snag Point-08/07/2023-Enterococci,AKDECWQ,Alaska Dept of Environmental Conservation - Water Quality,Dillingham Pathogen Monitoring,Monitoring of pathogens (Fecal Coliform and Enterococci) at Dillingham area beaches.,Dillingham Pathogen Monitoring,https://www.waterqualitydata.us/data/providers/STORET/organizations/AKDECWQ/projects/Dillingham%20Pathogen%20Monitoring/files,Y,Alaska Department of Environmental Conservation,US,02,070,Snag Point Beach,SNAG POINT BEACH,Estuary,ESTUARY,Beach approximately 300 ft East of the Dillingham dock.,59.03786152,59.03786152,-158.4606696,-158.4606696,NAD83,19030303,AKDECWQ-Snag Point,AKDECWQ-SNAG POINT,NA,NA,NA,NA,NA,NA,NA,NA,NA,NA,NA,NA,NA,"Alaska Water Laboratory, LLC",NA,59.037867,-158.462183,NA,NA,NA,NA,NA,NA,2023-08-07,https://www.waterqualitydata.us/data/providers/STORET/organizations/AKDECWQ/activities/AKDECWQ-BB%20Pathogens-Snag%20Point-08%2F07%2F2023-Enterococci/results/1039524667/resdetectqntlmts,NA,8,NA,NA,NA,NA,GPS-Unspecified,NA,NA,NA,NA,NA,NA,NA,NA,NA,NA,NA,NA,STORET,2024-08-16T19:33:54
Sample-Routine,Water,WATER,Surface Water,Total,TOTAL,Fecal Coliform,FECAL COLIFORM,NA,NA,NA,NA,FECAL COLIFORM_TOTAL_NA_CFU/100ML,2023-06-26,11:20:00,AKDT,2023-06-26 19:20:00,60,cfu/100mL,60,CFU/100ML,Convert,Actual,Numeric,NA,Method Detection Level,10,cfu/100mL,10,CFU/100ML,Numeric,NA,NA,NA - Not Available,NA,NA,NA,NA,0.5,0.5,Numeric,m,m,NA,NA,NA - Not Available,NA,NA,NA,NA,NA - Not Available,NA,NA,NA,NA,NA,9222 D ~ Membrane filtration test for fecal coliforms,https://www.nemi.gov/methods/method_summary/5587/,9222D,APHA,NA,WQSAR 001,AKDECWQ,Bacteria,Water sample collected from 1 ft depth. Bottles kept cool and delivered to lab within 6 hours (8 hour total hold time).,Water Bottle,NA,Final,NA,NA,NA,NA,NA,NA,NA,NA,NA,"Targeted - A targeted sample is where a ""sample"" of the subject matter, be that people, plants/animals etc is selected using certain criteria, i.e. pregnant mothers between the ages of 25-30. Targeted samples are usually used by businesses or companies carrying out surveys on a particular group of people.",Alaska Water Laboratories LLC,NA,STORET-1039524697,AKDECWQ-BB Pathogens-Kanakanak-06/26/2023-Fecal Coliform,AKDECWQ,Alaska Dept of Environmental Conservation - Water Quality,Dillingham Pathogen Monitoring,Monitoring of pathogens (Fecal Coliform and Enterococci) at Dillingham area beaches.,Dillingham Pathogen Monitoring,https://www.waterqualitydata.us/data/providers/STORET/organizations/AKDECWQ/projects/Dillingham%20Pathogen%20Monitoring/files,Y,Alaska Department of Environmental Conservation,US,02,070,Kanakanak Beach,KANAKANAK BEACH,Estuary,ESTUARY,Beach near Kanakanak Hospital. Approximately 5 miles south of Dillingham.,59.0028897,59.0028897,-158.5329718,-158.5329718,NAD83,19030303,AKDECWQ-Kanakanak,AKDECWQ-KANAKANAK,NA,NA,NA,NA,NA,NA,NA,NA,NA,NA,NA,NA,NA,"Alaska Water Laboratory, LLC",NA,59.00345,-158.5346,NA,NA,NA,NA,NA,NA,2023-06-26,https://www.waterqualitydata.us/data/providers/STORET/organizations/AKDECWQ/activities/AKDECWQ-BB%20Pathogens-Kanakanak-06%2F26%2F2023-Fecal%20Coliform/results/1039524697/resdetectqntlmts,NA,8,NA,NA,NA,NA,GPS-Unspecified,NA,NA,NA,NA,NA,NA,NA,NA,NA,NA,NA,NA,STORET,2024-08-16T19:33:57
Sample-Routine,Water,WATER,Surface Water,Total,TOTAL,Enterococcus,ENTEROCOCCUS,NA,NA,NA,NA,ENTEROCOCCUS_TOTAL_NA_MPN/100ML,2023-07-13,11:30:00,AKDT,2023-07-13 19:30:00,2,MPN/100mL,2,MPN/100ML,Convert,Actual,Numeric,NA,Method Detection Level,1,MPN/100mL,1,MPN/100ML,Numeric,NA,NA,NA - Not Available,NA,NA,NA,NA,0.5,0.5,Numeric,m,m,NA,NA,NA - Not Available,NA,NA,NA,NA,NA - Not Available,NA,NA,NA,NA,NA,Standard Test Method for Enterococci in Water Using Enterolert,NA,D6503-99,ASTM,NA,WQSAR 001,AKDECWQ,Bacteria,Water sample collected from 1 ft depth. Bottles kept cool and delivered to lab within 6 hours (8 hour total hold time).,Water Bottle,NA,Final,NA,NA,NA,NA,NA,NA,NA,NA,NA,"Targeted - A targeted sample is where a ""sample"" of the subject matter, be that people, plants/animals etc is selected using certain criteria, i.e. pregnant mothers between the ages of 25-30. Targeted samples are usually used by businesses or companies carrying out surveys on a particular group of people.",Alaska Water Laboratories LLC,NA,STORET-1039524720,AKDECWQ-BB Pathogens-Scandinavian-07/13/2023-Enterococci,AKDECWQ,Alaska Dept of Environmental Conservation - Water Quality,Dillingham Pathogen Monitoring,Monitoring of pathogens (Fecal Coliform and Enterococci) at Dillingham area beaches.,Dillingham Pathogen Monitoring,https://www.waterqualitydata.us/data/providers/STORET/organizations/AKDECWQ/projects/Dillingham%20Pathogen%20Monitoring/files,Y,Alaska Department of Environmental Conservation,US,02,070,Scandinavian Beach,SCANDINAVIAN BEACH,Estuary,ESTUARY,Beach approximately 500 FT East of the Dillingham Harbor entrance.,59.03743292,59.03743292,-158.4747797,-158.4747797,NAD83,19030303,AKDECWQ-Scandinavian,AKDECWQ-SCANDINAVIAN,NA,NA,NA,NA,NA,NA,NA,NA,NA,NA,NA,NA,NA,"Alaska Water Laboratory, LLC",NA,59.03733,-158.47673,NA,NA,NA,NA,NA,NA,2023-07-13,https://www.waterqualitydata.us/data/providers/STORET/organizations/AKDECWQ/activities/AKDECWQ-BB%20Pathogens-Scandinavian-07%2F13%2F2023-Enterococci/results/1039524720/resdetectqntlmts,NA,8,NA,NA,NA,NA,GPS-Unspecified,NA,NA,NA,NA,NA,NA,NA,NA,NA,NA,NA,NA,STORET,2024-08-16T19:34:00
Field Msr/Obs,Air,AIR,Ambient Air,NA,NA,"Temperature, air","TEMPERATURE, AIR",NA,NA,NA,NA,"TEMPERATURE, AIR_NA_NA_DEG C",2023-05-24,14:30:00,AKDT,2023-05-24 22:30:00,11.76,deg C,11.76,DEG C,Convert,Actual,Numeric,NA,NA,NA,NA,NA,NA,NA - Not Available,NA,NA,NA - Not Available,NA,NA,NA,NA,NA,NA,NA - Not Available,NA,NA,NA,NA,NA - Not Available,NA,NA,NA,NA,NA - Not Available,NA,NA,NA,NA,NA,Temperature,https://www.nemi.gov/methods/method_summary/5216/,170.1,USEPA,NA,WQSAR 006,AKDECWQ,Air Temperature,Temperature taken at site with a handheld digital thermometer (HANNA or YSI).,Probe/Sensor,NA,Final,NA,NA,NA,NA,NA,NA,NA,NA,NA,"Targeted - A targeted sample is where a ""sample"" of the subject matter, be that people, plants/animals etc is selected using certain criteria, i.e. pregnant mothers between the ages of 25-30. Targeted samples are usually used by businesses or companies carrying out surveys on a particular group of people.",NA,NA,STORET-1039524799,"AKDECWQ-BB Pathogens-Kanakanak-05/24/2023-Temperature, air",AKDECWQ,Alaska Dept of Environmental Conservation - Water Quality,Dillingham Pathogen Monitoring,Monitoring of pathogens (Fecal Coliform and Enterococci) at Dillingham area beaches.,Dillingham Pathogen Monitoring,https://www.waterqualitydata.us/data/providers/STORET/organizations/AKDECWQ/projects/Dillingham%20Pathogen%20Monitoring/files,Y,Alaska Department of Environmental Conservation,US,02,070,Kanakanak Beach,KANAKANAK BEACH,Estuary,ESTUARY,Beach near Kanakanak Hospital. Approximately 5 miles south of Dillingham.,59.0028897,59.0028897,-158.5329718,-158.5329718,NAD83,19030303,AKDECWQ-Kanakanak,AKDECWQ-KANAKANAK,NA,NA,NA,NA,NA,NA,NA,NA,NA,NA,NA,NA,NA,"Alaska Water Laboratory, LLC",NA,59.00345,-158.5346,NA,NA,NA,NA,NA,NA,NA,NA,NA,8,NA,NA,NA,NA,GPS-Unspecified,NA,NA,NA,NA,NA,NA,NA,NA,NA,NA,NA,NA,STORET,2024-08-16T19:34:03
Field Msr/Obs,Air,AIR,Ambient Air,NA,NA,"Temperature, air","TEMPERATURE, AIR",NA,NA,NA,NA,"TEMPERATURE, AIR_NA_NA_DEG C",2023-07-13,11:15:00,AKDT,2023-07-13 19:15:00,20.65,deg C,20.65,DEG C,Convert,Actual,Numeric,NA,NA,NA,NA,NA,NA,NA - Not Available,NA,NA,NA - Not Available,NA,NA,NA,NA,NA,NA,NA - Not Available,NA,NA,NA,NA,NA - Not Available,NA,NA,NA,NA,NA - Not Available,NA,NA,NA,NA,NA,Temperature,https://www.nemi.gov/methods/method_summary/5216/,170.1,USEPA,NA,WQSAR 006,AKDECWQ,Air Temperature,Temperature taken at site with a handheld digital thermometer (HANNA or YSI).,Probe/Sensor,NA,Final,NA,NA,NA,NA,NA,NA,NA,NA,NA,"Targeted - A targeted sample is where a ""sample"" of the subject matter, be that people, plants/animals etc is selected using certain criteria, i.e. pregnant mothers between the ages of 25-30. Targeted samples are usually used by businesses or companies carrying out surveys on a particular group of people.",NA,NA,STORET-1039524829,"AKDECWQ-BB Pathogens-Snag Point-07/13/2023-Temperature, air",AKDECWQ,Alaska Dept of Environmental Conservation - Water Quality,Dillingham Pathogen Monitoring,Monitoring of pathogens (Fecal Coliform and Enterococci) at Dillingham area beaches.,Dillingham Pathogen Monitoring,https://www.waterqualitydata.us/data/providers/STORET/organizations/AKDECWQ/projects/Dillingham%20Pathogen%20Monitoring/files,Y,Alaska Department of Environmental Conservation,US,02,070,Snag Point Beach,SNAG POINT BEACH,Estuary,ESTUARY,Beach approximately 300 ft East of the Dillingham dock.,59.03786152,59.03786152,-158.4606696,-158.4606696,NAD83,19030303,AKDECWQ-Snag Point,AKDECWQ-SNAG POINT,NA,NA,NA,NA,NA,NA,NA,NA,NA,NA,NA,NA,NA,"Alaska Water Laboratory, LLC",NA,59.037867,-158.462183,NA,NA,NA,NA,NA,NA,NA,NA,NA,8,NA,NA,NA,NA,GPS-Unspecified,NA,NA,NA,NA,NA,NA,NA,NA,NA,NA,NA,NA,STORET,2024-08-16T19:34:07
Sample-Routine,Water,WATER,Surface Water,Total,TOTAL,Fecal Coliform,FECAL COLIFORM,NA,NA,NA,NA,FECAL COLIFORM_TOTAL_NA_CFU/100ML,2023-07-05,11:00:00,AKDT,2023-07-05 19:00:00,63.06,cfu/100mL,63.06,CFU/100ML,Convert,Actual,Numeric,NA,Method Detection Level,10,cfu/100mL,10,CFU/100ML,Numeric,NA,NA,NA - Not Available,NA,NA,NA,NA,0.5,0.5,Numeric,m,m,NA,NA,NA - Not Available,NA,NA,NA,NA,NA - Not Available,NA,NA,NA,NA,NA,9222 D ~ Membrane filtration test for fecal coliforms,https://www.nemi.gov/methods/method_summary/5587/,9222D,APHA,NA,WQSAR 001,AKDECWQ,Bacteria,Water sample collected from 1 ft depth. Bottles kept cool and delivered to lab within 6 hours (8 hour total hold time).,Water Bottle,NA,Final,NA,NA,NA,NA,NA,NA,NA,NA,NA,"Targeted - A targeted sample is where a ""sample"" of the subject matter, be that people, plants/animals etc is selected using certain criteria, i.e. pregnant mothers between the ages of 25-30. Targeted samples are usually used by businesses or companies carrying out surveys on a particular group of people.",Alaska Water Laboratories LLC,NA,STORET-1039524844,AKDECWQ-BB Pathogens-Scandinavian-07/05/2023-Fecal Coliform,AKDECWQ,Alaska Dept of Environmental Conservation - Water Quality,Dillingham Pathogen Monitoring,Monitoring of pathogens (Fecal Coliform and Enterococci) at Dillingham area beaches.,Dillingham Pathogen Monitoring,https://www.waterqualitydata.us/data/providers/STORET/organizations/AKDECWQ/projects/Dillingham%20Pathogen%20Monitoring/files,Y,Alaska Department of Environmental Conservation,US,02,070,Scandinavian Beach,SCANDINAVIAN BEACH,Estuary,ESTUARY,Beach approximately 500 FT East of the Dillingham Harbor entrance.,59.03743292,59.03743292,-158.4747797,-158.4747797,NAD83,19030303,AKDECWQ-Scandinavian,AKDECWQ-SCANDINAVIAN,NA,NA,NA,NA,NA,NA,NA,NA,NA,NA,NA,NA,NA,"Alaska Water Laboratory, LLC",NA,59.03733,-158.47673,NA,NA,NA,NA,NA,NA,2023-07-05,https://www.waterqualitydata.us/data/providers/STORET/organizations/AKDECWQ/activities/AKDECWQ-BB%20Pathogens-Scandinavian-07%2F05%2F2023-Fecal%20Coliform/results/1039524844/resdetectqntlmts,NA,8,NA,NA,NA,NA,GPS-Unspecified,NA,NA,NA,NA,NA,NA,NA,NA,NA,NA,NA,NA,STORET,2024-08-16T19:34:09
Quality Control Sample-Field Blank,Water,WATER,Surface Water,Total,TOTAL,Fecal Coliform,FECAL COLIFORM,NA,NA,NA,NA,FECAL COLIFORM_TOTAL_NA_CFU/100ML,2023-07-05,11:30:00,AKDT,2023-07-05 19:30:00,NA,cfu/100mL,NA,CFU/100ML,No Result Value,Actual,NA - Not Available,Not Detected,Method Detection Level,9.09,cfu/100mL,9.09,CFU/100ML,Numeric,NA,NA,NA - Not Available,NA,NA,NA,NA,0.5,0.5,Numeric,m,m,NA,NA,NA - Not Available,NA,NA,NA,NA,NA - Not Available,NA,NA,NA,NA,NA,9222 D ~ Membrane filtration test for fecal coliforms,https://www.nemi.gov/methods/method_summary/5587/,9222D,APHA,NA,WQSAR 001,AKDECWQ,Bacteria,Water sample collected from 1 ft depth. Bottles kept cool and delivered to lab within 6 hours (8 hour total hold time).,Water Bottle,U,Final,NA,NA,NA,NA,NA,NA,NA,NA,NA,"Targeted - A targeted sample is where a ""sample"" of the subject matter, be that people, plants/animals etc is selected using certain criteria, i.e. pregnant mothers between the ages of 25-30. Targeted samples are usually used by businesses or companies carrying out surveys on a particular group of people.",Alaska Water Laboratories LLC,NA,STORET-1039524995,AKDECWQ-BB Pathogens-Kanakanak-07/05/2023-Fecal Coliform-Blank,AKDECWQ,Alaska Dept of Environmental Conservation - Water Quality,Dillingham Pathogen Monitoring,Monitoring of pathogens (Fecal Coliform and Enterococci) at Dillingham area beaches.,Dillingham Pathogen Monitoring,https://www.waterqualitydata.us/data/providers/STORET/organizations/AKDECWQ/projects/Dillingham%20Pathogen%20Monitoring/files,Y,Alaska Department of Environmental Conservation,US,02,070,Kanakanak Beach,KANAKANAK BEACH,Estuary,ESTUARY,Beach near Kanakanak Hospital. Approximately 5 miles south of Dillingham.,59.0028897,59.0028897,-158.5329718,-158.5329718,NAD83,19030303,AKDECWQ-Kanakanak,AKDECWQ-KANAKANAK,NA,NA,NA,NA,NA,NA,NA,NA,NA,NA,NA,NA,NA,"Alaska Water Laboratory, LLC",NA,59.00345,-158.5346,NA,NA,NA,NA,NA,NA,2023-07-05,https://www.waterqualitydata.us/data/providers/STORET/organizations/AKDECWQ/activities/AKDECWQ-BB%20Pathogens-Kanakanak-07%2F05%2F2023-Fecal%20Coliform-Blank/results/1039524995/resdetectqntlmts,NA,8,NA,NA,NA,NA,GPS-Unspecified,NA,NA,NA,NA,NA,NA,NA,NA,NA,NA,NA,NA,STORET,2024-08-16T19:34:20
Quality Control Sample-Field Replicate,Water,WATER,Surface Water,Total,TOTAL,Fecal Coliform,FECAL COLIFORM,NA,NA,NA,NA,FECAL COLIFORM_TOTAL_NA_CFU/100ML,2023-07-05,11:30:00,AKDT,2023-07-05 19:30:00,126.13,cfu/100mL,126.13,CFU/100ML,Convert,Actual,Numeric,NA,Method Detection Level,9.09,cfu/100mL,9.09,CFU/100ML,Numeric,NA,NA,NA - Not Available,NA,NA,NA,NA,0.5,0.5,Numeric,m,m,NA,NA,NA - Not Available,NA,NA,NA,NA,NA - Not Available,NA,NA,NA,NA,NA,9222 D ~ Membrane filtration test for fecal coliforms,https://www.nemi.gov/methods/method_summary/5587/,9222D,APHA,NA,WQSAR 001,AKDECWQ,Bacteria,Water sample collected from 1 ft depth. Bottles kept cool and delivered to lab within 6 hours (8 hour total hold time).,Water Bottle,NA,Final,NA,NA,NA,NA,NA,NA,NA,NA,NA,"Targeted - A targeted sample is where a ""sample"" of the subject matter, be that people, plants/animals etc is selected using certain criteria, i.e. pregnant mothers between the ages of 25-30. Targeted samples are usually used by businesses or companies carrying out surveys on a particular group of people.",Alaska Water Laboratories LLC,NA,STORET-1039526491,AKDECWQ-BB Pathogens-Kanakanak-07/05/2023-Fecal Coliform-DUP,AKDECWQ,Alaska Dept of Environmental Conservation - Water Quality,Dillingham Pathogen Monitoring,Monitoring of pathogens (Fecal Coliform and Enterococci) at Dillingham area beaches.,Dillingham Pathogen Monitoring,https://www.waterqualitydata.us/data/providers/STORET/organizations/AKDECWQ/projects/Dillingham%20Pathogen%20Monitoring/files,Y,Alaska Department of Environmental Conservation,US,02,070,Kanakanak Beach,KANAKANAK BEACH,Estuary,ESTUARY,Beach near Kanakanak Hospital. Approximately 5 miles south of Dillingham.,59.0028897,59.0028897,-158.5329718,-158.5329718,NAD83,19030303,AKDECWQ-Kanakanak,AKDECWQ-KANAKANAK,NA,NA,NA,NA,NA,NA,NA,NA,NA,NA,NA,NA,NA,"Alaska Water Laboratory, LLC",NA,59.00345,-158.5346,NA,NA,NA,NA,NA,NA,2023-07-05,https://www.waterqualitydata.us/data/providers/STORET/organizations/AKDECWQ/activities/AKDECWQ-BB%20Pathogens-Kanakanak-07%2F05%2F2023-Fecal%20Coliform-DUP/results/1039526491/resdetectqntlmts,NA,8,NA,NA,NA,NA,GPS-Unspecified,NA,NA,NA,NA,NA,NA,NA,NA,NA,NA,NA,NA,STORET,2024-08-16T19:34:34
Field Msr/Obs,Air,AIR,Ambient Air,NA,NA,"Temperature, air","TEMPERATURE, AIR",NA,NA,NA,NA,"TEMPERATURE, AIR_NA_NA_DEG C",2022-07-06,12:15:00,AKDT,2022-07-06 20:15:00,14.1,deg C,14.1,DEG C,Convert,Actual,Numeric,NA,NA,NA,NA,NA,NA,NA - Not Available,NA,NA,NA - Not Available,NA,NA,NA,NA,NA,NA,NA - Not Available,NA,NA,NA,NA,NA - Not Available,NA,NA,NA,NA,NA - Not Available,NA,NA,NA,NA,NA,Temperature,https://www.nemi.gov/methods/method_summary/5216/,170.1,USEPA,NA,WQSAR 006,AKDECWQ,Air Temperature,Temperature taken at site with a handheld digital thermometer (HANNA or YSI).,Probe/Sensor,NA,Final,NA,NA,NA,NA,NA,NA,NA,NA,NA,"Targeted - A targeted sample is where a ""sample"" of the subject matter, be that people, plants/animals etc is selected using certain criteria, i.e. pregnant mothers between the ages of 25-30. Targeted samples are usually used by businesses or companies carrying out surveys on a particular group of people.",NA,NA,STORET-971970744,"AKDECWQ-BB Pathogens-Snag Point-07/06/2022-Temperature, air",AKDECWQ,Alaska Dept of Environmental Conservation - Water Quality,Dillingham Pathogen Monitoring,Monitoring of pathogens (Fecal Coliform and Enterococci) at Dillingham area beaches.,Dillingham Pathogen Monitoring,https://www.waterqualitydata.us/data/providers/STORET/organizations/AKDECWQ/projects/Dillingham%20Pathogen%20Monitoring/files,Y,Alaska Department of Environmental Conservation,US,02,070,Snag Point Beach,SNAG POINT BEACH,Estuary,ESTUARY,Beach approximately 300 ft East of the Dillingham dock.,59.03786152,59.03786152,-158.4606696,-158.4606696,NAD83,19030303,AKDECWQ-Snag Point,AKDECWQ-SNAG POINT,NA,NA,NA,NA,NA,NA,NA,NA,NA,2022-07-06,12:15:00,AKDT,2022-07-06 20:15:00,"Alaska Water Laboratory, LLC;Northern Utility Services Alaska",NA,59.0586111111,-158.5433333333,NA,NA,NA,NA,NA,NA,NA,NA,NA,8,8,NA,NA,NA,GPS-Unspecified,NA,NA,NA,NA,NA,NA,NA,NA,NA,NA,NA,NA,STORET,2023-03-28T11:31:51
Field Msr/Obs,Water,WATER,Surface Water,NA,NA,"Temperature, water","TEMPERATURE, WATER",NA,NA,NA,NA,"TEMPERATURE, WATER_NA_NA_DEG C",2022-07-06,12:15:00,AKDT,2022-07-06 20:15:00,15.3,deg C,15.3,DEG C,Convert,Actual,Numeric,NA,NA,NA,NA,NA,NA,NA - Not Available,NA,NA,NA - Not Available,NA,NA,NA,NA,0.1,0.1,Numeric,m,m,NA,NA,NA - Not Available,NA,NA,NA,NA,NA - Not Available,NA,NA,NA,NA,NA,Temperature,https://www.nemi.gov/methods/method_summary/5216/,170.1,USEPA,NA,WQSAR 016,AKDECWQ,Water Temperature,"Water temperature collected at site using a certified handheld thermometer (e.g., NIST Traceable).",Probe/Sensor,NA,Final,NA,NA,NA,NA,NA,NA,NA,NA,NA,"Targeted - A targeted sample is where a ""sample"" of the subject matter, be that people, plants/animals etc is selected using certain criteria, i.e. pregnant mothers between the ages of 25-30. Targeted samples are usually used by businesses or companies carrying out surveys on a particular group of people.",NA,NA,STORET-971970745,"AKDECWQ-BB Pathogens-Snag Point-07/06/2022-Temperature, water",AKDECWQ,Alaska Dept of Environmental Conservation - Water Quality,Dillingham Pathogen Monitoring,Monitoring of pathogens (Fecal Coliform and Enterococci) at Dillingham area beaches.,Dillingham Pathogen Monitoring,https://www.waterqualitydata.us/data/providers/STORET/organizations/AKDECWQ/projects/Dillingham%20Pathogen%20Monitoring/files,Y,Alaska Department of Environmental Conservation,US,02,070,Snag Point Beach,SNAG POINT BEACH,Estuary,ESTUARY,Beach approximately 300 ft East of the Dillingham dock.,59.03786152,59.03786152,-158.4606696,-158.4606696,NAD83,19030303,AKDECWQ-Snag Point,AKDECWQ-SNAG POINT,NA,NA,NA,NA,NA,NA,NA,NA,NA,2022-07-06,12:15:00,AKDT,2022-07-06 20:15:00,"Alaska Water Laboratory, LLC;Northern Utility Services Alaska",NA,59.0586111111,-158.5433333333,NA,NA,NA,NA,NA,NA,NA,NA,NA,8,8,NA,NA,NA,GPS-Unspecified,NA,NA,NA,NA,NA,NA,NA,NA,NA,NA,NA,NA,STORET,2023-03-28T11:31:52
Field Msr/Obs,Air,AIR,Ambient Air,NA,NA,"Temperature, air","TEMPERATURE, AIR",NA,NA,NA,NA,"TEMPERATURE, AIR_NA_NA_DEG C",2022-07-12,12:55:00,AKDT,2022-07-12 20:55:00,13.7,deg C,13.7,DEG C,Convert,Actual,Numeric,NA,NA,NA,NA,NA,NA,NA - Not Available,NA,NA,NA - Not Available,NA,NA,NA,NA,NA,NA,NA - Not Available,NA,NA,NA,NA,NA - Not Available,NA,NA,NA,NA,NA - Not Available,NA,NA,NA,NA,NA,Temperature,https://www.nemi.gov/methods/method_summary/5216/,170.1,USEPA,NA,WQSAR 006,AKDECWQ,Air Temperature,Temperature taken at site with a handheld digital thermometer (HANNA or YSI).,Probe/Sensor,NA,Final,NA,NA,NA,NA,NA,NA,NA,NA,NA,"Targeted - A targeted sample is where a ""sample"" of the subject matter, be that people, plants/animals etc is selected using certain criteria, i.e. pregnant mothers between the ages of 25-30. Targeted samples are usually used by businesses or companies carrying out surveys on a particular group of people.",NA,NA,STORET-971970746,"AKDECWQ-BB Pathogens-Kanakanak-07/12/2022-Temperature, air",AKDECWQ,Alaska Dept of Environmental Conservation - Water Quality,Dillingham Pathogen Monitoring,Monitoring of pathogens (Fecal Coliform and Enterococci) at Dillingham area beaches.,Dillingham Pathogen Monitoring,https://www.waterqualitydata.us/data/providers/STORET/organizations/AKDECWQ/projects/Dillingham%20Pathogen%20Monitoring/files,Y,Alaska Department of Environmental Conservation,US,02,070,Kanakanak Beach,KANAKANAK BEACH,Estuary,ESTUARY,Beach near Kanakanak Hospital. Approximately 5 miles south of Dillingham.,59.0028897,59.0028897,-158.5329718,-158.5329718,NAD83,19030303,AKDECWQ-Kanakanak,AKDECWQ-KANAKANAK,NA,NA,NA,NA,NA,NA,NA,NA,NA,2022-07-12,12:55:00,AKDT,2022-07-12 20:55:00,"Northern Utility Services Alaska;Alaska Water Laboratory, LLC",NA,59.06,-158.5436111111,NA,NA,NA,NA,NA,NA,NA,NA,NA,8,8,NA,NA,NA,GPS-Unspecified,NA,NA,NA,NA,NA,NA,NA,NA,NA,NA,NA,NA,STORET,2023-03-28T11:31:52
Field Msr/Obs,Water,WATER,Surface Water,NA,NA,"Temperature, water","TEMPERATURE, WATER",NA,NA,NA,NA,"TEMPERATURE, WATER_NA_NA_DEG C",2022-07-12,12:55:00,AKDT,2022-07-12 20:55:00,16.2,deg C,16.2,DEG C,Convert,Actual,Numeric,NA,NA,NA,NA,NA,NA,NA - Not Available,NA,NA,NA - Not Available,NA,NA,NA,NA,0.1,0.1,Numeric,m,m,NA,NA,NA - Not Available,NA,NA,NA,NA,NA - Not Available,NA,NA,NA,NA,NA,Temperature,https://www.nemi.gov/methods/method_summary/5216/,170.1,USEPA,NA,WQSAR 016,AKDECWQ,Water Temperature,"Water temperature collected at site using a certified handheld thermometer (e.g., NIST Traceable).",Probe/Sensor,NA,Final,NA,NA,NA,NA,NA,NA,NA,NA,NA,"Targeted - A targeted sample is where a ""sample"" of the subject matter, be that people, plants/animals etc is selected using certain criteria, i.e. pregnant mothers between the ages of 25-30. Targeted samples are usually used by businesses or companies carrying out surveys on a particular group of people.",NA,NA,STORET-971970747,"AKDECWQ-BB Pathogens-Kanakanak-07/12/2022-Temperature, water",AKDECWQ,Alaska Dept of Environmental Conservation - Water Quality,Dillingham Pathogen Monitoring,Monitoring of pathogens (Fecal Coliform and Enterococci) at Dillingham area beaches.,Dillingham Pathogen Monitoring,https://www.waterqualitydata.us/data/providers/STORET/organizations/AKDECWQ/projects/Dillingham%20Pathogen%20Monitoring/files,Y,Alaska Department of Environmental Conservation,US,02,070,Kanakanak Beach,KANAKANAK BEACH,Estuary,ESTUARY,Beach near Kanakanak Hospital. Approximately 5 miles south of Dillingham.,59.0028897,59.0028897,-158.5329718,-158.5329718,NAD83,19030303,AKDECWQ-Kanakanak,AKDECWQ-KANAKANAK,NA,NA,NA,NA,NA,NA,NA,NA,NA,2022-07-12,12:55:00,AKDT,2022-07-12 20:55:00,"Alaska Water Laboratory, LLC;Northern Utility Services Alaska",NA,59.06,-158.5436111111,NA,NA,NA,NA,NA,NA,NA,NA,NA,8,8,NA,NA,NA,GPS-Unspecified,NA,NA,NA,NA,NA,NA,NA,NA,NA,NA,NA,NA,STORET,2023-03-28T11:31:52
Field Msr/Obs,Air,AIR,Ambient Air,NA,NA,"Temperature, air","TEMPERATURE, AIR",NA,NA,NA,NA,"TEMPERATURE, AIR_NA_NA_DEG C",2022-06-28,13:00:00,AKDT,2022-06-28 21:00:00,15.4,deg C,15.4,DEG C,Convert,Actual,Numeric,NA,NA,NA,NA,NA,NA,NA - Not Available,NA,NA,NA - Not Available,NA,NA,NA,NA,NA,NA,NA - Not Available,NA,NA,NA,NA,NA - Not Available,NA,NA,NA,NA,NA - Not Available,NA,NA,NA,NA,NA,Temperature,https://www.nemi.gov/methods/method_summary/5216/,170.1,USEPA,NA,WQSAR 006,AKDECWQ,Air Temperature,Temperature taken at site with a handheld digital thermometer (HANNA or YSI).,Probe/Sensor,NA,Final,NA,NA,NA,NA,NA,NA,NA,NA,NA,"Targeted - A targeted sample is where a ""sample"" of the subject matter, be that people, plants/animals etc is selected using certain criteria, i.e. pregnant mothers between the ages of 25-30. Targeted samples are usually used by businesses or companies carrying out surveys on a particular group of people.",NA,NA,STORET-971970748,"AKDECWQ-BB Pathogens-Kanakanak-06/28/2022-Temperature, air",AKDECWQ,Alaska Dept of Environmental Conservation - Water Quality,Dillingham Pathogen Monitoring,Monitoring of pathogens (Fecal Coliform and Enterococci) at Dillingham area beaches.,Dillingham Pathogen Monitoring,https://www.waterqualitydata.us/data/providers/STORET/organizations/AKDECWQ/projects/Dillingham%20Pathogen%20Monitoring/files,Y,Alaska Department of Environmental Conservation,US,02,070,Kanakanak Beach,KANAKANAK BEACH,Estuary,ESTUARY,Beach near Kanakanak Hospital. Approximately 5 miles south of Dillingham.,59.0028897,59.0028897,-158.5329718,-158.5329718,NAD83,19030303,AKDECWQ-Kanakanak,AKDECWQ-KANAKANAK,NA,NA,NA,NA,NA,NA,NA,NA,NA,2022-06-28,13:00:00,AKDT,2022-06-28 21:00:00,"Alaska Water Laboratory, LLC;Northern Utility Services Alaska",NA,59.0613888889,-158.5336111111,NA,NA,NA,NA,NA,NA,NA,NA,NA,8,8,NA,NA,NA,GPS-Unspecified,NA,NA,NA,NA,NA,NA,NA,NA,NA,NA,NA,NA,STORET,2023-03-28T11:31:52
Field Msr/Obs,Air,AIR,Ambient Air,NA,NA,"Temperature, air","TEMPERATURE, AIR",NA,NA,NA,NA,"TEMPERATURE, AIR_NA_NA_DEG C",2022-06-29,13:05:00,AKDT,2022-06-29 21:05:00,16.7,deg C,16.7,DEG C,Convert,Actual,Numeric,NA,NA,NA,NA,NA,NA,NA - Not Available,NA,NA,NA - Not Available,NA,NA,NA,NA,NA,NA,NA - Not Available,NA,NA,NA,NA,NA - Not Available,NA,NA,NA,NA,NA - Not Available,NA,NA,NA,NA,NA,Temperature,https://www.nemi.gov/methods/method_summary/5216/,170.1,USEPA,NA,WQSAR 006,AKDECWQ,Air Temperature,Temperature taken at site with a handheld digital thermometer (HANNA or YSI).,Probe/Sensor,NA,Final,Longitude not recorded - average of 158° 32.63/ 158° 32.041 from prior events reported,NA,NA,NA,NA,NA,NA,NA,NA,"Targeted - A targeted sample is where a ""sample"" of the subject matter, be that people, plants/animals etc is selected using certain criteria, i.e. pregnant mothers between the ages of 25-30. Targeted samples are usually used by businesses or companies carrying out surveys on a particular group of people.",NA,NA,STORET-971970749,"AKDECWQ-BB Pathogens-Kanakanak-06/29/2022-Temperature, air",AKDECWQ,Alaska Dept of Environmental Conservation - Water Quality,Dillingham Pathogen Monitoring,Monitoring of pathogens (Fecal Coliform and Enterococci) at Dillingham area beaches.,Dillingham Pathogen Monitoring,https://www.waterqualitydata.us/data/providers/STORET/organizations/AKDECWQ/projects/Dillingham%20Pathogen%20Monitoring/files,Y,Alaska Department of Environmental Conservation,US,02,070,Kanakanak Beach,KANAKANAK BEACH,Estuary,ESTUARY,Beach near Kanakanak Hospital. Approximately 5 miles south of Dillingham.,59.0028897,59.0028897,-158.5329718,-158.5329718,NAD83,19030303,AKDECWQ-Kanakanak,AKDECWQ-KANAKANAK,NA,NA,NA,NA,NA,NA,NA,NA,NA,2022-06-29,13:05:00,AKDT,2022-06-29 21:05:00,"Alaska Water Laboratory, LLC;Northern Utility Services Alaska",NA,59.0613888889,-158.5477777778,NA,NA,NA,NA,NA,NA,NA,NA,NA,8,8,NA,NA,NA,GPS-Unspecified,NA,NA,NA,NA,NA,NA,NA,NA,NA,NA,NA,NA,STORET,2023-03-28T11:31:52
Field Msr/Obs,Air,AIR,Ambient Air,NA,NA,"Temperature, air","TEMPERATURE, AIR",NA,NA,NA,NA,"TEMPERATURE, AIR_NA_NA_DEG C",2022-08-09,12:50:00,AKDT,2022-08-09 20:50:00,11.5,deg C,11.5,DEG C,Convert,Actual,Numeric,NA,NA,NA,NA,NA,NA,NA - Not Available,NA,NA,NA - Not Available,NA,NA,NA,NA,NA,NA,NA - Not Available,NA,NA,NA,NA,NA - Not Available,NA,NA,NA,NA,NA - Not Available,NA,NA,NA,NA,NA,Temperature,https://www.nemi.gov/methods/method_summary/5216/,170.1,USEPA,NA,WQSAR 006,AKDECWQ,Air Temperature,Temperature taken at site with a handheld digital thermometer (HANNA or YSI).,Probe/Sensor,NA,Final,NA,NA,NA,NA,NA,NA,NA,NA,NA,"Targeted - A targeted sample is where a ""sample"" of the subject matter, be that people, plants/animals etc is selected using certain criteria, i.e. pregnant mothers between the ages of 25-30. Targeted samples are usually used by businesses or companies carrying out surveys on a particular group of people.",NA,NA,STORET-971970750,"AKDECWQ-BB Pathogens-Kanakanak-08/09/2022-Temperature, air",AKDECWQ,Alaska Dept of Environmental Conservation - Water Quality,Dillingham Pathogen Monitoring,Monitoring of pathogens (Fecal Coliform and Enterococci) at Dillingham area beaches.,Dillingham Pathogen Monitoring,https://www.waterqualitydata.us/data/providers/STORET/organizations/AKDECWQ/projects/Dillingham%20Pathogen%20Monitoring/files,Y,Alaska Department of Environmental Conservation,US,02,070,Kanakanak Beach,KANAKANAK BEACH,Estuary,ESTUARY,Beach near Kanakanak Hospital. Approximately 5 miles south of Dillingham.,59.0028897,59.0028897,-158.5329718,-158.5329718,NAD83,19030303,AKDECWQ-Kanakanak,AKDECWQ-KANAKANAK,NA,NA,NA,NA,NA,NA,NA,NA,NA,2022-08-09,12:50:00,AKDT,2022-08-09 20:50:00,"Northern Utility Services Alaska;Alaska Water Laboratory, LLC",NA,59.0613888889,-158.545,NA,NA,NA,NA,NA,NA,NA,NA,NA,8,8,NA,NA,NA,GPS-Unspecified,NA,NA,NA,NA,NA,NA,NA,NA,NA,NA,NA,NA,STORET,2023-03-28T11:31:52
Field Msr/Obs,Water,WATER,Surface Water,NA,NA,"Temperature, water","TEMPERATURE, WATER",NA,NA,NA,NA,"TEMPERATURE, WATER_NA_NA_DEG C",2022-06-28,13:00:00,AKDT,2022-06-28 21:00:00,15,deg C,15,DEG C,Convert,Actual,Numeric,NA,NA,NA,NA,NA,NA,NA - Not Available,NA,NA,NA - Not Available,NA,NA,NA,NA,0.1,0.1,Numeric,m,m,NA,NA,NA - Not Available,NA,NA,NA,NA,NA - Not Available,NA,NA,NA,NA,NA,Temperature,https://www.nemi.gov/methods/method_summary/5216/,170.1,USEPA,NA,WQSAR 016,AKDECWQ,Water Temperature,"Water temperature collected at site using a certified handheld thermometer (e.g., NIST Traceable).",Probe/Sensor,NA,Final,NA,NA,NA,NA,NA,NA,NA,NA,NA,"Targeted - A targeted sample is where a ""sample"" of the subject matter, be that people, plants/animals etc is selected using certain criteria, i.e. pregnant mothers between the ages of 25-30. Targeted samples are usually used by businesses or companies carrying out surveys on a particular group of people.",NA,NA,STORET-971970751,"AKDECWQ-BB Pathogens-Kanakanak-06/28/2022-Temperature, water",AKDECWQ,Alaska Dept of Environmental Conservation - Water Quality,Dillingham Pathogen Monitoring,Monitoring of pathogens (Fecal Coliform and Enterococci) at Dillingham area beaches.,Dillingham Pathogen Monitoring,https://www.waterqualitydata.us/data/providers/STORET/organizations/AKDECWQ/projects/Dillingham%20Pathogen%20Monitoring/files,Y,Alaska Department of Environmental Conservation,US,02,070,Kanakanak Beach,KANAKANAK BEACH,Estuary,ESTUARY,Beach near Kanakanak Hospital. Approximately 5 miles south of Dillingham.,59.0028897,59.0028897,-158.5329718,-158.5329718,NAD83,19030303,AKDECWQ-Kanakanak,AKDECWQ-KANAKANAK,NA,NA,NA,NA,NA,NA,NA,NA,NA,2022-06-28,13:00:00,AKDT,2022-06-28 21:00:00,"Northern Utility Services Alaska;Alaska Water Laboratory, LLC",NA,59.0613888889,-158.5336111111,NA,NA,NA,NA,NA,NA,NA,NA,NA,8,8,NA,NA,NA,GPS-Unspecified,NA,NA,NA,NA,NA,NA,NA,NA,NA,NA,NA,NA,STORET,2023-03-28T11:31:53
Field Msr/Obs,Water,WATER,Surface Water,NA,NA,"Temperature, water","TEMPERATURE, WATER",NA,NA,NA,NA,"TEMPERATURE, WATER_NA_NA_DEG C",2022-06-29,13:05:00,AKDT,2022-06-29 21:05:00,15.3,deg C,15.3,DEG C,Convert,Actual,Numeric,NA,NA,NA,NA,NA,NA,NA - Not Available,NA,NA,NA - Not Available,NA,NA,NA,NA,0.1,0.1,Numeric,m,m,NA,NA,NA - Not Available,NA,NA,NA,NA,NA - Not Available,NA,NA,NA,NA,NA,Temperature,https://www.nemi.gov/methods/method_summary/5216/,170.1,USEPA,NA,WQSAR 016,AKDECWQ,Water Temperature,"Water temperature collected at site using a certified handheld thermometer (e.g., NIST Traceable).",Probe/Sensor,NA,Final,Longitude not recorded - average of 158° 32.63/ 158° 32.041 from prior events reported,NA,NA,NA,NA,NA,NA,NA,NA,"Targeted - A targeted sample is where a ""sample"" of the subject matter, be that people, plants/animals etc is selected using certain criteria, i.e. pregnant mothers between the ages of 25-30. Targeted samples are usually used by businesses or companies carrying out surveys on a particular group of people.",NA,NA,STORET-971970752,"AKDECWQ-BB Pathogens-Kanakanak-06/29/2022-Temperature, water",AKDECWQ,Alaska Dept of Environmental Conservation - Water Quality,Dillingham Pathogen Monitoring,Monitoring of pathogens (Fecal Coliform and Enterococci) at Dillingham area beaches.,Dillingham Pathogen Monitoring,https://www.waterqualitydata.us/data/providers/STORET/organizations/AKDECWQ/projects/Dillingham%20Pathogen%20Monitoring/files,Y,Alaska Department of Environmental Conservation,US,02,070,Kanakanak Beach,KANAKANAK BEACH,Estuary,ESTUARY,Beach near Kanakanak Hospital. Approximately 5 miles south of Dillingham.,59.0028897,59.0028897,-158.5329718,-158.5329718,NAD83,19030303,AKDECWQ-Kanakanak,AKDECWQ-KANAKANAK,NA,NA,NA,NA,NA,NA,NA,NA,NA,2022-06-29,13:05:00,AKDT,2022-06-29 21:05:00,"Northern Utility Services Alaska;Alaska Water Laboratory, LLC",NA,59.0613888889,-158.5477777778,NA,NA,NA,NA,NA,NA,NA,NA,NA,8,8,NA,NA,NA,GPS-Unspecified,NA,NA,NA,NA,NA,NA,NA,NA,NA,NA,NA,NA,STORET,2023-03-28T11:31:53
Field Msr/Obs,Water,WATER,Surface Water,NA,NA,"Temperature, water","TEMPERATURE, WATER",NA,NA,NA,NA,"TEMPERATURE, WATER_NA_NA_DEG C",2022-08-09,12:50:00,AKDT,2022-08-09 20:50:00,13.2,deg C,13.2,DEG C,Convert,Actual,Numeric,NA,NA,NA,NA,NA,NA,NA - Not Available,NA,NA,NA - Not Available,NA,NA,NA,NA,0.1,0.1,Numeric,m,m,NA,NA,NA - Not Available,NA,NA,NA,NA,NA - Not Available,NA,NA,NA,NA,NA,Temperature,https://www.nemi.gov/methods/method_summary/5216/,170.1,USEPA,NA,WQSAR 016,AKDECWQ,Water Temperature,"Water temperature collected at site using a certified handheld thermometer (e.g., NIST Traceable).",Probe/Sensor,NA,Final,NA,NA,NA,NA,NA,NA,NA,NA,NA,"Targeted - A targeted sample is where a ""sample"" of the subject matter, be that people, plants/animals etc is selected using certain criteria, i.e. pregnant mothers between the ages of 25-30. Targeted samples are usually used by businesses or companies carrying out surveys on a particular group of people.",NA,NA,STORET-971970753,"AKDECWQ-BB Pathogens-Kanakanak-08/09/2022-Temperature, water",AKDECWQ,Alaska Dept of Environmental Conservation - Water Quality,Dillingham Pathogen Monitoring,Monitoring of pathogens (Fecal Coliform and Enterococci) at Dillingham area beaches.,Dillingham Pathogen Monitoring,https://www.waterqualitydata.us/data/providers/STORET/organizations/AKDECWQ/projects/Dillingham%20Pathogen%20Monitoring/files,Y,Alaska Department of Environmental Conservation,US,02,070,Kanakanak Beach,KANAKANAK BEACH,Estuary,ESTUARY,Beach near Kanakanak Hospital. Approximately 5 miles south of Dillingham.,59.0028897,59.0028897,-158.5329718,-158.5329718,NAD83,19030303,AKDECWQ-Kanakanak,AKDECWQ-KANAKANAK,NA,NA,NA,NA,NA,NA,NA,NA,NA,2022-08-09,12:50:00,AKDT,2022-08-09 20:50:00,"Alaska Water Laboratory, LLC;Northern Utility Services Alaska",NA,59.0613888889,-158.545,NA,NA,NA,NA,NA,NA,NA,NA,NA,8,8,NA,NA,NA,GPS-Unspecified,NA,NA,NA,NA,NA,NA,NA,NA,NA,NA,NA,NA,STORET,2023-03-28T11:31:53
Field Msr/Obs,Air,AIR,Ambient Air,NA,NA,"Temperature, air","TEMPERATURE, AIR",NA,NA,NA,NA,"TEMPERATURE, AIR_NA_NA_DEG C",2022-07-06,12:55:00,AKDT,2022-07-06 20:55:00,13.1,deg C,13.1,DEG C,Convert,Actual,Numeric,NA,NA,NA,NA,NA,NA,NA - Not Available,NA,NA,NA - Not Available,NA,NA,NA,NA,NA,NA,NA - Not Available,NA,NA,NA,NA,NA - Not Available,NA,NA,NA,NA,NA - Not Available,NA,NA,NA,NA,NA,Temperature,https://www.nemi.gov/methods/method_summary/5216/,170.1,USEPA,NA,WQSAR 006,AKDECWQ,Air Temperature,Temperature taken at site with a handheld digital thermometer (HANNA or YSI).,Probe/Sensor,NA,Final,NA,NA,NA,NA,NA,NA,NA,NA,NA,"Targeted - A targeted sample is where a ""sample"" of the subject matter, be that people, plants/animals etc is selected using certain criteria, i.e. pregnant mothers between the ages of 25-30. Targeted samples are usually used by businesses or companies carrying out surveys on a particular group of people.",NA,NA,STORET-971970754,"AKDECWQ-BB Pathogens-Kanakanak-07/06/2022-Temperature, air",AKDECWQ,Alaska Dept of Environmental Conservation - Water Quality,Dillingham Pathogen Monitoring,Monitoring of pathogens (Fecal Coliform and Enterococci) at Dillingham area beaches.,Dillingham Pathogen Monitoring,https://www.waterqualitydata.us/data/providers/STORET/organizations/AKDECWQ/projects/Dillingham%20Pathogen%20Monitoring/files,Y,Alaska Department of Environmental Conservation,US,02,070,Kanakanak Beach,KANAKANAK BEACH,Estuary,ESTUARY,Beach near Kanakanak Hospital. Approximately 5 miles south of Dillingham.,59.0028897,59.0028897,-158.5329718,-158.5329718,NAD83,19030303,AKDECWQ-Kanakanak,AKDECWQ-KANAKANAK,NA,NA,NA,NA,NA,NA,NA,NA,NA,2022-07-06,12:55:00,AKDT,2022-07-06 20:55:00,"Northern Utility Services Alaska;Alaska Water Laboratory, LLC",NA,59.0619444444,-158.5397222222,NA,NA,NA,NA,NA,NA,NA,NA,NA,8,8,NA,NA,NA,GPS-Unspecified,NA,NA,NA,NA,NA,NA,NA,NA,NA,NA,NA,NA,STORET,2023-03-28T11:31:53
Field Msr/Obs,Water,WATER,Surface Water,NA,NA,"Temperature, water","TEMPERATURE, WATER",NA,NA,NA,NA,"TEMPERATURE, WATER_NA_NA_DEG C",2022-07-06,12:55:00,AKDT,2022-07-06 20:55:00,15.2,deg C,15.2,DEG C,Convert,Actual,Numeric,NA,NA,NA,NA,NA,NA,NA - Not Available,NA,NA,NA - Not Available,NA,NA,NA,NA,0.1,0.1,Numeric,m,m,NA,NA,NA - Not Available,NA,NA,NA,NA,NA - Not Available,NA,NA,NA,NA,NA,Temperature,https://www.nemi.gov/methods/method_summary/5216/,170.1,USEPA,NA,WQSAR 016,AKDECWQ,Water Temperature,"Water temperature collected at site using a certified handheld thermometer (e.g., NIST Traceable).",Probe/Sensor,NA,Final,NA,NA,NA,NA,NA,NA,NA,NA,NA,"Targeted - A targeted sample is where a ""sample"" of the subject matter, be that people, plants/animals etc is selected using certain criteria, i.e. pregnant mothers between the ages of 25-30. Targeted samples are usually used by businesses or companies carrying out surveys on a particular group of people.",NA,NA,STORET-971970755,"AKDECWQ-BB Pathogens-Kanakanak-07/06/2022-Temperature, water",AKDECWQ,Alaska Dept of Environmental Conservation - Water Quality,Dillingham Pathogen Monitoring,Monitoring of pathogens (Fecal Coliform and Enterococci) at Dillingham area beaches.,Dillingham Pathogen Monitoring,https://www.waterqualitydata.us/data/providers/STORET/organizations/AKDECWQ/projects/Dillingham%20Pathogen%20Monitoring/files,Y,Alaska Department of Environmental Conservation,US,02,070,Kanakanak Beach,KANAKANAK BEACH,Estuary,ESTUARY,Beach near Kanakanak Hospital. Approximately 5 miles south of Dillingham.,59.0028897,59.0028897,-158.5329718,-158.5329718,NAD83,19030303,AKDECWQ-Kanakanak,AKDECWQ-KANAKANAK,NA,NA,NA,NA,NA,NA,NA,NA,NA,2022-07-06,12:55:00,AKDT,2022-07-06 20:55:00,"Northern Utility Services Alaska;Alaska Water Laboratory, LLC",NA,59.0619444444,-158.5397222222,NA,NA,NA,NA,NA,NA,NA,NA,NA,8,8,NA,NA,NA,GPS-Unspecified,NA,NA,NA,NA,NA,NA,NA,NA,NA,NA,NA,NA,STORET,2023-03-28T11:31:53
Field Msr/Obs,Air,AIR,Ambient Air,NA,NA,"Temperature, air","TEMPERATURE, AIR",NA,NA,NA,NA,"TEMPERATURE, AIR_NA_NA_DEG C",2022-05-25,14:00:00,AKDT,2022-05-25 22:00:00,11.62,deg C,11.62,DEG C,Convert,Actual,Numeric,NA,NA,NA,NA,NA,NA,NA - Not Available,NA,NA,NA - Not Available,NA,NA,NA,NA,NA,NA,NA - Not Available,NA,NA,NA,NA,NA - Not Available,NA,NA,NA,NA,NA - Not Available,NA,NA,NA,NA,NA,Temperature,https://www.nemi.gov/methods/method_summary/5216/,170.1,USEPA,NA,WQSAR 006,AKDECWQ,Air Temperature,Temperature taken at site with a handheld digital thermometer (HANNA or YSI).,Probe/Sensor,NA,Final,w/ Correction Factor,NA,NA,NA,NA,NA,NA,NA,NA,"Targeted - A targeted sample is where a ""sample"" of the subject matter, be that people, plants/animals etc is selected using certain criteria, i.e. pregnant mothers between the ages of 25-30. Targeted samples are usually used by businesses or companies carrying out surveys on a particular group of people.",NA,NA,STORET-971970756,"AKDECWQ-BB Pathogens-Kanakanak-05/25/2022-Temperature, air",AKDECWQ,Alaska Dept of Environmental Conservation - Water Quality,Dillingham Pathogen Monitoring,Monitoring of pathogens (Fecal Coliform and Enterococci) at Dillingham area beaches.,Dillingham Pathogen Monitoring,https://www.waterqualitydata.us/data/providers/STORET/organizations/AKDECWQ/projects/Dillingham%20Pathogen%20Monitoring/files,Y,Alaska Department of Environmental Conservation,US,02,070,Kanakanak Beach,KANAKANAK BEACH,Estuary,ESTUARY,Beach near Kanakanak Hospital. Approximately 5 miles south of Dillingham.,59.0028897,59.0028897,-158.5329718,-158.5329718,NAD83,19030303,AKDECWQ-Kanakanak,AKDECWQ-KANAKANAK,NA,NA,NA,NA,NA,NA,NA,NA,NA,2022-05-25,14:00:00,AKDT,2022-05-25 22:00:00,"Northern Utility Services Alaska;Alaska Water Laboratory, LLC",NA,59.0625,-158.5508333333,NA,NA,NA,NA,NA,NA,NA,NA,NA,8,8,NA,NA,NA,GPS-Unspecified,NA,NA,NA,NA,NA,NA,NA,NA,NA,NA,NA,NA,STORET,2023-03-28T11:31:53
Field Msr/Obs,Air,AIR,Ambient Air,NA,NA,"Temperature, air","TEMPERATURE, AIR",NA,NA,NA,NA,"TEMPERATURE, AIR_NA_NA_DEG C",2022-06-21,13:10:00,AKDT,2022-06-21 21:10:00,18.3,deg C,18.3,DEG C,Convert,Actual,Numeric,NA,NA,NA,NA,NA,NA,NA - Not Available,NA,NA,NA - Not Available,NA,NA,NA,NA,NA,NA,NA - Not Available,NA,NA,NA,NA,NA - Not Available,NA,NA,NA,NA,NA - Not Available,NA,NA,NA,NA,NA,Temperature,https://www.nemi.gov/methods/method_summary/5216/,170.1,USEPA,NA,WQSAR 006,AKDECWQ,Air Temperature,Temperature taken at site with a handheld digital thermometer (HANNA or YSI).,Probe/Sensor,NA,Final,NA,NA,NA,NA,NA,NA,NA,NA,NA,"Targeted - A targeted sample is where a ""sample"" of the subject matter, be that people, plants/animals etc is selected using certain criteria, i.e. pregnant mothers between the ages of 25-30. Targeted samples are usually used by businesses or companies carrying out surveys on a particular group of people.",NA,NA,STORET-971970757,"AKDECWQ-BB Pathogens-Kanakanak-06/21/2022-Temperature, air",AKDECWQ,Alaska Dept of Environmental Conservation - Water Quality,Dillingham Pathogen Monitoring,Monitoring of pathogens (Fecal Coliform and Enterococci) at Dillingham area beaches.,Dillingham Pathogen Monitoring,https://www.waterqualitydata.us/data/providers/STORET/organizations/AKDECWQ/projects/Dillingham%20Pathogen%20Monitoring/files,Y,Alaska Department of Environmental Conservation,US,02,070,Kanakanak Beach,KANAKANAK BEACH,Estuary,ESTUARY,Beach near Kanakanak Hospital. Approximately 5 miles south of Dillingham.,59.0028897,59.0028897,-158.5329718,-158.5329718,NAD83,19030303,AKDECWQ-Kanakanak,AKDECWQ-KANAKANAK,NA,NA,NA,NA,NA,NA,NA,NA,NA,2022-06-21,13:10:00,AKDT,2022-06-21 21:10:00,"Northern Utility Services Alaska;Alaska Water Laboratory, LLC",NA,59.0625,-158.5447222222,NA,NA,NA,NA,NA,NA,NA,NA,NA,8,8,NA,NA,NA,GPS-Unspecified,NA,NA,NA,NA,NA,NA,NA,NA,NA,NA,NA,NA,STORET,2023-03-28T11:31:54
Field Msr/Obs,Water,WATER,Surface Water,NA,NA,"Temperature, water","TEMPERATURE, WATER",NA,NA,NA,NA,"TEMPERATURE, WATER_NA_NA_DEG C",2022-05-25,14:00:00,AKDT,2022-05-25 22:00:00,10.02,deg C,10.02,DEG C,Convert,Actual,Numeric,NA,NA,NA,NA,NA,NA,NA - Not Available,NA,NA,NA - Not Available,NA,NA,NA,NA,0.1,0.1,Numeric,m,m,NA,NA,NA - Not Available,NA,NA,NA,NA,NA - Not Available,NA,NA,NA,NA,NA,Temperature,https://www.nemi.gov/methods/method_summary/5216/,170.1,USEPA,NA,WQSAR 016,AKDECWQ,Water Temperature,"Water temperature collected at site using a certified handheld thermometer (e.g., NIST Traceable).",Probe/Sensor,NA,Final,w/ Correction Factor,NA,NA,NA,NA,NA,NA,NA,NA,"Targeted - A targeted sample is where a ""sample"" of the subject matter, be that people, plants/animals etc is selected using certain criteria, i.e. pregnant mothers between the ages of 25-30. Targeted samples are usually used by businesses or companies carrying out surveys on a particular group of people.",NA,NA,STORET-971970758,"AKDECWQ-BB Pathogens-Kanakanak-05/25/2022-Temperature, water",AKDECWQ,Alaska Dept of Environmental Conservation - Water Quality,Dillingham Pathogen Monitoring,Monitoring of pathogens (Fecal Coliform and Enterococci) at Dillingham area beaches.,Dillingham Pathogen Monitoring,https://www.waterqualitydata.us/data/providers/STORET/organizations/AKDECWQ/projects/Dillingham%20Pathogen%20Monitoring/files,Y,Alaska Department of Environmental Conservation,US,02,070,Kanakanak Beach,KANAKANAK BEACH,Estuary,ESTUARY,Beach near Kanakanak Hospital. Approximately 5 miles south of Dillingham.,59.0028897,59.0028897,-158.5329718,-158.5329718,NAD83,19030303,AKDECWQ-Kanakanak,AKDECWQ-KANAKANAK,NA,NA,NA,NA,NA,NA,NA,NA,NA,2022-05-25,14:00:00,AKDT,2022-05-25 22:00:00,"Northern Utility Services Alaska;Alaska Water Laboratory, LLC",NA,59.0625,-158.5508333333,NA,NA,NA,NA,NA,NA,NA,NA,NA,8,8,NA,NA,NA,GPS-Unspecified,NA,NA,NA,NA,NA,NA,NA,NA,NA,NA,NA,NA,STORET,2023-03-28T11:31:54
Field Msr/Obs,Water,WATER,Surface Water,NA,NA,"Temperature, water","TEMPERATURE, WATER",NA,NA,NA,NA,"TEMPERATURE, WATER_NA_NA_DEG C",2022-06-21,13:10:00,AKDT,2022-06-21 21:10:00,13.9,deg C,13.9,DEG C,Convert,Actual,Numeric,NA,NA,NA,NA,NA,NA,NA - Not Available,NA,NA,NA - Not Available,NA,NA,NA,NA,0.1,0.1,Numeric,m,m,NA,NA,NA - Not Available,NA,NA,NA,NA,NA - Not Available,NA,NA,NA,NA,NA,Temperature,https://www.nemi.gov/methods/method_summary/5216/,170.1,USEPA,NA,WQSAR 016,AKDECWQ,Water Temperature,"Water temperature collected at site using a certified handheld thermometer (e.g., NIST Traceable).",Probe/Sensor,NA,Final,NA,NA,NA,NA,NA,NA,NA,NA,NA,"Targeted - A targeted sample is where a ""sample"" of the subject matter, be that people, plants/animals etc is selected using certain criteria, i.e. pregnant mothers between the ages of 25-30. Targeted samples are usually used by businesses or companies carrying out surveys on a particular group of people.",NA,NA,STORET-971970759,"AKDECWQ-BB Pathogens-Kanakanak-06/21/2022-Temperature, water",AKDECWQ,Alaska Dept of Environmental Conservation - Water Quality,Dillingham Pathogen Monitoring,Monitoring of pathogens (Fecal Coliform and Enterococci) at Dillingham area beaches.,Dillingham Pathogen Monitoring,https://www.waterqualitydata.us/data/providers/STORET/organizations/AKDECWQ/projects/Dillingham%20Pathogen%20Monitoring/files,Y,Alaska Department of Environmental Conservation,US,02,070,Kanakanak Beach,KANAKANAK BEACH,Estuary,ESTUARY,Beach near Kanakanak Hospital. Approximately 5 miles south of Dillingham.,59.0028897,59.0028897,-158.5329718,-158.5329718,NAD83,19030303,AKDECWQ-Kanakanak,AKDECWQ-KANAKANAK,NA,NA,NA,NA,NA,NA,NA,NA,NA,2022-06-21,13:10:00,AKDT,2022-06-21 21:10:00,"Alaska Water Laboratory, LLC;Northern Utility Services Alaska",NA,59.0625,-158.5447222222,NA,NA,NA,NA,NA,NA,NA,NA,NA,8,8,NA,NA,NA,GPS-Unspecified,NA,NA,NA,NA,NA,NA,NA,NA,NA,NA,NA,NA,STORET,2023-03-28T11:31:54
Field Msr/Obs,Air,AIR,Ambient Air,NA,NA,"Temperature, air","TEMPERATURE, AIR",NA,NA,NA,NA,"TEMPERATURE, AIR_NA_NA_DEG C",2022-06-29,12:35:00,AKDT,2022-06-29 20:35:00,17.6,deg C,17.6,DEG C,Convert,Actual,Numeric,NA,NA,NA,NA,NA,NA,NA - Not Available,NA,NA,NA - Not Available,NA,NA,NA,NA,NA,NA,NA - Not Available,NA,NA,NA,NA,NA - Not Available,NA,NA,NA,NA,NA - Not Available,NA,NA,NA,NA,NA,Temperature,https://www.nemi.gov/methods/method_summary/5216/,170.1,USEPA,NA,WQSAR 006,AKDECWQ,Air Temperature,Temperature taken at site with a handheld digital thermometer (HANNA or YSI).,Probe/Sensor,NA,Final,NA,NA,NA,NA,NA,NA,NA,NA,NA,"Targeted - A targeted sample is where a ""sample"" of the subject matter, be that people, plants/animals etc is selected using certain criteria, i.e. pregnant mothers between the ages of 25-30. Targeted samples are usually used by businesses or companies carrying out surveys on a particular group of people.",NA,NA,STORET-971970760,"AKDECWQ-BB Pathogens-Scandinavian-06/29/2022-Temperature, air",AKDECWQ,Alaska Dept of Environmental Conservation - Water Quality,Dillingham Pathogen Monitoring,Monitoring of pathogens (Fecal Coliform and Enterococci) at Dillingham area beaches.,Dillingham Pathogen Monitoring,https://www.waterqualitydata.us/data/providers/STORET/organizations/AKDECWQ/projects/Dillingham%20Pathogen%20Monitoring/files,Y,Alaska Department of Environmental Conservation,US,02,070,Scandinavian Beach,SCANDINAVIAN BEACH,Estuary,ESTUARY,Beach approximately 500 FT East of the Dillingham Harbor entrance.,59.03743292,59.03743292,-158.4747797,-158.4747797,NAD83,19030303,AKDECWQ-Scandinavian,AKDECWQ-SCANDINAVIAN,NA,NA,NA,NA,NA,NA,NA,NA,NA,2022-06-29,12:35:00,AKDT,2022-06-29 20:35:00,"Northern Utility Services Alaska;Alaska Water Laboratory, LLC",NA,59.0872222222,-158.6047222222,NA,NA,NA,NA,NA,NA,NA,NA,NA,8,8,NA,NA,NA,GPS-Unspecified,NA,NA,NA,NA,NA,NA,NA,NA,NA,NA,NA,NA,STORET,2023-03-28T11:31:54
Field Msr/Obs,Water,WATER,Surface Water,NA,NA,"Temperature, water","TEMPERATURE, WATER",NA,NA,NA,NA,"TEMPERATURE, WATER_NA_NA_DEG C",2022-06-29,12:35:00,AKDT,2022-06-29 20:35:00,14.5,deg C,14.5,DEG C,Convert,Actual,Numeric,NA,NA,NA,NA,NA,NA,NA - Not Available,NA,NA,NA - Not Available,NA,NA,NA,NA,0.1,0.1,Numeric,m,m,NA,NA,NA - Not Available,NA,NA,NA,NA,NA - Not Available,NA,NA,NA,NA,NA,Temperature,https://www.nemi.gov/methods/method_summary/5216/,170.1,USEPA,NA,WQSAR 016,AKDECWQ,Water Temperature,"Water temperature collected at site using a certified handheld thermometer (e.g., NIST Traceable).",Probe/Sensor,NA,Final,NA,NA,NA,NA,NA,NA,NA,NA,NA,"Targeted - A targeted sample is where a ""sample"" of the subject matter, be that people, plants/animals etc is selected using certain criteria, i.e. pregnant mothers between the ages of 25-30. Targeted samples are usually used by businesses or companies carrying out surveys on a particular group of people.",NA,NA,STORET-971970761,"AKDECWQ-BB Pathogens-Scandinavian-06/29/2022-Temperature, water",AKDECWQ,Alaska Dept of Environmental Conservation - Water Quality,Dillingham Pathogen Monitoring,Monitoring of pathogens (Fecal Coliform and Enterococci) at Dillingham area beaches.,Dillingham Pathogen Monitoring,https://www.waterqualitydata.us/data/providers/STORET/organizations/AKDECWQ/projects/Dillingham%20Pathogen%20Monitoring/files,Y,Alaska Department of Environmental Conservation,US,02,070,Scandinavian Beach,SCANDINAVIAN BEACH,Estuary,ESTUARY,Beach approximately 500 FT East of the Dillingham Harbor entrance.,59.03743292,59.03743292,-158.4747797,-158.4747797,NAD83,19030303,AKDECWQ-Scandinavian,AKDECWQ-SCANDINAVIAN,NA,NA,NA,NA,NA,NA,NA,NA,NA,2022-06-29,12:35:00,AKDT,2022-06-29 20:35:00,"Alaska Water Laboratory, LLC;Northern Utility Services Alaska",NA,59.0872222222,-158.6047222222,NA,NA,NA,NA,NA,NA,NA,NA,NA,8,8,NA,NA,NA,GPS-Unspecified,NA,NA,NA,NA,NA,NA,NA,NA,NA,NA,NA,NA,STORET,2023-03-28T11:31:54
Field Msr/Obs,Air,AIR,Ambient Air,NA,NA,"Temperature, air","TEMPERATURE, AIR",NA,NA,NA,NA,"TEMPERATURE, AIR_NA_NA_DEG C",2022-06-28,12:30:00,AKDT,2022-06-28 20:30:00,15.4,deg C,15.4,DEG C,Convert,Actual,Numeric,NA,NA,NA,NA,NA,NA,NA - Not Available,NA,NA,NA - Not Available,NA,NA,NA,NA,NA,NA,NA - Not Available,NA,NA,NA,NA,NA - Not Available,NA,NA,NA,NA,NA - Not Available,NA,NA,NA,NA,NA,Temperature,https://www.nemi.gov/methods/method_summary/5216/,170.1,USEPA,NA,WQSAR 006,AKDECWQ,Air Temperature,Temperature taken at site with a handheld digital thermometer (HANNA or YSI).,Probe/Sensor,NA,Final,NA,NA,NA,NA,NA,NA,NA,NA,NA,"Targeted - A targeted sample is where a ""sample"" of the subject matter, be that people, plants/animals etc is selected using certain criteria, i.e. pregnant mothers between the ages of 25-30. Targeted samples are usually used by businesses or companies carrying out surveys on a particular group of people.",NA,NA,STORET-971970762,"AKDECWQ-BB Pathogens-Scandinavian-06/28/2022-Temperature, air",AKDECWQ,Alaska Dept of Environmental Conservation - Water Quality,Dillingham Pathogen Monitoring,Monitoring of pathogens (Fecal Coliform and Enterococci) at Dillingham area beaches.,Dillingham Pathogen Monitoring,https://www.waterqualitydata.us/data/providers/STORET/organizations/AKDECWQ/projects/Dillingham%20Pathogen%20Monitoring/files,Y,Alaska Department of Environmental Conservation,US,02,070,Scandinavian Beach,SCANDINAVIAN BEACH,Estuary,ESTUARY,Beach approximately 500 FT East of the Dillingham Harbor entrance.,59.03743292,59.03743292,-158.4747797,-158.4747797,NAD83,19030303,AKDECWQ-Scandinavian,AKDECWQ-SCANDINAVIAN,NA,NA,NA,NA,NA,NA,NA,NA,NA,2022-06-28,12:30:00,AKDT,2022-06-28 20:30:00,"Alaska Water Laboratory, LLC;Northern Utility Services Alaska",NA,59.0877777778,-158.6052777778,NA,NA,NA,NA,NA,NA,NA,NA,NA,8,8,NA,NA,NA,GPS-Unspecified,NA,NA,NA,NA,NA,NA,NA,NA,NA,NA,NA,NA,STORET,2023-03-28T11:31:54
Field Msr/Obs,Water,WATER,Surface Water,NA,NA,"Temperature, water","TEMPERATURE, WATER",NA,NA,NA,NA,"TEMPERATURE, WATER_NA_NA_DEG C",2022-06-28,12:30:00,AKDT,2022-06-28 20:30:00,13.6,deg C,13.6,DEG C,Convert,Actual,Numeric,NA,NA,NA,NA,NA,NA,NA - Not Available,NA,NA,NA - Not Available,NA,NA,NA,NA,0.1,0.1,Numeric,m,m,NA,NA,NA - Not Available,NA,NA,NA,NA,NA - Not Available,NA,NA,NA,NA,NA,Temperature,https://www.nemi.gov/methods/method_summary/5216/,170.1,USEPA,NA,WQSAR 016,AKDECWQ,Water Temperature,"Water temperature collected at site using a certified handheld thermometer (e.g., NIST Traceable).",Probe/Sensor,NA,Final,NA,NA,NA,NA,NA,NA,NA,NA,NA,"Targeted - A targeted sample is where a ""sample"" of the subject matter, be that people, plants/animals etc is selected using certain criteria, i.e. pregnant mothers between the ages of 25-30. Targeted samples are usually used by businesses or companies carrying out surveys on a particular group of people.",NA,NA,STORET-971970763,"AKDECWQ-BB Pathogens-Scandinavian-06/28/2022-Temperature, water",AKDECWQ,Alaska Dept of Environmental Conservation - Water Quality,Dillingham Pathogen Monitoring,Monitoring of pathogens (Fecal Coliform and Enterococci) at Dillingham area beaches.,Dillingham Pathogen Monitoring,https://www.waterqualitydata.us/data/providers/STORET/organizations/AKDECWQ/projects/Dillingham%20Pathogen%20Monitoring/files,Y,Alaska Department of Environmental Conservation,US,02,070,Scandinavian Beach,SCANDINAVIAN BEACH,Estuary,ESTUARY,Beach approximately 500 FT East of the Dillingham Harbor entrance.,59.03743292,59.03743292,-158.4747797,-158.4747797,NAD83,19030303,AKDECWQ-Scandinavian,AKDECWQ-SCANDINAVIAN,NA,NA,NA,NA,NA,NA,NA,NA,NA,2022-06-28,12:30:00,AKDT,2022-06-28 20:30:00,"Alaska Water Laboratory, LLC;Northern Utility Services Alaska",NA,59.0877777778,-158.6052777778,NA,NA,NA,NA,NA,NA,NA,NA,NA,8,8,NA,NA,NA,GPS-Unspecified,NA,NA,NA,NA,NA,NA,NA,NA,NA,NA,NA,NA,STORET,2023-03-28T11:31:55
Field Msr/Obs,Air,AIR,Ambient Air,NA,NA,"Temperature, air","TEMPERATURE, AIR",NA,NA,NA,NA,"TEMPERATURE, AIR_NA_NA_DEG C",2022-07-06,12:30:00,AKDT,2022-07-06 20:30:00,13.3,deg C,13.3,DEG C,Convert,Actual,Numeric,NA,NA,NA,NA,NA,NA,NA - Not Available,NA,NA,NA - Not Available,NA,NA,NA,NA,NA,NA,NA - Not Available,NA,NA,NA,NA,NA - Not Available,NA,NA,NA,NA,NA - Not Available,NA,NA,NA,NA,NA,Temperature,https://www.nemi.gov/methods/method_summary/5216/,170.1,USEPA,NA,WQSAR 006,AKDECWQ,Air Temperature,Temperature taken at site with a handheld digital thermometer (HANNA or YSI).,Probe/Sensor,NA,Final,NA,NA,NA,NA,NA,NA,NA,NA,NA,"Targeted - A targeted sample is where a ""sample"" of the subject matter, be that people, plants/animals etc is selected using certain criteria, i.e. pregnant mothers between the ages of 25-30. Targeted samples are usually used by businesses or companies carrying out surveys on a particular group of people.",NA,NA,STORET-971970764,"AKDECWQ-BB Pathogens-Scandinavian-07/06/2022-Temperature, air",AKDECWQ,Alaska Dept of Environmental Conservation - Water Quality,Dillingham Pathogen Monitoring,Monitoring of pathogens (Fecal Coliform and Enterococci) at Dillingham area beaches.,Dillingham Pathogen Monitoring,https://www.waterqualitydata.us/data/providers/STORET/organizations/AKDECWQ/projects/Dillingham%20Pathogen%20Monitoring/files,Y,Alaska Department of Environmental Conservation,US,02,070,Scandinavian Beach,SCANDINAVIAN BEACH,Estuary,ESTUARY,Beach approximately 500 FT East of the Dillingham Harbor entrance.,59.03743292,59.03743292,-158.4747797,-158.4747797,NAD83,19030303,AKDECWQ-Scandinavian,AKDECWQ-SCANDINAVIAN,NA,NA,NA,NA,NA,NA,NA,NA,NA,2022-07-06,12:30:00,AKDT,2022-07-06 20:30:00,"Northern Utility Services Alaska;Alaska Water Laboratory, LLC",NA,59.0922222222,-158.6047222222,NA,NA,NA,NA,NA,NA,NA,NA,NA,8,8,NA,NA,NA,GPS-Unspecified,NA,NA,NA,NA,NA,NA,NA,NA,NA,NA,NA,NA,STORET,2023-03-28T11:31:55
Field Msr/Obs,Water,WATER,Surface Water,NA,NA,"Temperature, water","TEMPERATURE, WATER",NA,NA,NA,NA,"TEMPERATURE, WATER_NA_NA_DEG C",2022-07-06,12:30:00,AKDT,2022-07-06 20:30:00,15.2,deg C,15.2,DEG C,Convert,Actual,Numeric,NA,NA,NA,NA,NA,NA,NA - Not Available,NA,NA,NA - Not Available,NA,NA,NA,NA,0.1,0.1,Numeric,m,m,NA,NA,NA - Not Available,NA,NA,NA,NA,NA - Not Available,NA,NA,NA,NA,NA,Temperature,https://www.nemi.gov/methods/method_summary/5216/,170.1,USEPA,NA,WQSAR 016,AKDECWQ,Water Temperature,"Water temperature collected at site using a certified handheld thermometer (e.g., NIST Traceable).",Probe/Sensor,NA,Final,NA,NA,NA,NA,NA,NA,NA,NA,NA,"Targeted - A targeted sample is where a ""sample"" of the subject matter, be that people, plants/animals etc is selected using certain criteria, i.e. pregnant mothers between the ages of 25-30. Targeted samples are usually used by businesses or companies carrying out surveys on a particular group of people.",NA,NA,STORET-971970765,"AKDECWQ-BB Pathogens-Scandinavian-07/06/2022-Temperature, water",AKDECWQ,Alaska Dept of Environmental Conservation - Water Quality,Dillingham Pathogen Monitoring,Monitoring of pathogens (Fecal Coliform and Enterococci) at Dillingham area beaches.,Dillingham Pathogen Monitoring,https://www.waterqualitydata.us/data/providers/STORET/organizations/AKDECWQ/projects/Dillingham%20Pathogen%20Monitoring/files,Y,Alaska Department of Environmental Conservation,US,02,070,Scandinavian Beach,SCANDINAVIAN BEACH,Estuary,ESTUARY,Beach approximately 500 FT East of the Dillingham Harbor entrance.,59.03743292,59.03743292,-158.4747797,-158.4747797,NAD83,19030303,AKDECWQ-Scandinavian,AKDECWQ-SCANDINAVIAN,NA,NA,NA,NA,NA,NA,NA,NA,NA,2022-07-06,12:30:00,AKDT,2022-07-06 20:30:00,"Alaska Water Laboratory, LLC;Northern Utility Services Alaska",NA,59.0922222222,-158.6047222222,NA,NA,NA,NA,NA,NA,NA,NA,NA,8,8,NA,NA,NA,GPS-Unspecified,NA,NA,NA,NA,NA,NA,NA,NA,NA,NA,NA,NA,STORET,2023-03-28T11:31:55
Field Msr/Obs,Air,AIR,Ambient Air,NA,NA,"Temperature, air","TEMPERATURE, AIR",NA,NA,NA,NA,"TEMPERATURE, AIR_NA_NA_DEG C",2022-06-21,12:45:00,AKDT,2022-06-21 20:45:00,16.5,deg C,16.5,DEG C,Convert,Actual,Numeric,NA,NA,NA,NA,NA,NA,NA - Not Available,NA,NA,NA - Not Available,NA,NA,NA,NA,NA,NA,NA - Not Available,NA,NA,NA,NA,NA - Not Available,NA,NA,NA,NA,NA - Not Available,NA,NA,NA,NA,NA,Temperature,https://www.nemi.gov/methods/method_summary/5216/,170.1,USEPA,NA,WQSAR 006,AKDECWQ,Air Temperature,Temperature taken at site with a handheld digital thermometer (HANNA or YSI).,Probe/Sensor,NA,Final,NA,NA,NA,NA,NA,NA,NA,NA,NA,"Targeted - A targeted sample is where a ""sample"" of the subject matter, be that people, plants/animals etc is selected using certain criteria, i.e. pregnant mothers between the ages of 25-30. Targeted samples are usually used by businesses or companies carrying out surveys on a particular group of people.",NA,NA,STORET-971970766,"AKDECWQ-BB Pathogens-Scandinavian-06/21/2022-Temperature, air",AKDECWQ,Alaska Dept of Environmental Conservation - Water Quality,Dillingham Pathogen Monitoring,Monitoring of pathogens (Fecal Coliform and Enterococci) at Dillingham area beaches.,Dillingham Pathogen Monitoring,https://www.waterqualitydata.us/data/providers/STORET/organizations/AKDECWQ/projects/Dillingham%20Pathogen%20Monitoring/files,Y,Alaska Department of Environmental Conservation,US,02,070,Scandinavian Beach,SCANDINAVIAN BEACH,Estuary,ESTUARY,Beach approximately 500 FT East of the Dillingham Harbor entrance.,59.03743292,59.03743292,-158.4747797,-158.4747797,NAD83,19030303,AKDECWQ-Scandinavian,AKDECWQ-SCANDINAVIAN,NA,NA,NA,NA,NA,NA,NA,NA,NA,2022-06-21,12:45:00,AKDT,2022-06-21 20:45:00,"Alaska Water Laboratory, LLC;Northern Utility Services Alaska",NA,59.095,-158.6044444444,NA,NA,NA,NA,NA,NA,NA,NA,NA,8,8,NA,NA,NA,GPS-Unspecified,NA,NA,NA,NA,NA,NA,NA,NA,NA,NA,NA,NA,STORET,2023-03-28T11:31:55
Field Msr/Obs,Water,WATER,Surface Water,NA,NA,"Temperature, water","TEMPERATURE, WATER",NA,NA,NA,NA,"TEMPERATURE, WATER_NA_NA_DEG C",2022-06-21,12:45:00,AKDT,2022-06-21 20:45:00,12.7,deg C,12.7,DEG C,Convert,Actual,Numeric,NA,NA,NA,NA,NA,NA,NA - Not Available,NA,NA,NA - Not Available,NA,NA,NA,NA,0.1,0.1,Numeric,m,m,NA,NA,NA - Not Available,NA,NA,NA,NA,NA - Not Available,NA,NA,NA,NA,NA,Temperature,https://www.nemi.gov/methods/method_summary/5216/,170.1,USEPA,NA,WQSAR 016,AKDECWQ,Water Temperature,"Water temperature collected at site using a certified handheld thermometer (e.g., NIST Traceable).",Probe/Sensor,NA,Final,NA,NA,NA,NA,NA,NA,NA,NA,NA,"Targeted - A targeted sample is where a ""sample"" of the subject matter, be that people, plants/animals etc is selected using certain criteria, i.e. pregnant mothers between the ages of 25-30. Targeted samples are usually used by businesses or companies carrying out surveys on a particular group of people.",NA,NA,STORET-971970767,"AKDECWQ-BB Pathogens-Scandinavian-06/21/2022-Temperature, water",AKDECWQ,Alaska Dept of Environmental Conservation - Water Quality,Dillingham Pathogen Monitoring,Monitoring of pathogens (Fecal Coliform and Enterococci) at Dillingham area beaches.,Dillingham Pathogen Monitoring,https://www.waterqualitydata.us/data/providers/STORET/organizations/AKDECWQ/projects/Dillingham%20Pathogen%20Monitoring/files,Y,Alaska Department of Environmental Conservation,US,02,070,Scandinavian Beach,SCANDINAVIAN BEACH,Estuary,ESTUARY,Beach approximately 500 FT East of the Dillingham Harbor entrance.,59.03743292,59.03743292,-158.4747797,-158.4747797,NAD83,19030303,AKDECWQ-Scandinavian,AKDECWQ-SCANDINAVIAN,NA,NA,NA,NA,NA,NA,NA,NA,NA,2022-06-21,12:45:00,AKDT,2022-06-21 20:45:00,"Northern Utility Services Alaska;Alaska Water Laboratory, LLC",NA,59.095,-158.6044444444,NA,NA,NA,NA,NA,NA,NA,NA,NA,8,8,NA,NA,NA,GPS-Unspecified,NA,NA,NA,NA,NA,NA,NA,NA,NA,NA,NA,NA,STORET,2023-03-28T11:31:55
Field Msr/Obs,Air,AIR,Ambient Air,NA,NA,"Temperature, air","TEMPERATURE, AIR",NA,NA,NA,NA,"TEMPERATURE, AIR_NA_NA_DEG C",2022-07-12,12:25:00,AKDT,2022-07-12 20:25:00,14.7,deg C,14.7,DEG C,Convert,Actual,Numeric,NA,NA,NA,NA,NA,NA,NA - Not Available,NA,NA,NA - Not Available,NA,NA,NA,NA,NA,NA,NA - Not Available,NA,NA,NA,NA,NA - Not Available,NA,NA,NA,NA,NA - Not Available,NA,NA,NA,NA,NA,Temperature,https://www.nemi.gov/methods/method_summary/5216/,170.1,USEPA,NA,WQSAR 006,AKDECWQ,Air Temperature,Temperature taken at site with a handheld digital thermometer (HANNA or YSI).,Probe/Sensor,NA,Final,NA,NA,NA,NA,NA,NA,NA,NA,NA,"Targeted - A targeted sample is where a ""sample"" of the subject matter, be that people, plants/animals etc is selected using certain criteria, i.e. pregnant mothers between the ages of 25-30. Targeted samples are usually used by businesses or companies carrying out surveys on a particular group of people.",NA,NA,STORET-971970768,"AKDECWQ-BB Pathogens-Scandinavian-07/12/2022-Temperature, air",AKDECWQ,Alaska Dept of Environmental Conservation - Water Quality,Dillingham Pathogen Monitoring,Monitoring of pathogens (Fecal Coliform and Enterococci) at Dillingham area beaches.,Dillingham Pathogen Monitoring,https://www.waterqualitydata.us/data/providers/STORET/organizations/AKDECWQ/projects/Dillingham%20Pathogen%20Monitoring/files,Y,Alaska Department of Environmental Conservation,US,02,070,Scandinavian Beach,SCANDINAVIAN BEACH,Estuary,ESTUARY,Beach approximately 500 FT East of the Dillingham Harbor entrance.,59.03743292,59.03743292,-158.4747797,-158.4747797,NAD83,19030303,AKDECWQ-Scandinavian,AKDECWQ-SCANDINAVIAN,NA,NA,NA,NA,NA,NA,NA,NA,NA,2022-07-12,12:25:00,AKDT,2022-07-12 20:25:00,"Northern Utility Services Alaska;Alaska Water Laboratory, LLC",NA,59.0958333333,-158.6061111111,NA,NA,NA,NA,NA,NA,NA,NA,NA,8,8,NA,NA,NA,GPS-Unspecified,NA,NA,NA,NA,NA,NA,NA,NA,NA,NA,NA,NA,STORET,2023-03-28T11:31:55
Field Msr/Obs,Water,WATER,Surface Water,NA,NA,"Temperature, water","TEMPERATURE, WATER",NA,NA,NA,NA,"TEMPERATURE, WATER_NA_NA_DEG C",2022-07-12,12:25:00,AKDT,2022-07-12 20:25:00,16.1,deg C,16.1,DEG C,Convert,Actual,Numeric,NA,NA,NA,NA,NA,NA,NA - Not Available,NA,NA,NA - Not Available,NA,NA,NA,NA,0.1,0.1,Numeric,m,m,NA,NA,NA - Not Available,NA,NA,NA,NA,NA - Not Available,NA,NA,NA,NA,NA,Temperature,https://www.nemi.gov/methods/method_summary/5216/,170.1,USEPA,NA,WQSAR 016,AKDECWQ,Water Temperature,"Water temperature collected at site using a certified handheld thermometer (e.g., NIST Traceable).",Probe/Sensor,NA,Final,NA,NA,NA,NA,NA,NA,NA,NA,NA,"Targeted - A targeted sample is where a ""sample"" of the subject matter, be that people, plants/animals etc is selected using certain criteria, i.e. pregnant mothers between the ages of 25-30. Targeted samples are usually used by businesses or companies carrying out surveys on a particular group of people.",NA,NA,STORET-971970769,"AKDECWQ-BB Pathogens-Scandinavian-07/12/2022-Temperature, water",AKDECWQ,Alaska Dept of Environmental Conservation - Water Quality,Dillingham Pathogen Monitoring,Monitoring of pathogens (Fecal Coliform and Enterococci) at Dillingham area beaches.,Dillingham Pathogen Monitoring,https://www.waterqualitydata.us/data/providers/STORET/organizations/AKDECWQ/projects/Dillingham%20Pathogen%20Monitoring/files,Y,Alaska Department of Environmental Conservation,US,02,070,Scandinavian Beach,SCANDINAVIAN BEACH,Estuary,ESTUARY,Beach approximately 500 FT East of the Dillingham Harbor entrance.,59.03743292,59.03743292,-158.4747797,-158.4747797,NAD83,19030303,AKDECWQ-Scandinavian,AKDECWQ-SCANDINAVIAN,NA,NA,NA,NA,NA,NA,NA,NA,NA,2022-07-12,12:25:00,AKDT,2022-07-12 20:25:00,"Alaska Water Laboratory, LLC;Northern Utility Services Alaska",NA,59.0958333333,-158.6061111111,NA,NA,NA,NA,NA,NA,NA,NA,NA,8,8,NA,NA,NA,GPS-Unspecified,NA,NA,NA,NA,NA,NA,NA,NA,NA,NA,NA,NA,STORET,2023-03-28T11:31:56
Field Msr/Obs,Air,AIR,Ambient Air,NA,NA,"Temperature, air","TEMPERATURE, AIR",NA,NA,NA,NA,"TEMPERATURE, AIR_NA_NA_DEG C",2022-08-09,12:30:00,AKDT,2022-08-09 20:30:00,11.4,deg C,11.4,DEG C,Convert,Actual,Numeric,NA,NA,NA,NA,NA,NA,NA - Not Available,NA,NA,NA - Not Available,NA,NA,NA,NA,NA,NA,NA - Not Available,NA,NA,NA,NA,NA - Not Available,NA,NA,NA,NA,NA - Not Available,NA,NA,NA,NA,NA,Temperature,https://www.nemi.gov/methods/method_summary/5216/,170.1,USEPA,NA,WQSAR 006,AKDECWQ,Air Temperature,Temperature taken at site with a handheld digital thermometer (HANNA or YSI).,Probe/Sensor,NA,Final,NA,NA,NA,NA,NA,NA,NA,NA,NA,"Targeted - A targeted sample is where a ""sample"" of the subject matter, be that people, plants/animals etc is selected using certain criteria, i.e. pregnant mothers between the ages of 25-30. Targeted samples are usually used by businesses or companies carrying out surveys on a particular group of people.",NA,NA,STORET-971970770,"AKDECWQ-BB Pathogens-Scandinavian-08/09/2022-Temperature, air",AKDECWQ,Alaska Dept of Environmental Conservation - Water Quality,Dillingham Pathogen Monitoring,Monitoring of pathogens (Fecal Coliform and Enterococci) at Dillingham area beaches.,Dillingham Pathogen Monitoring,https://www.waterqualitydata.us/data/providers/STORET/organizations/AKDECWQ/projects/Dillingham%20Pathogen%20Monitoring/files,Y,Alaska Department of Environmental Conservation,US,02,070,Scandinavian Beach,SCANDINAVIAN BEACH,Estuary,ESTUARY,Beach approximately 500 FT East of the Dillingham Harbor entrance.,59.03743292,59.03743292,-158.4747797,-158.4747797,NAD83,19030303,AKDECWQ-Scandinavian,AKDECWQ-SCANDINAVIAN,NA,NA,NA,NA,NA,NA,NA,NA,NA,2022-08-09,12:30:00,AKDT,2022-08-09 20:30:00,"Alaska Water Laboratory, LLC;Northern Utility Services Alaska",NA,59.0975,-158.6038888889,NA,NA,NA,NA,NA,NA,NA,NA,NA,8,8,NA,NA,NA,GPS-Unspecified,NA,NA,NA,NA,NA,NA,NA,NA,NA,NA,NA,NA,STORET,2023-03-28T11:31:56
Field Msr/Obs,Water,WATER,Surface Water,NA,NA,"Temperature, water","TEMPERATURE, WATER",NA,NA,NA,NA,"TEMPERATURE, WATER_NA_NA_DEG C",2022-08-09,12:30:00,AKDT,2022-08-09 20:30:00,13.1,deg C,13.1,DEG C,Convert,Actual,Numeric,NA,NA,NA,NA,NA,NA,NA - Not Available,NA,NA,NA - Not Available,NA,NA,NA,NA,0.1,0.1,Numeric,m,m,NA,NA,NA - Not Available,NA,NA,NA,NA,NA - Not Available,NA,NA,NA,NA,NA,Temperature,https://www.nemi.gov/methods/method_summary/5216/,170.1,USEPA,NA,WQSAR 016,AKDECWQ,Water Temperature,"Water temperature collected at site using a certified handheld thermometer (e.g., NIST Traceable).",Probe/Sensor,NA,Final,NA,NA,NA,NA,NA,NA,NA,NA,NA,"Targeted - A targeted sample is where a ""sample"" of the subject matter, be that people, plants/animals etc is selected using certain criteria, i.e. pregnant mothers between the ages of 25-30. Targeted samples are usually used by businesses or companies carrying out surveys on a particular group of people.",NA,NA,STORET-971970771,"AKDECWQ-BB Pathogens-Scandinavian-08/09/2022-Temperature, water",AKDECWQ,Alaska Dept of Environmental Conservation - Water Quality,Dillingham Pathogen Monitoring,Monitoring of pathogens (Fecal Coliform and Enterococci) at Dillingham area beaches.,Dillingham Pathogen Monitoring,https://www.waterqualitydata.us/data/providers/STORET/organizations/AKDECWQ/projects/Dillingham%20Pathogen%20Monitoring/files,Y,Alaska Department of Environmental Conservation,US,02,070,Scandinavian Beach,SCANDINAVIAN BEACH,Estuary,ESTUARY,Beach approximately 500 FT East of the Dillingham Harbor entrance.,59.03743292,59.03743292,-158.4747797,-158.4747797,NAD83,19030303,AKDECWQ-Scandinavian,AKDECWQ-SCANDINAVIAN,NA,NA,NA,NA,NA,NA,NA,NA,NA,2022-08-09,12:30:00,AKDT,2022-08-09 20:30:00,"Alaska Water Laboratory, LLC;Northern Utility Services Alaska",NA,59.0975,-158.6038888889,NA,NA,NA,NA,NA,NA,NA,NA,NA,8,8,NA,NA,NA,GPS-Unspecified,NA,NA,NA,NA,NA,NA,NA,NA,NA,NA,NA,NA,STORET,2023-03-28T11:31:56
Field Msr/Obs,Air,AIR,Ambient Air,NA,NA,"Temperature, air","TEMPERATURE, AIR",NA,NA,NA,NA,"TEMPERATURE, AIR_NA_NA_DEG C",2022-05-25,13:25:00,AKDT,2022-05-25 21:25:00,12.92,deg C,12.92,DEG C,Convert,Actual,Numeric,NA,NA,NA,NA,NA,NA,NA - Not Available,NA,NA,NA - Not Available,NA,NA,NA,NA,NA,NA,NA - Not Available,NA,NA,NA,NA,NA - Not Available,NA,NA,NA,NA,NA - Not Available,NA,NA,NA,NA,NA,Temperature,https://www.nemi.gov/methods/method_summary/5216/,170.1,USEPA,NA,WQSAR 006,AKDECWQ,Air Temperature,Temperature taken at site with a handheld digital thermometer (HANNA or YSI).,Probe/Sensor,NA,Final,w/ Correction Factor,NA,NA,NA,NA,NA,NA,NA,NA,"Targeted - A targeted sample is where a ""sample"" of the subject matter, be that people, plants/animals etc is selected using certain criteria, i.e. pregnant mothers between the ages of 25-30. Targeted samples are usually used by businesses or companies carrying out surveys on a particular group of people.",NA,NA,STORET-971970772,"AKDECWQ-BB Pathogens-Scandinavian-05/25/2022-Temperature, air",AKDECWQ,Alaska Dept of Environmental Conservation - Water Quality,Dillingham Pathogen Monitoring,Monitoring of pathogens (Fecal Coliform and Enterococci) at Dillingham area beaches.,Dillingham Pathogen Monitoring,https://www.waterqualitydata.us/data/providers/STORET/organizations/AKDECWQ/projects/Dillingham%20Pathogen%20Monitoring/files,Y,Alaska Department of Environmental Conservation,US,02,070,Scandinavian Beach,SCANDINAVIAN BEACH,Estuary,ESTUARY,Beach approximately 500 FT East of the Dillingham Harbor entrance.,59.03743292,59.03743292,-158.4747797,-158.4747797,NAD83,19030303,AKDECWQ-Scandinavian,AKDECWQ-SCANDINAVIAN,NA,NA,NA,NA,NA,NA,NA,NA,NA,2022-05-25,13:25:00,AKDT,2022-05-25 21:25:00,"Northern Utility Services Alaska;Alaska Water Laboratory, LLC",NA,59.1019444444,-158.6036111111,NA,NA,NA,NA,NA,NA,NA,NA,NA,8,8,NA,NA,NA,GPS-Unspecified,NA,NA,NA,NA,NA,NA,NA,NA,NA,NA,NA,NA,STORET,2023-03-28T11:31:56
Field Msr/Obs,Water,WATER,Surface Water,NA,NA,"Temperature, water","TEMPERATURE, WATER",NA,NA,NA,NA,"TEMPERATURE, WATER_NA_NA_DEG C",2022-05-25,13:25:00,AKDT,2022-05-25 21:25:00,11.22,deg C,11.22,DEG C,Convert,Actual,Numeric,NA,NA,NA,NA,NA,NA,NA - Not Available,NA,NA,NA - Not Available,NA,NA,NA,NA,0.1,0.1,Numeric,m,m,NA,NA,NA - Not Available,NA,NA,NA,NA,NA - Not Available,NA,NA,NA,NA,NA,Temperature,https://www.nemi.gov/methods/method_summary/5216/,170.1,USEPA,NA,WQSAR 016,AKDECWQ,Water Temperature,"Water temperature collected at site using a certified handheld thermometer (e.g., NIST Traceable).",Probe/Sensor,NA,Final,w/ Correction Factor,NA,NA,NA,NA,NA,NA,NA,NA,"Targeted - A targeted sample is where a ""sample"" of the subject matter, be that people, plants/animals etc is selected using certain criteria, i.e. pregnant mothers between the ages of 25-30. Targeted samples are usually used by businesses or companies carrying out surveys on a particular group of people.",NA,NA,STORET-971970773,"AKDECWQ-BB Pathogens-Scandinavian-05/25/2022-Temperature, water",AKDECWQ,Alaska Dept of Environmental Conservation - Water Quality,Dillingham Pathogen Monitoring,Monitoring of pathogens (Fecal Coliform and Enterococci) at Dillingham area beaches.,Dillingham Pathogen Monitoring,https://www.waterqualitydata.us/data/providers/STORET/organizations/AKDECWQ/projects/Dillingham%20Pathogen%20Monitoring/files,Y,Alaska Department of Environmental Conservation,US,02,070,Scandinavian Beach,SCANDINAVIAN BEACH,Estuary,ESTUARY,Beach approximately 500 FT East of the Dillingham Harbor entrance.,59.03743292,59.03743292,-158.4747797,-158.4747797,NAD83,19030303,AKDECWQ-Scandinavian,AKDECWQ-SCANDINAVIAN,NA,NA,NA,NA,NA,NA,NA,NA,NA,2022-05-25,13:25:00,AKDT,2022-05-25 21:25:00,"Alaska Water Laboratory, LLC;Northern Utility Services Alaska",NA,59.1019444444,-158.6036111111,NA,NA,NA,NA,NA,NA,NA,NA,NA,8,8,NA,NA,NA,GPS-Unspecified,NA,NA,NA,NA,NA,NA,NA,NA,NA,NA,NA,NA,STORET,2023-03-28T11:31:56
Field Msr/Obs,Air,AIR,Ambient Air,NA,NA,"Temperature, air","TEMPERATURE, AIR",NA,NA,NA,NA,"TEMPERATURE, AIR_NA_NA_DEG C",2022-06-29,12:05:00,AKDT,2022-06-29 20:05:00,15.5,deg C,15.5,DEG C,Convert,Actual,Numeric,NA,NA,NA,NA,NA,NA,NA - Not Available,NA,NA,NA - Not Available,NA,NA,NA,NA,NA,NA,NA - Not Available,NA,NA,NA,NA,NA - Not Available,NA,NA,NA,NA,NA - Not Available,NA,NA,NA,NA,NA,Temperature,https://www.nemi.gov/methods/method_summary/5216/,170.1,USEPA,NA,WQSAR 006,AKDECWQ,Air Temperature,Temperature taken at site with a handheld digital thermometer (HANNA or YSI).,Probe/Sensor,NA,Final,NA,NA,NA,NA,NA,NA,NA,NA,NA,"Targeted - A targeted sample is where a ""sample"" of the subject matter, be that people, plants/animals etc is selected using certain criteria, i.e. pregnant mothers between the ages of 25-30. Targeted samples are usually used by businesses or companies carrying out surveys on a particular group of people.",NA,NA,STORET-971970774,"AKDECWQ-BB Pathogens-Snag Point-06/29/2022-Temperature, air",AKDECWQ,Alaska Dept of Environmental Conservation - Water Quality,Dillingham Pathogen Monitoring,Monitoring of pathogens (Fecal Coliform and Enterococci) at Dillingham area beaches.,Dillingham Pathogen Monitoring,https://www.waterqualitydata.us/data/providers/STORET/organizations/AKDECWQ/projects/Dillingham%20Pathogen%20Monitoring/files,Y,Alaska Department of Environmental Conservation,US,02,070,Snag Point Beach,SNAG POINT BEACH,Estuary,ESTUARY,Beach approximately 300 ft East of the Dillingham dock.,59.03786152,59.03786152,-158.4606696,-158.4606696,NAD83,19030303,AKDECWQ-Snag Point,AKDECWQ-SNAG POINT,NA,NA,NA,NA,NA,NA,NA,NA,NA,2022-06-29,12:05:00,AKDT,2022-06-29 20:05:00,"Alaska Water Laboratory, LLC;Northern Utility Services Alaska",NA,59.1058333333,-158.6288888889,NA,NA,NA,NA,NA,NA,NA,NA,NA,8,8,NA,NA,NA,GPS-Unspecified,NA,NA,NA,NA,NA,NA,NA,NA,NA,NA,NA,NA,STORET,2023-03-28T11:31:57
Field Msr/Obs,Water,WATER,Surface Water,NA,NA,"Temperature, water","TEMPERATURE, WATER",NA,NA,NA,NA,"TEMPERATURE, WATER_NA_NA_DEG C",2022-06-29,12:05:00,AKDT,2022-06-29 20:05:00,13.8,deg C,13.8,DEG C,Convert,Actual,Numeric,NA,NA,NA,NA,NA,NA,NA - Not Available,NA,NA,NA - Not Available,NA,NA,NA,NA,0.1,0.1,Numeric,m,m,NA,NA,NA - Not Available,NA,NA,NA,NA,NA - Not Available,NA,NA,NA,NA,NA,Temperature,https://www.nemi.gov/methods/method_summary/5216/,170.1,USEPA,NA,WQSAR 016,AKDECWQ,Water Temperature,"Water temperature collected at site using a certified handheld thermometer (e.g., NIST Traceable).",Probe/Sensor,NA,Final,NA,NA,NA,NA,NA,NA,NA,NA,NA,"Targeted - A targeted sample is where a ""sample"" of the subject matter, be that people, plants/animals etc is selected using certain criteria, i.e. pregnant mothers between the ages of 25-30. Targeted samples are usually used by businesses or companies carrying out surveys on a particular group of people.",NA,NA,STORET-971970775,"AKDECWQ-BB Pathogens-Snag Point-06/29/2022-Temperature, water",AKDECWQ,Alaska Dept of Environmental Conservation - Water Quality,Dillingham Pathogen Monitoring,Monitoring of pathogens (Fecal Coliform and Enterococci) at Dillingham area beaches.,Dillingham Pathogen Monitoring,https://www.waterqualitydata.us/data/providers/STORET/organizations/AKDECWQ/projects/Dillingham%20Pathogen%20Monitoring/files,Y,Alaska Department of Environmental Conservation,US,02,070,Snag Point Beach,SNAG POINT BEACH,Estuary,ESTUARY,Beach approximately 300 ft East of the Dillingham dock.,59.03786152,59.03786152,-158.4606696,-158.4606696,NAD83,19030303,AKDECWQ-Snag Point,AKDECWQ-SNAG POINT,NA,NA,NA,NA,NA,NA,NA,NA,NA,2022-06-29,12:05:00,AKDT,2022-06-29 20:05:00,"Northern Utility Services Alaska;Alaska Water Laboratory, LLC",NA,59.1058333333,-158.6288888889,NA,NA,NA,NA,NA,NA,NA,NA,NA,8,8,NA,NA,NA,GPS-Unspecified,NA,NA,NA,NA,NA,NA,NA,NA,NA,NA,NA,NA,STORET,2023-03-28T11:31:57
Field Msr/Obs,Air,AIR,Ambient Air,NA,NA,"Temperature, air","TEMPERATURE, AIR",NA,NA,NA,NA,"TEMPERATURE, AIR_NA_NA_DEG C",2022-06-28,12:00:00,AKDT,2022-06-28 20:00:00,15.5,deg C,15.5,DEG C,Convert,Actual,Numeric,NA,NA,NA,NA,NA,NA,NA - Not Available,NA,NA,NA - Not Available,NA,NA,NA,NA,NA,NA,NA - Not Available,NA,NA,NA,NA,NA - Not Available,NA,NA,NA,NA,NA - Not Available,NA,NA,NA,NA,NA,Temperature,https://www.nemi.gov/methods/method_summary/5216/,170.1,USEPA,NA,WQSAR 006,AKDECWQ,Air Temperature,Temperature taken at site with a handheld digital thermometer (HANNA or YSI).,Probe/Sensor,NA,Final,NA,NA,NA,NA,NA,NA,NA,NA,NA,"Targeted - A targeted sample is where a ""sample"" of the subject matter, be that people, plants/animals etc is selected using certain criteria, i.e. pregnant mothers between the ages of 25-30. Targeted samples are usually used by businesses or companies carrying out surveys on a particular group of people.",NA,NA,STORET-971970776,"AKDECWQ-BB Pathogens-Snag Point-06/28/2022-Temperature, air",AKDECWQ,Alaska Dept of Environmental Conservation - Water Quality,Dillingham Pathogen Monitoring,Monitoring of pathogens (Fecal Coliform and Enterococci) at Dillingham area beaches.,Dillingham Pathogen Monitoring,https://www.waterqualitydata.us/data/providers/STORET/organizations/AKDECWQ/projects/Dillingham%20Pathogen%20Monitoring/files,Y,Alaska Department of Environmental Conservation,US,02,070,Snag Point Beach,SNAG POINT BEACH,Estuary,ESTUARY,Beach approximately 300 ft East of the Dillingham dock.,59.03786152,59.03786152,-158.4606696,-158.4606696,NAD83,19030303,AKDECWQ-Snag Point,AKDECWQ-SNAG POINT,NA,NA,NA,NA,NA,NA,NA,NA,NA,2022-06-28,12:00:00,AKDT,2022-06-28 20:00:00,"Northern Utility Services Alaska;Alaska Water Laboratory, LLC",NA,59.1061111111,-158.6294444444,NA,NA,NA,NA,NA,NA,NA,NA,NA,8,8,NA,NA,NA,GPS-Unspecified,NA,NA,NA,NA,NA,NA,NA,NA,NA,NA,NA,NA,STORET,2023-03-28T11:31:57
Field Msr/Obs,Water,WATER,Surface Water,NA,NA,"Temperature, water","TEMPERATURE, WATER",NA,NA,NA,NA,"TEMPERATURE, WATER_NA_NA_DEG C",2022-06-28,12:00:00,AKDT,2022-06-28 20:00:00,13.8,deg C,13.8,DEG C,Convert,Actual,Numeric,NA,NA,NA,NA,NA,NA,NA - Not Available,NA,NA,NA - Not Available,NA,NA,NA,NA,0.1,0.1,Numeric,m,m,NA,NA,NA - Not Available,NA,NA,NA,NA,NA - Not Available,NA,NA,NA,NA,NA,Temperature,https://www.nemi.gov/methods/method_summary/5216/,170.1,USEPA,NA,WQSAR 016,AKDECWQ,Water Temperature,"Water temperature collected at site using a certified handheld thermometer (e.g., NIST Traceable).",Probe/Sensor,NA,Final,NA,NA,NA,NA,NA,NA,NA,NA,NA,"Targeted - A targeted sample is where a ""sample"" of the subject matter, be that people, plants/animals etc is selected using certain criteria, i.e. pregnant mothers between the ages of 25-30. Targeted samples are usually used by businesses or companies carrying out surveys on a particular group of people.",NA,NA,STORET-971970777,"AKDECWQ-BB Pathogens-Snag Point-06/28/2022-Temperature, water",AKDECWQ,Alaska Dept of Environmental Conservation - Water Quality,Dillingham Pathogen Monitoring,Monitoring of pathogens (Fecal Coliform and Enterococci) at Dillingham area beaches.,Dillingham Pathogen Monitoring,https://www.waterqualitydata.us/data/providers/STORET/organizations/AKDECWQ/projects/Dillingham%20Pathogen%20Monitoring/files,Y,Alaska Department of Environmental Conservation,US,02,070,Snag Point Beach,SNAG POINT BEACH,Estuary,ESTUARY,Beach approximately 300 ft East of the Dillingham dock.,59.03786152,59.03786152,-158.4606696,-158.4606696,NAD83,19030303,AKDECWQ-Snag Point,AKDECWQ-SNAG POINT,NA,NA,NA,NA,NA,NA,NA,NA,NA,2022-06-28,12:00:00,AKDT,2022-06-28 20:00:00,"Alaska Water Laboratory, LLC;Northern Utility Services Alaska",NA,59.1061111111,-158.6294444444,NA,NA,NA,NA,NA,NA,NA,NA,NA,8,8,NA,NA,NA,GPS-Unspecified,NA,NA,NA,NA,NA,NA,NA,NA,NA,NA,NA,NA,STORET,2023-03-28T11:31:57
Field Msr/Obs,Air,AIR,Ambient Air,NA,NA,"Temperature, air","TEMPERATURE, AIR",NA,NA,NA,NA,"TEMPERATURE, AIR_NA_NA_DEG C",2022-08-09,12:05:00,AKDT,2022-08-09 20:05:00,13,deg C,13,DEG C,Convert,Actual,Numeric,NA,NA,NA,NA,NA,NA,NA - Not Available,NA,NA,NA - Not Available,NA,NA,NA,NA,NA,NA,NA - Not Available,NA,NA,NA,NA,NA - Not Available,NA,NA,NA,NA,NA - Not Available,NA,NA,NA,NA,NA,Temperature,https://www.nemi.gov/methods/method_summary/5216/,170.1,USEPA,NA,WQSAR 006,AKDECWQ,Air Temperature,Temperature taken at site with a handheld digital thermometer (HANNA or YSI).,Probe/Sensor,NA,Final,NA,NA,NA,NA,NA,NA,NA,NA,NA,"Targeted - A targeted sample is where a ""sample"" of the subject matter, be that people, plants/animals etc is selected using certain criteria, i.e. pregnant mothers between the ages of 25-30. Targeted samples are usually used by businesses or companies carrying out surveys on a particular group of people.",NA,NA,STORET-971970778,"AKDECWQ-BB Pathogens-Snag Point-08/09/2022-Temperature, air",AKDECWQ,Alaska Dept of Environmental Conservation - Water Quality,Dillingham Pathogen Monitoring,Monitoring of pathogens (Fecal Coliform and Enterococci) at Dillingham area beaches.,Dillingham Pathogen Monitoring,https://www.waterqualitydata.us/data/providers/STORET/organizations/AKDECWQ/projects/Dillingham%20Pathogen%20Monitoring/files,Y,Alaska Department of Environmental Conservation,US,02,070,Snag Point Beach,SNAG POINT BEACH,Estuary,ESTUARY,Beach approximately 300 ft East of the Dillingham dock.,59.03786152,59.03786152,-158.4606696,-158.4606696,NAD83,19030303,AKDECWQ-Snag Point,AKDECWQ-SNAG POINT,NA,NA,NA,NA,NA,NA,NA,NA,NA,2022-08-09,12:05:00,AKDT,2022-08-09 20:05:00,"Alaska Water Laboratory, LLC;Northern Utility Services Alaska",NA,59.1072222222,-160.2780555556,NA,NA,NA,NA,NA,NA,NA,NA,NA,8,8,NA,NA,NA,GPS-Unspecified,NA,NA,NA,NA,NA,NA,NA,NA,NA,NA,NA,NA,STORET,2023-03-28T11:31:57
Field Msr/Obs,Water,WATER,Surface Water,NA,NA,"Temperature, water","TEMPERATURE, WATER",NA,NA,NA,NA,"TEMPERATURE, WATER_NA_NA_DEG C",2022-08-09,12:05:00,AKDT,2022-08-09 20:05:00,13.1,deg C,13.1,DEG C,Convert,Actual,Numeric,NA,NA,NA,NA,NA,NA,NA - Not Available,NA,NA,NA - Not Available,NA,NA,NA,NA,0.1,0.1,Numeric,m,m,NA,NA,NA - Not Available,NA,NA,NA,NA,NA - Not Available,NA,NA,NA,NA,NA,Temperature,https://www.nemi.gov/methods/method_summary/5216/,170.1,USEPA,NA,WQSAR 016,AKDECWQ,Water Temperature,"Water temperature collected at site using a certified handheld thermometer (e.g., NIST Traceable).",Probe/Sensor,NA,Final,NA,NA,NA,NA,NA,NA,NA,NA,NA,"Targeted - A targeted sample is where a ""sample"" of the subject matter, be that people, plants/animals etc is selected using certain criteria, i.e. pregnant mothers between the ages of 25-30. Targeted samples are usually used by businesses or companies carrying out surveys on a particular group of people.",NA,NA,STORET-971970779,"AKDECWQ-BB Pathogens-Snag Point-08/09/2022-Temperature, water",AKDECWQ,Alaska Dept of Environmental Conservation - Water Quality,Dillingham Pathogen Monitoring,Monitoring of pathogens (Fecal Coliform and Enterococci) at Dillingham area beaches.,Dillingham Pathogen Monitoring,https://www.waterqualitydata.us/data/providers/STORET/organizations/AKDECWQ/projects/Dillingham%20Pathogen%20Monitoring/files,Y,Alaska Department of Environmental Conservation,US,02,070,Snag Point Beach,SNAG POINT BEACH,Estuary,ESTUARY,Beach approximately 300 ft East of the Dillingham dock.,59.03786152,59.03786152,-158.4606696,-158.4606696,NAD83,19030303,AKDECWQ-Snag Point,AKDECWQ-SNAG POINT,NA,NA,NA,NA,NA,NA,NA,NA,NA,2022-08-09,12:05:00,AKDT,2022-08-09 20:05:00,"Northern Utility Services Alaska;Alaska Water Laboratory, LLC",NA,59.1072222222,-160.2780555556,NA,NA,NA,NA,NA,NA,NA,NA,NA,8,8,NA,NA,NA,GPS-Unspecified,NA,NA,NA,NA,NA,NA,NA,NA,NA,NA,NA,NA,STORET,2023-03-28T11:31:57
Field Msr/Obs,Air,AIR,Ambient Air,NA,NA,"Temperature, air","TEMPERATURE, AIR",NA,NA,NA,NA,"TEMPERATURE, AIR_NA_NA_DEG C",2022-06-21,12:25:00,AKDT,2022-06-21 20:25:00,21.5,deg C,21.5,DEG C,Convert,Actual,Numeric,NA,NA,NA,NA,NA,NA,NA - Not Available,NA,NA,NA - Not Available,NA,NA,NA,NA,NA,NA,NA - Not Available,NA,NA,NA,NA,NA - Not Available,NA,NA,NA,NA,NA - Not Available,NA,NA,NA,NA,NA,Temperature,https://www.nemi.gov/methods/method_summary/5216/,170.1,USEPA,NA,WQSAR 006,AKDECWQ,Air Temperature,Temperature taken at site with a handheld digital thermometer (HANNA or YSI).,Probe/Sensor,NA,Final,NA,NA,NA,NA,NA,NA,NA,NA,NA,"Targeted - A targeted sample is where a ""sample"" of the subject matter, be that people, plants/animals etc is selected using certain criteria, i.e. pregnant mothers between the ages of 25-30. Targeted samples are usually used by businesses or companies carrying out surveys on a particular group of people.",NA,NA,STORET-971970780,"AKDECWQ-BB Pathogens-Snag Point-06/21/2022-Temperature, air",AKDECWQ,Alaska Dept of Environmental Conservation - Water Quality,Dillingham Pathogen Monitoring,Monitoring of pathogens (Fecal Coliform and Enterococci) at Dillingham area beaches.,Dillingham Pathogen Monitoring,https://www.waterqualitydata.us/data/providers/STORET/organizations/AKDECWQ/projects/Dillingham%20Pathogen%20Monitoring/files,Y,Alaska Department of Environmental Conservation,US,02,070,Snag Point Beach,SNAG POINT BEACH,Estuary,ESTUARY,Beach approximately 300 ft East of the Dillingham dock.,59.03786152,59.03786152,-158.4606696,-158.4606696,NAD83,19030303,AKDECWQ-Snag Point,AKDECWQ-SNAG POINT,NA,NA,NA,NA,NA,NA,NA,NA,NA,2022-06-21,12:25:00,AKDT,2022-06-21 20:25:00,"Northern Utility Services Alaska;Alaska Water Laboratory, LLC",NA,59.1088888889,-158.6327777778,NA,NA,NA,NA,NA,NA,NA,NA,NA,8,8,NA,NA,NA,GPS-Unspecified,NA,NA,NA,NA,NA,NA,NA,NA,NA,NA,NA,NA,STORET,2023-03-28T11:31:58
Field Msr/Obs,Water,WATER,Surface Water,NA,NA,"Temperature, water","TEMPERATURE, WATER",NA,NA,NA,NA,"TEMPERATURE, WATER_NA_NA_DEG C",2022-06-21,12:25:00,AKDT,2022-06-21 20:25:00,13.1,deg C,13.1,DEG C,Convert,Actual,Numeric,NA,NA,NA,NA,NA,NA,NA - Not Available,NA,NA,NA - Not Available,NA,NA,NA,NA,0.1,0.1,Numeric,m,m,NA,NA,NA - Not Available,NA,NA,NA,NA,NA - Not Available,NA,NA,NA,NA,NA,Temperature,https://www.nemi.gov/methods/method_summary/5216/,170.1,USEPA,NA,WQSAR 016,AKDECWQ,Water Temperature,"Water temperature collected at site using a certified handheld thermometer (e.g., NIST Traceable).",Probe/Sensor,NA,Final,NA,NA,NA,NA,NA,NA,NA,NA,NA,"Targeted - A targeted sample is where a ""sample"" of the subject matter, be that people, plants/animals etc is selected using certain criteria, i.e. pregnant mothers between the ages of 25-30. Targeted samples are usually used by businesses or companies carrying out surveys on a particular group of people.",NA,NA,STORET-971970781,"AKDECWQ-BB Pathogens-Snag Point-06/21/2022-Temperature, water",AKDECWQ,Alaska Dept of Environmental Conservation - Water Quality,Dillingham Pathogen Monitoring,Monitoring of pathogens (Fecal Coliform and Enterococci) at Dillingham area beaches.,Dillingham Pathogen Monitoring,https://www.waterqualitydata.us/data/providers/STORET/organizations/AKDECWQ/projects/Dillingham%20Pathogen%20Monitoring/files,Y,Alaska Department of Environmental Conservation,US,02,070,Snag Point Beach,SNAG POINT BEACH,Estuary,ESTUARY,Beach approximately 300 ft East of the Dillingham dock.,59.03786152,59.03786152,-158.4606696,-158.4606696,NAD83,19030303,AKDECWQ-Snag Point,AKDECWQ-SNAG POINT,NA,NA,NA,NA,NA,NA,NA,NA,NA,2022-06-21,12:25:00,AKDT,2022-06-21 20:25:00,"Alaska Water Laboratory, LLC;Northern Utility Services Alaska",NA,59.1088888889,-158.6327777778,NA,NA,NA,NA,NA,NA,NA,NA,NA,8,8,NA,NA,NA,GPS-Unspecified,NA,NA,NA,NA,NA,NA,NA,NA,NA,NA,NA,NA,STORET,2023-03-28T11:31:58
Field Msr/Obs,Air,AIR,Ambient Air,NA,NA,"Temperature, air","TEMPERATURE, AIR",NA,NA,NA,NA,"TEMPERATURE, AIR_NA_NA_DEG C",2022-07-12,12:05:00,AKDT,2022-07-12 20:05:00,14.5,deg C,14.5,DEG C,Convert,Actual,Numeric,NA,NA,NA,NA,NA,NA,NA - Not Available,NA,NA,NA - Not Available,NA,NA,NA,NA,NA,NA,NA - Not Available,NA,NA,NA,NA,NA - Not Available,NA,NA,NA,NA,NA - Not Available,NA,NA,NA,NA,NA,Temperature,https://www.nemi.gov/methods/method_summary/5216/,170.1,USEPA,NA,WQSAR 006,AKDECWQ,Air Temperature,Temperature taken at site with a handheld digital thermometer (HANNA or YSI).,Probe/Sensor,NA,Final,NA,NA,NA,NA,NA,NA,NA,NA,NA,"Targeted - A targeted sample is where a ""sample"" of the subject matter, be that people, plants/animals etc is selected using certain criteria, i.e. pregnant mothers between the ages of 25-30. Targeted samples are usually used by businesses or companies carrying out surveys on a particular group of people.",NA,NA,STORET-971970782,"AKDECWQ-BB Pathogens-Snag Point-07/12/2022-Temperature, air",AKDECWQ,Alaska Dept of Environmental Conservation - Water Quality,Dillingham Pathogen Monitoring,Monitoring of pathogens (Fecal Coliform and Enterococci) at Dillingham area beaches.,Dillingham Pathogen Monitoring,https://www.waterqualitydata.us/data/providers/STORET/organizations/AKDECWQ/projects/Dillingham%20Pathogen%20Monitoring/files,Y,Alaska Department of Environmental Conservation,US,02,070,Snag Point Beach,SNAG POINT BEACH,Estuary,ESTUARY,Beach approximately 300 ft East of the Dillingham dock.,59.03786152,59.03786152,-158.4606696,-158.4606696,NAD83,19030303,AKDECWQ-Snag Point,AKDECWQ-SNAG POINT,NA,NA,NA,NA,NA,NA,NA,NA,NA,2022-07-12,12:05:00,AKDT,2022-07-12 20:05:00,"Northern Utility Services Alaska;Alaska Water Laboratory, LLC",NA,59.1091666667,-158.6316666667,NA,NA,NA,NA,NA,NA,NA,NA,NA,8,8,NA,NA,NA,GPS-Unspecified,NA,NA,NA,NA,NA,NA,NA,NA,NA,NA,NA,NA,STORET,2023-03-28T11:31:58
Field Msr/Obs,Water,WATER,Surface Water,NA,NA,"Temperature, water","TEMPERATURE, WATER",NA,NA,NA,NA,"TEMPERATURE, WATER_NA_NA_DEG C",2022-07-12,12:05:00,AKDT,2022-07-12 20:05:00,16.1,deg C,16.1,DEG C,Convert,Actual,Numeric,NA,NA,NA,NA,NA,NA,NA - Not Available,NA,NA,NA - Not Available,NA,NA,NA,NA,0.1,0.1,Numeric,m,m,NA,NA,NA - Not Available,NA,NA,NA,NA,NA - Not Available,NA,NA,NA,NA,NA,Temperature,https://www.nemi.gov/methods/method_summary/5216/,170.1,USEPA,NA,WQSAR 016,AKDECWQ,Water Temperature,"Water temperature collected at site using a certified handheld thermometer (e.g., NIST Traceable).",Probe/Sensor,NA,Final,NA,NA,NA,NA,NA,NA,NA,NA,NA,"Targeted - A targeted sample is where a ""sample"" of the subject matter, be that people, plants/animals etc is selected using certain criteria, i.e. pregnant mothers between the ages of 25-30. Targeted samples are usually used by businesses or companies carrying out surveys on a particular group of people.",NA,NA,STORET-971970783,"AKDECWQ-BB Pathogens-Snag Point-07/12/2022-Temperature, water",AKDECWQ,Alaska Dept of Environmental Conservation - Water Quality,Dillingham Pathogen Monitoring,Monitoring of pathogens (Fecal Coliform and Enterococci) at Dillingham area beaches.,Dillingham Pathogen Monitoring,https://www.waterqualitydata.us/data/providers/STORET/organizations/AKDECWQ/projects/Dillingham%20Pathogen%20Monitoring/files,Y,Alaska Department of Environmental Conservation,US,02,070,Snag Point Beach,SNAG POINT BEACH,Estuary,ESTUARY,Beach approximately 300 ft East of the Dillingham dock.,59.03786152,59.03786152,-158.4606696,-158.4606696,NAD83,19030303,AKDECWQ-Snag Point,AKDECWQ-SNAG POINT,NA,NA,NA,NA,NA,NA,NA,NA,NA,2022-07-12,12:05:00,AKDT,2022-07-12 20:05:00,"Northern Utility Services Alaska;Alaska Water Laboratory, LLC",NA,59.1091666667,-158.6316666667,NA,NA,NA,NA,NA,NA,NA,NA,NA,8,8,NA,NA,NA,GPS-Unspecified,NA,NA,NA,NA,NA,NA,NA,NA,NA,NA,NA,NA,STORET,2023-03-28T11:31:58
Field Msr/Obs,Air,AIR,Ambient Air,NA,NA,"Temperature, air","TEMPERATURE, AIR",NA,NA,NA,NA,"TEMPERATURE, AIR_NA_NA_DEG C",2022-05-25,12:30:00,AKDT,2022-05-25 20:30:00,18.32,deg C,18.32,DEG C,Convert,Actual,Numeric,NA,NA,NA,NA,NA,NA,NA - Not Available,NA,NA,NA - Not Available,NA,NA,NA,NA,NA,NA,NA - Not Available,NA,NA,NA,NA,NA - Not Available,NA,NA,NA,NA,NA - Not Available,NA,NA,NA,NA,NA,Temperature,https://www.nemi.gov/methods/method_summary/5216/,170.1,USEPA,NA,WQSAR 006,AKDECWQ,Air Temperature,Temperature taken at site with a handheld digital thermometer (HANNA or YSI).,Probe/Sensor,NA,Final,w/ Correction Factor,NA,NA,NA,NA,NA,NA,NA,NA,"Targeted - A targeted sample is where a ""sample"" of the subject matter, be that people, plants/animals etc is selected using certain criteria, i.e. pregnant mothers between the ages of 25-30. Targeted samples are usually used by businesses or companies carrying out surveys on a particular group of people.",NA,NA,STORET-971970784,"AKDECWQ-BB Pathogens-Snag Point-05/25/2022-Temperature, air",AKDECWQ,Alaska Dept of Environmental Conservation - Water Quality,Dillingham Pathogen Monitoring,Monitoring of pathogens (Fecal Coliform and Enterococci) at Dillingham area beaches.,Dillingham Pathogen Monitoring,https://www.waterqualitydata.us/data/providers/STORET/organizations/AKDECWQ/projects/Dillingham%20Pathogen%20Monitoring/files,Y,Alaska Department of Environmental Conservation,US,02,070,Snag Point Beach,SNAG POINT BEACH,Estuary,ESTUARY,Beach approximately 300 ft East of the Dillingham dock.,59.03786152,59.03786152,-158.4606696,-158.4606696,NAD83,19030303,AKDECWQ-Snag Point,AKDECWQ-SNAG POINT,NA,NA,NA,NA,NA,NA,NA,NA,NA,2022-05-25,12:30:00,AKDT,2022-05-25 20:30:00,"Alaska Water Laboratory, LLC",NA,59.1094444444,-158.4938888889,NA,NA,NA,NA,NA,NA,NA,NA,NA,8,8,NA,NA,NA,GPS-Unspecified,NA,NA,NA,NA,NA,NA,NA,NA,NA,NA,NA,NA,STORET,2023-03-28T11:31:58
Field Msr/Obs,Water,WATER,Surface Water,NA,NA,"Temperature, water","TEMPERATURE, WATER",NA,NA,NA,NA,"TEMPERATURE, WATER_NA_NA_DEG C",2022-05-25,12:30:00,AKDT,2022-05-25 20:30:00,9.52,deg C,9.52,DEG C,Convert,Actual,Numeric,NA,NA,NA,NA,NA,NA,NA - Not Available,NA,NA,NA - Not Available,NA,NA,NA,NA,0.1,0.1,Numeric,m,m,NA,NA,NA - Not Available,NA,NA,NA,NA,NA - Not Available,NA,NA,NA,NA,NA,Temperature,https://www.nemi.gov/methods/method_summary/5216/,170.1,USEPA,NA,WQSAR 016,AKDECWQ,Water Temperature,"Water temperature collected at site using a certified handheld thermometer (e.g., NIST Traceable).",Probe/Sensor,NA,Final,w/ Correction Factor,NA,NA,NA,NA,NA,NA,NA,NA,"Targeted - A targeted sample is where a ""sample"" of the subject matter, be that people, plants/animals etc is selected using certain criteria, i.e. pregnant mothers between the ages of 25-30. Targeted samples are usually used by businesses or companies carrying out surveys on a particular group of people.",NA,NA,STORET-971970785,"AKDECWQ-BB Pathogens-Snag Point-05/25/2022-Temperature, water",AKDECWQ,Alaska Dept of Environmental Conservation - Water Quality,Dillingham Pathogen Monitoring,Monitoring of pathogens (Fecal Coliform and Enterococci) at Dillingham area beaches.,Dillingham Pathogen Monitoring,https://www.waterqualitydata.us/data/providers/STORET/organizations/AKDECWQ/projects/Dillingham%20Pathogen%20Monitoring/files,Y,Alaska Department of Environmental Conservation,US,02,070,Snag Point Beach,SNAG POINT BEACH,Estuary,ESTUARY,Beach approximately 300 ft East of the Dillingham dock.,59.03786152,59.03786152,-158.4606696,-158.4606696,NAD83,19030303,AKDECWQ-Snag Point,AKDECWQ-SNAG POINT,NA,NA,NA,NA,NA,NA,NA,NA,NA,2022-05-25,12:30:00,AKDT,2022-05-25 20:30:00,"Alaska Water Laboratory, LLC;Northern Utility Services Alaska",NA,59.1094444444,-158.4938888889,NA,NA,NA,NA,NA,NA,NA,NA,NA,8,8,NA,NA,NA,GPS-Unspecified,NA,NA,NA,NA,NA,NA,NA,NA,NA,NA,NA,NA,STORET,2023-03-28T11:31:58
Sample-Routine,Water,WATER,Surface Water,Total,TOTAL,Fecal Coliform,FECAL COLIFORM,NA,NA,NA,NA,FECAL COLIFORM_TOTAL_NA_CFU/100ML,2022-07-06,12:15:00,AKDT,2022-07-06 20:15:00,36.36,cfu/100mL,36.36,CFU/100ML,Convert,Actual,Numeric,NA,Method Detection Level,9.09,cfu/100mL,9.09,CFU/100ML,Numeric,NA,NA,NA - Not Available,NA,NA,NA,NA,1,0.3048,Numeric,ft,m,NA,NA,NA - Not Available,NA,NA,NA,NA,NA - Not Available,NA,NA,NA,NA,NA,9222 D ~ Membrane filtration test for fecal coliforms,https://www.nemi.gov/methods/method_summary/5587/,9222D,APHA,NA,WQSAR 001,AKDECWQ,Bacteria,Water sample collected from 1 ft depth. Bottles kept cool and delivered to lab within 6 hours (8 hour total hold time).,Water Bottle,NA,Final,NA,NA,NA,NA,NA,NA,NA,NA,NA,"Targeted - A targeted sample is where a ""sample"" of the subject matter, be that people, plants/animals etc is selected using certain criteria, i.e. pregnant mothers between the ages of 25-30. Targeted samples are usually used by businesses or companies carrying out surveys on a particular group of people.",Alaska Water Laboratories LLC,NA,STORET-971970786,AKDECWQ-BB Pathogens-Snag Point-07/06/2022-Fecal Coliform,AKDECWQ,Alaska Dept of Environmental Conservation - Water Quality,Dillingham Pathogen Monitoring,Monitoring of pathogens (Fecal Coliform and Enterococci) at Dillingham area beaches.,Dillingham Pathogen Monitoring,https://www.waterqualitydata.us/data/providers/STORET/organizations/AKDECWQ/projects/Dillingham%20Pathogen%20Monitoring/files,Y,Alaska Department of Environmental Conservation,US,02,070,Snag Point Beach,SNAG POINT BEACH,Estuary,ESTUARY,Beach approximately 300 ft East of the Dillingham dock.,59.03786152,59.03786152,-158.4606696,-158.4606696,NAD83,19030303,AKDECWQ-Snag Point,AKDECWQ-SNAG POINT,NA,NA,NA,NA,NA,NA,NA,NA,NA,2022-07-06,12:15:00,AKDT,2022-07-06 20:15:00,"Alaska Water Laboratory, LLC;Northern Utility Services Alaska",NA,59.0586111111,-158.5433333333,NA,NA,NA,NA,NA,NA,2022-07-06,https://www.waterqualitydata.us/data/providers/STORET/organizations/AKDECWQ/activities/AKDECWQ-BB%20Pathogens-Snag%20Point-07%2F06%2F2022-Fecal%20Coliform/results/971970786/resdetectqntlmts,NA,8,8,NA,NA,NA,GPS-Unspecified,NA,NA,NA,NA,NA,NA,NA,NA,NA,NA,NA,NA,STORET,2023-03-28T11:31:59
Sample-Routine,Water,WATER,Surface Water,Total,TOTAL,Enterococcus,ENTEROCOCCUS,NA,NA,NA,NA,ENTEROCOCCUS_TOTAL_NA_MPN/100ML,2022-07-06,12:15:00,AKDT,2022-07-06 20:15:00,2,MPN/100mL,2,MPN/100ML,Convert,Actual,Numeric,NA,Method Detection Level,1,MPN/100mL,1,MPN/100ML,Numeric,NA,NA,NA - Not Available,NA,NA,NA,NA,1,0.3048,Numeric,ft,m,NA,NA,NA - Not Available,NA,NA,NA,NA,NA - Not Available,NA,NA,NA,NA,NA,Standard Test Method for Enterococci in Water Using Enterolert,NA,D6503-99,ASTM,NA,WQSAR 001,AKDECWQ,Bacteria,Water sample collected from 1 ft depth. Bottles kept cool and delivered to lab within 6 hours (8 hour total hold time).,Water Bottle,NA,Final,NA,NA,NA,NA,NA,NA,NA,NA,NA,"Targeted - A targeted sample is where a ""sample"" of the subject matter, be that people, plants/animals etc is selected using certain criteria, i.e. pregnant mothers between the ages of 25-30. Targeted samples are usually used by businesses or companies carrying out surveys on a particular group of people.",Alaska Water Laboratories LLC,NA,STORET-971970787,AKDECWQ-BB Pathogens-Snag Point-07/06/2022-Enterococci,AKDECWQ,Alaska Dept of Environmental Conservation - Water Quality,Dillingham Pathogen Monitoring,Monitoring of pathogens (Fecal Coliform and Enterococci) at Dillingham area beaches.,Dillingham Pathogen Monitoring,https://www.waterqualitydata.us/data/providers/STORET/organizations/AKDECWQ/projects/Dillingham%20Pathogen%20Monitoring/files,Y,Alaska Department of Environmental Conservation,US,02,070,Snag Point Beach,SNAG POINT BEACH,Estuary,ESTUARY,Beach approximately 300 ft East of the Dillingham dock.,59.03786152,59.03786152,-158.4606696,-158.4606696,NAD83,19030303,AKDECWQ-Snag Point,AKDECWQ-SNAG POINT,NA,NA,NA,NA,NA,NA,NA,NA,NA,2022-07-06,12:15:00,AKDT,2022-07-06 20:15:00,"Alaska Water Laboratory, LLC;Northern Utility Services Alaska",NA,59.0586111111,-158.5433333333,NA,NA,NA,NA,NA,NA,2022-07-06,https://www.waterqualitydata.us/data/providers/STORET/organizations/AKDECWQ/activities/AKDECWQ-BB%20Pathogens-Snag%20Point-07%2F06%2F2022-Enterococci/results/971970787/resdetectqntlmts,NA,8,8,NA,NA,NA,GPS-Unspecified,NA,NA,NA,NA,NA,NA,NA,NA,NA,NA,NA,NA,STORET,2023-03-28T11:31:59
Quality Control Sample-Field Replicate,Water,WATER,Surface Water,Total,TOTAL,Fecal Coliform,FECAL COLIFORM,NA,NA,NA,NA,FECAL COLIFORM_TOTAL_NA_CFU/100ML,2022-07-06,12:15:00,AKDT,2022-07-06 20:15:00,50,cfu/100mL,50,CFU/100ML,Convert,Actual,Numeric,NA,Method Detection Level,10,cfu/100mL,10,CFU/100ML,Numeric,NA,NA,NA - Not Available,NA,NA,NA,NA,1,0.3048,Numeric,ft,m,NA,NA,NA - Not Available,NA,NA,NA,NA,NA - Not Available,NA,NA,NA,NA,NA,9222 D ~ Membrane filtration test for fecal coliforms,https://www.nemi.gov/methods/method_summary/5587/,9222D,APHA,NA,WQSAR 001,AKDECWQ,Bacteria,Water sample collected from 1 ft depth. Bottles kept cool and delivered to lab within 6 hours (8 hour total hold time).,Water Bottle,NA,Final,NA,NA,NA,NA,NA,NA,NA,NA,NA,"Targeted - A targeted sample is where a ""sample"" of the subject matter, be that people, plants/animals etc is selected using certain criteria, i.e. pregnant mothers between the ages of 25-30. Targeted samples are usually used by businesses or companies carrying out surveys on a particular group of people.",Alaska Water Laboratories LLC,NA,STORET-971970788,AKDECWQ-BB Pathogens-Snag Point-07/06/2022-Fecal Coliform-DUP,AKDECWQ,Alaska Dept of Environmental Conservation - Water Quality,Dillingham Pathogen Monitoring,Monitoring of pathogens (Fecal Coliform and Enterococci) at Dillingham area beaches.,Dillingham Pathogen Monitoring,https://www.waterqualitydata.us/data/providers/STORET/organizations/AKDECWQ/projects/Dillingham%20Pathogen%20Monitoring/files,Y,Alaska Department of Environmental Conservation,US,02,070,Snag Point Beach,SNAG POINT BEACH,Estuary,ESTUARY,Beach approximately 300 ft East of the Dillingham dock.,59.03786152,59.03786152,-158.4606696,-158.4606696,NAD83,19030303,AKDECWQ-Snag Point,AKDECWQ-SNAG POINT,NA,NA,NA,NA,NA,NA,NA,NA,NA,2022-07-06,12:15:00,AKDT,2022-07-06 20:15:00,"Alaska Water Laboratory, LLC;Northern Utility Services Alaska",NA,59.0586111111,-158.5433333333,NA,NA,NA,NA,NA,NA,2022-07-06,https://www.waterqualitydata.us/data/providers/STORET/organizations/AKDECWQ/activities/AKDECWQ-BB%20Pathogens-Snag%20Point-07%2F06%2F2022-Fecal%20Coliform-DUP/results/971970788/resdetectqntlmts,NA,8,8,NA,NA,NA,GPS-Unspecified,NA,NA,NA,NA,NA,NA,NA,NA,NA,NA,NA,NA,STORET,2023-03-28T11:31:59
Quality Control Sample-Field Replicate,Water,WATER,Surface Water,Total,TOTAL,Enterococcus,ENTEROCOCCUS,NA,NA,NA,NA,ENTEROCOCCUS_TOTAL_NA_MPN/100ML,2022-07-06,12:15:00,AKDT,2022-07-06 20:15:00,2,MPN/100mL,2,MPN/100ML,Convert,Actual,Numeric,NA,Method Detection Level,1,MPN/100mL,1,MPN/100ML,Numeric,NA,NA,NA - Not Available,NA,NA,NA,NA,1,0.3048,Numeric,ft,m,NA,NA,NA - Not Available,NA,NA,NA,NA,NA - Not Available,NA,NA,NA,NA,NA,Standard Test Method for Enterococci in Water Using Enterolert,NA,D6503-99,ASTM,NA,WQSAR 001,AKDECWQ,Bacteria,Water sample collected from 1 ft depth. Bottles kept cool and delivered to lab within 6 hours (8 hour total hold time).,Water Bottle,NA,Final,NA,NA,NA,NA,NA,NA,NA,NA,NA,"Targeted - A targeted sample is where a ""sample"" of the subject matter, be that people, plants/animals etc is selected using certain criteria, i.e. pregnant mothers between the ages of 25-30. Targeted samples are usually used by businesses or companies carrying out surveys on a particular group of people.",Alaska Water Laboratories LLC,NA,STORET-971970789,AKDECWQ-BB Pathogens-Snag Point-07/06/2022-Enterococci-DUP,AKDECWQ,Alaska Dept of Environmental Conservation - Water Quality,Dillingham Pathogen Monitoring,Monitoring of pathogens (Fecal Coliform and Enterococci) at Dillingham area beaches.,Dillingham Pathogen Monitoring,https://www.waterqualitydata.us/data/providers/STORET/organizations/AKDECWQ/projects/Dillingham%20Pathogen%20Monitoring/files,Y,Alaska Department of Environmental Conservation,US,02,070,Snag Point Beach,SNAG POINT BEACH,Estuary,ESTUARY,Beach approximately 300 ft East of the Dillingham dock.,59.03786152,59.03786152,-158.4606696,-158.4606696,NAD83,19030303,AKDECWQ-Snag Point,AKDECWQ-SNAG POINT,NA,NA,NA,NA,NA,NA,NA,NA,NA,2022-07-06,12:15:00,AKDT,2022-07-06 20:15:00,"Alaska Water Laboratory, LLC;Northern Utility Services Alaska",NA,59.0586111111,-158.5433333333,NA,NA,NA,NA,NA,NA,2022-07-06,https://www.waterqualitydata.us/data/providers/STORET/organizations/AKDECWQ/activities/AKDECWQ-BB%20Pathogens-Snag%20Point-07%2F06%2F2022-Enterococci-DUP/results/971970789/resdetectqntlmts,NA,8,8,NA,NA,NA,GPS-Unspecified,NA,NA,NA,NA,NA,NA,NA,NA,NA,NA,NA,NA,STORET,2023-03-28T11:31:59
Sample-Routine,Water,WATER,Surface Water,Total,TOTAL,Fecal Coliform,FECAL COLIFORM,NA,NA,NA,NA,FECAL COLIFORM_TOTAL_NA_CFU/100ML,2022-07-12,12:55:00,AKDT,2022-07-12 20:55:00,154.55,cfu/100mL,154.55,CFU/100ML,Convert,Actual,Numeric,NA,Method Detection Level,9.09,cfu/100mL,9.09,CFU/100ML,Numeric,NA,NA,NA - Not Available,NA,NA,NA,NA,1,0.3048,Numeric,ft,m,NA,NA,NA - Not Available,NA,NA,NA,NA,NA - Not Available,NA,NA,NA,NA,NA,9222 D ~ Membrane filtration test for fecal coliforms,https://www.nemi.gov/methods/method_summary/5587/,9222D,APHA,NA,WQSAR 001,AKDECWQ,Bacteria,Water sample collected from 1 ft depth. Bottles kept cool and delivered to lab within 6 hours (8 hour total hold time).,Water Bottle,NA,Final,NA,NA,NA,NA,NA,NA,NA,NA,NA,"Targeted - A targeted sample is where a ""sample"" of the subject matter, be that people, plants/animals etc is selected using certain criteria, i.e. pregnant mothers between the ages of 25-30. Targeted samples are usually used by businesses or companies carrying out surveys on a particular group of people.",Alaska Water Laboratories LLC,NA,STORET-971970790,AKDECWQ-BB Pathogens-Kanakanak-07/12/2022-Fecal Coliform,AKDECWQ,Alaska Dept of Environmental Conservation - Water Quality,Dillingham Pathogen Monitoring,Monitoring of pathogens (Fecal Coliform and Enterococci) at Dillingham area beaches.,Dillingham Pathogen Monitoring,https://www.waterqualitydata.us/data/providers/STORET/organizations/AKDECWQ/projects/Dillingham%20Pathogen%20Monitoring/files,Y,Alaska Department of Environmental Conservation,US,02,070,Kanakanak Beach,KANAKANAK BEACH,Estuary,ESTUARY,Beach near Kanakanak Hospital. Approximately 5 miles south of Dillingham.,59.0028897,59.0028897,-158.5329718,-158.5329718,NAD83,19030303,AKDECWQ-Kanakanak,AKDECWQ-KANAKANAK,NA,NA,NA,NA,NA,NA,NA,NA,NA,2022-07-12,12:55:00,AKDT,2022-07-12 20:55:00,"Northern Utility Services Alaska;Alaska Water Laboratory, LLC",NA,59.06,-158.5436111111,NA,NA,NA,NA,NA,NA,2022-07-12,https://www.waterqualitydata.us/data/providers/STORET/organizations/AKDECWQ/activities/AKDECWQ-BB%20Pathogens-Kanakanak-07%2F12%2F2022-Fecal%20Coliform/results/971970790/resdetectqntlmts,NA,8,8,NA,NA,NA,GPS-Unspecified,NA,NA,NA,NA,NA,NA,NA,NA,NA,NA,NA,NA,STORET,2023-03-28T11:31:59
Sample-Routine,Water,WATER,Surface Water,Total,TOTAL,Enterococcus,ENTEROCOCCUS,NA,NA,NA,NA,ENTEROCOCCUS_TOTAL_NA_MPN/100ML,2022-07-12,12:55:00,AKDT,2022-07-12 20:55:00,13.2,MPN/100mL,13.2,MPN/100ML,Convert,Actual,Numeric,NA,Method Detection Level,1,MPN/100mL,1,MPN/100ML,Numeric,NA,NA,NA - Not Available,NA,NA,NA,NA,1,0.3048,Numeric,ft,m,NA,NA,NA - Not Available,NA,NA,NA,NA,NA - Not Available,NA,NA,NA,NA,NA,Standard Test Method for Enterococci in Water Using Enterolert,NA,D6503-99,ASTM,NA,WQSAR 001,AKDECWQ,Bacteria,Water sample collected from 1 ft depth. Bottles kept cool and delivered to lab within 6 hours (8 hour total hold time).,Water Bottle,NA,Final,NA,NA,NA,NA,NA,NA,NA,NA,NA,"Targeted - A targeted sample is where a ""sample"" of the subject matter, be that people, plants/animals etc is selected using certain criteria, i.e. pregnant mothers between the ages of 25-30. Targeted samples are usually used by businesses or companies carrying out surveys on a particular group of people.",Alaska Water Laboratories LLC,NA,STORET-971970791,AKDECWQ-BB Pathogens-Kanakanak-07/12/2022-Enterococci,AKDECWQ,Alaska Dept of Environmental Conservation - Water Quality,Dillingham Pathogen Monitoring,Monitoring of pathogens (Fecal Coliform and Enterococci) at Dillingham area beaches.,Dillingham Pathogen Monitoring,https://www.waterqualitydata.us/data/providers/STORET/organizations/AKDECWQ/projects/Dillingham%20Pathogen%20Monitoring/files,Y,Alaska Department of Environmental Conservation,US,02,070,Kanakanak Beach,KANAKANAK BEACH,Estuary,ESTUARY,Beach near Kanakanak Hospital. Approximately 5 miles south of Dillingham.,59.0028897,59.0028897,-158.5329718,-158.5329718,NAD83,19030303,AKDECWQ-Kanakanak,AKDECWQ-KANAKANAK,NA,NA,NA,NA,NA,NA,NA,NA,NA,2022-07-12,12:55:00,AKDT,2022-07-12 20:55:00,"Northern Utility Services Alaska;Alaska Water Laboratory, LLC",NA,59.06,-158.5436111111,NA,NA,NA,NA,NA,NA,2022-07-12,https://www.waterqualitydata.us/data/providers/STORET/organizations/AKDECWQ/activities/AKDECWQ-BB%20Pathogens-Kanakanak-07%2F12%2F2022-Enterococci/results/971970791/resdetectqntlmts,NA,8,8,NA,NA,NA,GPS-Unspecified,NA,NA,NA,NA,NA,NA,NA,NA,NA,NA,NA,NA,STORET,2023-03-28T11:32:00
Sample-Routine,Water,WATER,Surface Water,Total,TOTAL,Fecal Coliform,FECAL COLIFORM,NA,NA,NA,NA,FECAL COLIFORM_TOTAL_NA_CFU/100ML,2022-06-28,13:00:00,AKDT,2022-06-28 21:00:00,40,cfu/100mL,40,CFU/100ML,Convert,Actual,Numeric,NA,Method Detection Level,10,cfu/100mL,10,CFU/100ML,Numeric,NA,NA,NA - Not Available,NA,NA,NA,NA,1,0.3048,Numeric,ft,m,NA,NA,NA - Not Available,NA,NA,NA,NA,NA - Not Available,NA,NA,NA,NA,NA,9222 D ~ Membrane filtration test for fecal coliforms,https://www.nemi.gov/methods/method_summary/5587/,9222D,APHA,NA,WQSAR 001,AKDECWQ,Bacteria,Water sample collected from 1 ft depth. Bottles kept cool and delivered to lab within 6 hours (8 hour total hold time).,Water Bottle,NA,Final,NA,NA,NA,NA,NA,NA,NA,NA,NA,"Targeted - A targeted sample is where a ""sample"" of the subject matter, be that people, plants/animals etc is selected using certain criteria, i.e. pregnant mothers between the ages of 25-30. Targeted samples are usually used by businesses or companies carrying out surveys on a particular group of people.",Alaska Water Laboratories LLC,NA,STORET-971970792,AKDECWQ-BB Pathogens-Kanakanak-06/28/2022-Fecal Coliform,AKDECWQ,Alaska Dept of Environmental Conservation - Water Quality,Dillingham Pathogen Monitoring,Monitoring of pathogens (Fecal Coliform and Enterococci) at Dillingham area beaches.,Dillingham Pathogen Monitoring,https://www.waterqualitydata.us/data/providers/STORET/organizations/AKDECWQ/projects/Dillingham%20Pathogen%20Monitoring/files,Y,Alaska Department of Environmental Conservation,US,02,070,Kanakanak Beach,KANAKANAK BEACH,Estuary,ESTUARY,Beach near Kanakanak Hospital. Approximately 5 miles south of Dillingham.,59.0028897,59.0028897,-158.5329718,-158.5329718,NAD83,19030303,AKDECWQ-Kanakanak,AKDECWQ-KANAKANAK,NA,NA,NA,NA,NA,NA,NA,NA,NA,2022-06-28,13:00:00,AKDT,2022-06-28 21:00:00,"Alaska Water Laboratory, LLC;Northern Utility Services Alaska",NA,59.0613888889,-158.5336111111,NA,NA,NA,NA,NA,NA,2022-06-28,https://www.waterqualitydata.us/data/providers/STORET/organizations/AKDECWQ/activities/AKDECWQ-BB%20Pathogens-Kanakanak-06%2F28%2F2022-Fecal%20Coliform/results/971970792/resdetectqntlmts,NA,8,8,NA,NA,NA,GPS-Unspecified,NA,NA,NA,NA,NA,NA,NA,NA,NA,NA,NA,NA,STORET,2023-03-28T11:32:00
Sample-Routine,Water,WATER,Surface Water,Total,TOTAL,Enterococcus,ENTEROCOCCUS,NA,NA,NA,NA,ENTEROCOCCUS_TOTAL_NA_MPN/100ML,2022-06-28,13:00:00,AKDT,2022-06-28 21:00:00,101,MPN/100mL,101,MPN/100ML,Convert,Actual,Numeric,NA,Method Detection Level,0.99,MPN/100mL,0.99,MPN/100ML,Numeric,NA,NA,NA - Not Available,NA,NA,NA,NA,1,0.3048,Numeric,ft,m,NA,NA,NA - Not Available,NA,NA,NA,NA,NA - Not Available,NA,NA,NA,NA,NA,Standard Test Method for Enterococci in Water Using Enterolert,NA,D6503-99,ASTM,NA,WQSAR 001,AKDECWQ,Bacteria,Water sample collected from 1 ft depth. Bottles kept cool and delivered to lab within 6 hours (8 hour total hold time).,Water Bottle,NA,Final,NA,NA,NA,NA,NA,NA,NA,NA,NA,"Targeted - A targeted sample is where a ""sample"" of the subject matter, be that people, plants/animals etc is selected using certain criteria, i.e. pregnant mothers between the ages of 25-30. Targeted samples are usually used by businesses or companies carrying out surveys on a particular group of people.",Alaska Water Laboratories LLC,NA,STORET-971970793,AKDECWQ-BB Pathogens-Kanakanak-06/28/2022-Enterococci,AKDECWQ,Alaska Dept of Environmental Conservation - Water Quality,Dillingham Pathogen Monitoring,Monitoring of pathogens (Fecal Coliform and Enterococci) at Dillingham area beaches.,Dillingham Pathogen Monitoring,https://www.waterqualitydata.us/data/providers/STORET/organizations/AKDECWQ/projects/Dillingham%20Pathogen%20Monitoring/files,Y,Alaska Department of Environmental Conservation,US,02,070,Kanakanak Beach,KANAKANAK BEACH,Estuary,ESTUARY,Beach near Kanakanak Hospital. Approximately 5 miles south of Dillingham.,59.0028897,59.0028897,-158.5329718,-158.5329718,NAD83,19030303,AKDECWQ-Kanakanak,AKDECWQ-KANAKANAK,NA,NA,NA,NA,NA,NA,NA,NA,NA,2022-06-28,13:00:00,AKDT,2022-06-28 21:00:00,"Northern Utility Services Alaska;Alaska Water Laboratory, LLC",NA,59.0613888889,-158.5336111111,NA,NA,NA,NA,NA,NA,2022-06-28,https://www.waterqualitydata.us/data/providers/STORET/organizations/AKDECWQ/activities/AKDECWQ-BB%20Pathogens-Kanakanak-06%2F28%2F2022-Enterococci/results/971970793/resdetectqntlmts,NA,8,8,NA,NA,NA,GPS-Unspecified,NA,NA,NA,NA,NA,NA,NA,NA,NA,NA,NA,NA,STORET,2023-03-28T11:32:00
Sample-Routine,Water,WATER,Surface Water,Total,TOTAL,Fecal Coliform,FECAL COLIFORM,NA,NA,NA,NA,FECAL COLIFORM_TOTAL_NA_CFU/100ML,2022-06-29,13:05:00,AKDT,2022-06-29 21:05:00,27.27,cfu/100mL,27.27,CFU/100ML,Convert,Actual,Numeric,NA,Method Detection Level,9.09,cfu/100mL,9.09,CFU/100ML,Numeric,NA,NA,NA - Not Available,NA,NA,NA,NA,1,0.3048,Numeric,ft,m,NA,NA,NA - Not Available,NA,NA,NA,NA,NA - Not Available,NA,NA,NA,NA,NA,9222 D ~ Membrane filtration test for fecal coliforms,https://www.nemi.gov/methods/method_summary/5587/,9222D,APHA,NA,WQSAR 001,AKDECWQ,Bacteria,Water sample collected from 1 ft depth. Bottles kept cool and delivered to lab within 6 hours (8 hour total hold time).,Water Bottle,NA,Final,NA,NA,NA,NA,NA,NA,NA,NA,NA,"Targeted - A targeted sample is where a ""sample"" of the subject matter, be that people, plants/animals etc is selected using certain criteria, i.e. pregnant mothers between the ages of 25-30. Targeted samples are usually used by businesses or companies carrying out surveys on a particular group of people.",Alaska Water Laboratories LLC,NA,STORET-971970794,AKDECWQ-BB Pathogens-Kanakanak-06/29/2022-Fecal Coliform,AKDECWQ,Alaska Dept of Environmental Conservation - Water Quality,Dillingham Pathogen Monitoring,Monitoring of pathogens (Fecal Coliform and Enterococci) at Dillingham area beaches.,Dillingham Pathogen Monitoring,https://www.waterqualitydata.us/data/providers/STORET/organizations/AKDECWQ/projects/Dillingham%20Pathogen%20Monitoring/files,Y,Alaska Department of Environmental Conservation,US,02,070,Kanakanak Beach,KANAKANAK BEACH,Estuary,ESTUARY,Beach near Kanakanak Hospital. Approximately 5 miles south of Dillingham.,59.0028897,59.0028897,-158.5329718,-158.5329718,NAD83,19030303,AKDECWQ-Kanakanak,AKDECWQ-KANAKANAK,NA,NA,NA,NA,NA,NA,NA,NA,NA,2022-06-29,13:05:00,AKDT,2022-06-29 21:05:00,"Northern Utility Services Alaska;Alaska Water Laboratory, LLC",NA,59.0613888889,-158.5477777778,NA,NA,NA,NA,NA,NA,2022-06-29,https://www.waterqualitydata.us/data/providers/STORET/organizations/AKDECWQ/activities/AKDECWQ-BB%20Pathogens-Kanakanak-06%2F29%2F2022-Fecal%20Coliform/results/971970794/resdetectqntlmts,NA,8,8,NA,NA,NA,GPS-Unspecified,NA,NA,NA,NA,NA,NA,NA,NA,NA,NA,NA,NA,STORET,2023-03-28T11:32:00
Sample-Routine,Water,WATER,Surface Water,Total,TOTAL,Enterococcus,ENTEROCOCCUS,NA,NA,NA,NA,ENTEROCOCCUS_TOTAL_NA_MPN/100ML,2022-06-29,13:05:00,AKDT,2022-06-29 21:05:00,NA,MPN/100mL,NA,MPN/100ML,No Result Value,Actual,NA - Not Available,Not Detected at Detection Limit,Method Detection Level,1,MPN/100mL,1,MPN/100ML,Numeric,NA,NA,NA - Not Available,NA,NA,NA,NA,1,0.3048,Numeric,ft,m,NA,NA,NA - Not Available,NA,NA,NA,NA,NA - Not Available,NA,NA,NA,NA,NA,Standard Test Method for Enterococci in Water Using Enterolert,NA,D6503-99,ASTM,NA,WQSAR 001,AKDECWQ,Bacteria,Water sample collected from 1 ft depth. Bottles kept cool and delivered to lab within 6 hours (8 hour total hold time).,Water Bottle,U,Final,NA,NA,NA,NA,NA,NA,NA,NA,NA,"Targeted - A targeted sample is where a ""sample"" of the subject matter, be that people, plants/animals etc is selected using certain criteria, i.e. pregnant mothers between the ages of 25-30. Targeted samples are usually used by businesses or companies carrying out surveys on a particular group of people.",Alaska Water Laboratories LLC,NA,STORET-971970795,AKDECWQ-BB Pathogens-Kanakanak-06/29/2022-Enterococci,AKDECWQ,Alaska Dept of Environmental Conservation - Water Quality,Dillingham Pathogen Monitoring,Monitoring of pathogens (Fecal Coliform and Enterococci) at Dillingham area beaches.,Dillingham Pathogen Monitoring,https://www.waterqualitydata.us/data/providers/STORET/organizations/AKDECWQ/projects/Dillingham%20Pathogen%20Monitoring/files,Y,Alaska Department of Environmental Conservation,US,02,070,Kanakanak Beach,KANAKANAK BEACH,Estuary,ESTUARY,Beach near Kanakanak Hospital. Approximately 5 miles south of Dillingham.,59.0028897,59.0028897,-158.5329718,-158.5329718,NAD83,19030303,AKDECWQ-Kanakanak,AKDECWQ-KANAKANAK,NA,NA,NA,NA,NA,NA,NA,NA,NA,2022-06-29,13:05:00,AKDT,2022-06-29 21:05:00,"Northern Utility Services Alaska;Alaska Water Laboratory, LLC",NA,59.0613888889,-158.5477777778,NA,NA,NA,NA,NA,NA,2022-06-29,https://www.waterqualitydata.us/data/providers/STORET/organizations/AKDECWQ/activities/AKDECWQ-BB%20Pathogens-Kanakanak-06%2F29%2F2022-Enterococci/results/971970795/resdetectqntlmts,NA,8,8,NA,NA,NA,GPS-Unspecified,NA,NA,NA,NA,NA,NA,NA,NA,NA,NA,NA,NA,STORET,2023-03-28T11:32:00
Sample-Routine,Water,WATER,Surface Water,Total,TOTAL,Fecal Coliform,FECAL COLIFORM,NA,NA,NA,NA,FECAL COLIFORM_TOTAL_NA_CFU/100ML,2022-08-09,12:50:00,AKDT,2022-08-09 20:50:00,80,cfu/100mL,80,CFU/100ML,Convert,Actual,Numeric,NA,Method Detection Level,10,cfu/100mL,10,CFU/100ML,Numeric,NA,NA,NA - Not Available,NA,NA,NA,NA,1,0.3048,Numeric,ft,m,NA,NA,NA - Not Available,NA,NA,NA,NA,NA - Not Available,NA,NA,NA,NA,NA,9222 D ~ Membrane filtration test for fecal coliforms,https://www.nemi.gov/methods/method_summary/5587/,9222D,APHA,NA,WQSAR 001,AKDECWQ,Bacteria,Water sample collected from 1 ft depth. Bottles kept cool and delivered to lab within 6 hours (8 hour total hold time).,Water Bottle,NA,Final,NA,NA,NA,NA,NA,NA,NA,NA,NA,"Targeted - A targeted sample is where a ""sample"" of the subject matter, be that people, plants/animals etc is selected using certain criteria, i.e. pregnant mothers between the ages of 25-30. Targeted samples are usually used by businesses or companies carrying out surveys on a particular group of people.",Alaska Water Laboratories LLC,NA,STORET-971970796,AKDECWQ-BB Pathogens-Kanakanak-08/09/2022-Fecal Coliform,AKDECWQ,Alaska Dept of Environmental Conservation - Water Quality,Dillingham Pathogen Monitoring,Monitoring of pathogens (Fecal Coliform and Enterococci) at Dillingham area beaches.,Dillingham Pathogen Monitoring,https://www.waterqualitydata.us/data/providers/STORET/organizations/AKDECWQ/projects/Dillingham%20Pathogen%20Monitoring/files,Y,Alaska Department of Environmental Conservation,US,02,070,Kanakanak Beach,KANAKANAK BEACH,Estuary,ESTUARY,Beach near Kanakanak Hospital. Approximately 5 miles south of Dillingham.,59.0028897,59.0028897,-158.5329718,-158.5329718,NAD83,19030303,AKDECWQ-Kanakanak,AKDECWQ-KANAKANAK,NA,NA,NA,NA,NA,NA,NA,NA,NA,2022-08-09,12:50:00,AKDT,2022-08-09 20:50:00,"Northern Utility Services Alaska;Alaska Water Laboratory, LLC",NA,59.0613888889,-158.545,NA,NA,NA,NA,NA,NA,2022-08-09,https://www.waterqualitydata.us/data/providers/STORET/organizations/AKDECWQ/activities/AKDECWQ-BB%20Pathogens-Kanakanak-08%2F09%2F2022-Fecal%20Coliform/results/971970796/resdetectqntlmts,NA,8,8,NA,NA,NA,GPS-Unspecified,NA,NA,NA,NA,NA,NA,NA,NA,NA,NA,NA,NA,STORET,2023-03-28T11:32:00
Sample-Routine,Water,WATER,Surface Water,Total,TOTAL,Enterococcus,ENTEROCOCCUS,NA,NA,NA,NA,ENTEROCOCCUS_TOTAL_NA_MPN/100ML,2022-08-09,12:50:00,AKDT,2022-08-09 20:50:00,2,MPN/100mL,2,MPN/100ML,Convert,Actual,Numeric,NA,Method Detection Level,1,MPN/100mL,1,MPN/100ML,Numeric,NA,NA,NA - Not Available,NA,NA,NA,NA,1,0.3048,Numeric,ft,m,NA,NA,NA - Not Available,NA,NA,NA,NA,NA - Not Available,NA,NA,NA,NA,NA,Standard Test Method for Enterococci in Water Using Enterolert,NA,D6503-99,ASTM,NA,WQSAR 001,AKDECWQ,Bacteria,Water sample collected from 1 ft depth. Bottles kept cool and delivered to lab within 6 hours (8 hour total hold time).,Water Bottle,NA,Final,NA,NA,NA,NA,NA,NA,NA,NA,NA,"Targeted - A targeted sample is where a ""sample"" of the subject matter, be that people, plants/animals etc is selected using certain criteria, i.e. pregnant mothers between the ages of 25-30. Targeted samples are usually used by businesses or companies carrying out surveys on a particular group of people.",Alaska Water Laboratories LLC,NA,STORET-971970797,AKDECWQ-BB Pathogens-Kanakanak-08/09/2022-Enterococci,AKDECWQ,Alaska Dept of Environmental Conservation - Water Quality,Dillingham Pathogen Monitoring,Monitoring of pathogens (Fecal Coliform and Enterococci) at Dillingham area beaches.,Dillingham Pathogen Monitoring,https://www.waterqualitydata.us/data/providers/STORET/organizations/AKDECWQ/projects/Dillingham%20Pathogen%20Monitoring/files,Y,Alaska Department of Environmental Conservation,US,02,070,Kanakanak Beach,KANAKANAK BEACH,Estuary,ESTUARY,Beach near Kanakanak Hospital. Approximately 5 miles south of Dillingham.,59.0028897,59.0028897,-158.5329718,-158.5329718,NAD83,19030303,AKDECWQ-Kanakanak,AKDECWQ-KANAKANAK,NA,NA,NA,NA,NA,NA,NA,NA,NA,2022-08-09,12:50:00,AKDT,2022-08-09 20:50:00,"Alaska Water Laboratory, LLC;Northern Utility Services Alaska",NA,59.0613888889,-158.545,NA,NA,NA,NA,NA,NA,2022-08-09,https://www.waterqualitydata.us/data/providers/STORET/organizations/AKDECWQ/activities/AKDECWQ-BB%20Pathogens-Kanakanak-08%2F09%2F2022-Enterococci/results/971970797/resdetectqntlmts,NA,8,8,NA,NA,NA,GPS-Unspecified,NA,NA,NA,NA,NA,NA,NA,NA,NA,NA,NA,NA,STORET,2023-03-28T11:32:01
Quality Control Sample-Field Replicate,Water,WATER,Surface Water,Total,TOTAL,Fecal Coliform,FECAL COLIFORM,NA,NA,NA,NA,FECAL COLIFORM_TOTAL_NA_CFU/100ML,2022-06-29,13:05:00,AKDT,2022-06-29 21:05:00,27.27,cfu/100mL,27.27,CFU/100ML,Convert,Actual,Numeric,NA,Method Detection Level,9.09,cfu/100mL,9.09,CFU/100ML,Numeric,NA,NA,NA - Not Available,NA,NA,NA,NA,1,0.3048,Numeric,ft,m,NA,NA,NA - Not Available,NA,NA,NA,NA,NA - Not Available,NA,NA,NA,NA,NA,9222 D ~ Membrane filtration test for fecal coliforms,https://www.nemi.gov/methods/method_summary/5587/,9222D,APHA,NA,WQSAR 001,AKDECWQ,Bacteria,Water sample collected from 1 ft depth. Bottles kept cool and delivered to lab within 6 hours (8 hour total hold time).,Water Bottle,NA,Final,NA,NA,NA,NA,NA,NA,NA,NA,NA,"Targeted - A targeted sample is where a ""sample"" of the subject matter, be that people, plants/animals etc is selected using certain criteria, i.e. pregnant mothers between the ages of 25-30. Targeted samples are usually used by businesses or companies carrying out surveys on a particular group of people.",Alaska Water Laboratories LLC,NA,STORET-971970798,AKDECWQ-BB Pathogens-Kanakanak-06/29/2022-Fecal Coliform-DUP,AKDECWQ,Alaska Dept of Environmental Conservation - Water Quality,Dillingham Pathogen Monitoring,Monitoring of pathogens (Fecal Coliform and Enterococci) at Dillingham area beaches.,Dillingham Pathogen Monitoring,https://www.waterqualitydata.us/data/providers/STORET/organizations/AKDECWQ/projects/Dillingham%20Pathogen%20Monitoring/files,Y,Alaska Department of Environmental Conservation,US,02,070,Kanakanak Beach,KANAKANAK BEACH,Estuary,ESTUARY,Beach near Kanakanak Hospital. Approximately 5 miles south of Dillingham.,59.0028897,59.0028897,-158.5329718,-158.5329718,NAD83,19030303,AKDECWQ-Kanakanak,AKDECWQ-KANAKANAK,NA,NA,NA,NA,NA,NA,NA,NA,NA,2022-06-29,13:05:00,AKDT,2022-06-29 21:05:00,"Alaska Water Laboratory, LLC;Northern Utility Services Alaska",NA,59.0613888889,-158.5477777778,NA,NA,NA,NA,NA,NA,2022-06-29,https://www.waterqualitydata.us/data/providers/STORET/organizations/AKDECWQ/activities/AKDECWQ-BB%20Pathogens-Kanakanak-06%2F29%2F2022-Fecal%20Coliform-DUP/results/971970798/resdetectqntlmts,NA,8,8,NA,NA,NA,GPS-Unspecified,NA,NA,NA,NA,NA,NA,NA,NA,NA,NA,NA,NA,STORET,2023-03-28T11:32:01
Quality Control Sample-Field Replicate,Water,WATER,Surface Water,Total,TOTAL,Enterococcus,ENTEROCOCCUS,NA,NA,NA,NA,ENTEROCOCCUS_TOTAL_NA_MPN/100ML,2022-06-29,13:05:00,AKDT,2022-06-29 21:05:00,NA,MPN/100mL,NA,MPN/100ML,No Result Value,Actual,NA - Not Available,Not Detected at Detection Limit,Method Detection Level,1,MPN/100mL,1,MPN/100ML,Numeric,NA,NA,NA - Not Available,NA,NA,NA,NA,1,0.3048,Numeric,ft,m,NA,NA,NA - Not Available,NA,NA,NA,NA,NA - Not Available,NA,NA,NA,NA,NA,Standard Test Method for Enterococci in Water Using Enterolert,NA,D6503-99,ASTM,NA,WQSAR 001,AKDECWQ,Bacteria,Water sample collected from 1 ft depth. Bottles kept cool and delivered to lab within 6 hours (8 hour total hold time).,Water Bottle,U,Final,NA,NA,NA,NA,NA,NA,NA,NA,NA,"Targeted - A targeted sample is where a ""sample"" of the subject matter, be that people, plants/animals etc is selected using certain criteria, i.e. pregnant mothers between the ages of 25-30. Targeted samples are usually used by businesses or companies carrying out surveys on a particular group of people.",Alaska Water Laboratories LLC,NA,STORET-971970799,AKDECWQ-BB Pathogens-Kanakanak-06/29/2022-Enterococci-DUP,AKDECWQ,Alaska Dept of Environmental Conservation - Water Quality,Dillingham Pathogen Monitoring,Monitoring of pathogens (Fecal Coliform and Enterococci) at Dillingham area beaches.,Dillingham Pathogen Monitoring,https://www.waterqualitydata.us/data/providers/STORET/organizations/AKDECWQ/projects/Dillingham%20Pathogen%20Monitoring/files,Y,Alaska Department of Environmental Conservation,US,02,070,Kanakanak Beach,KANAKANAK BEACH,Estuary,ESTUARY,Beach near Kanakanak Hospital. Approximately 5 miles south of Dillingham.,59.0028897,59.0028897,-158.5329718,-158.5329718,NAD83,19030303,AKDECWQ-Kanakanak,AKDECWQ-KANAKANAK,NA,NA,NA,NA,NA,NA,NA,NA,NA,2022-06-29,13:05:00,AKDT,2022-06-29 21:05:00,"Alaska Water Laboratory, LLC;Northern Utility Services Alaska",NA,59.0613888889,-158.5477777778,NA,NA,NA,NA,NA,NA,2022-06-29,https://www.waterqualitydata.us/data/providers/STORET/organizations/AKDECWQ/activities/AKDECWQ-BB%20Pathogens-Kanakanak-06%2F29%2F2022-Enterococci-DUP/results/971970799/resdetectqntlmts,NA,8,8,NA,NA,NA,GPS-Unspecified,NA,NA,NA,NA,NA,NA,NA,NA,NA,NA,NA,NA,STORET,2023-03-28T11:32:01
Quality Control Sample-Field Replicate,Water,WATER,Surface Water,Total,TOTAL,Fecal Coliform,FECAL COLIFORM,NA,NA,NA,NA,FECAL COLIFORM_TOTAL_NA_CFU/100ML,2022-08-09,12:50:00,AKDT,2022-08-09 20:50:00,50,cfu/100mL,50,CFU/100ML,Convert,Actual,Numeric,NA,Method Detection Level,10,cfu/100mL,10,CFU/100ML,Numeric,NA,NA,NA - Not Available,NA,NA,NA,NA,1,0.3048,Numeric,ft,m,NA,NA,NA - Not Available,NA,NA,NA,NA,NA - Not Available,NA,NA,NA,NA,NA,9222 D ~ Membrane filtration test for fecal coliforms,https://www.nemi.gov/methods/method_summary/5587/,9222D,APHA,NA,WQSAR 001,AKDECWQ,Bacteria,Water sample collected from 1 ft depth. Bottles kept cool and delivered to lab within 6 hours (8 hour total hold time).,Water Bottle,NA,Final,NA,NA,NA,NA,NA,NA,NA,NA,NA,"Targeted - A targeted sample is where a ""sample"" of the subject matter, be that people, plants/animals etc is selected using certain criteria, i.e. pregnant mothers between the ages of 25-30. Targeted samples are usually used by businesses or companies carrying out surveys on a particular group of people.",Alaska Water Laboratories LLC,NA,STORET-971970800,AKDECWQ-BB Pathogens-Kanakanak-08/09/2022-Fecal Coliform-DUP,AKDECWQ,Alaska Dept of Environmental Conservation - Water Quality,Dillingham Pathogen Monitoring,Monitoring of pathogens (Fecal Coliform and Enterococci) at Dillingham area beaches.,Dillingham Pathogen Monitoring,https://www.waterqualitydata.us/data/providers/STORET/organizations/AKDECWQ/projects/Dillingham%20Pathogen%20Monitoring/files,Y,Alaska Department of Environmental Conservation,US,02,070,Kanakanak Beach,KANAKANAK BEACH,Estuary,ESTUARY,Beach near Kanakanak Hospital. Approximately 5 miles south of Dillingham.,59.0028897,59.0028897,-158.5329718,-158.5329718,NAD83,19030303,AKDECWQ-Kanakanak,AKDECWQ-KANAKANAK,NA,NA,NA,NA,NA,NA,NA,NA,NA,2022-08-09,12:50:00,AKDT,2022-08-09 20:50:00,"Northern Utility Services Alaska;Alaska Water Laboratory, LLC",NA,59.0613888889,-158.545,NA,NA,NA,NA,NA,NA,2022-08-09,https://www.waterqualitydata.us/data/providers/STORET/organizations/AKDECWQ/activities/AKDECWQ-BB%20Pathogens-Kanakanak-08%2F09%2F2022-Fecal%20Coliform-DUP/results/971970800/resdetectqntlmts,NA,8,8,NA,NA,NA,GPS-Unspecified,NA,NA,NA,NA,NA,NA,NA,NA,NA,NA,NA,NA,STORET,2023-03-28T11:32:01
Quality Control Sample-Field Replicate,Water,WATER,Surface Water,Total,TOTAL,Enterococcus,ENTEROCOCCUS,NA,NA,NA,NA,ENTEROCOCCUS_TOTAL_NA_MPN/100ML,2022-08-09,12:50:00,AKDT,2022-08-09 20:50:00,2,MPN/100mL,2,MPN/100ML,Convert,Actual,Numeric,NA,Method Detection Level,1,MPN/100mL,1,MPN/100ML,Numeric,NA,NA,NA - Not Available,NA,NA,NA,NA,1,0.3048,Numeric,ft,m,NA,NA,NA - Not Available,NA,NA,NA,NA,NA - Not Available,NA,NA,NA,NA,NA,Standard Test Method for Enterococci in Water Using Enterolert,NA,D6503-99,ASTM,NA,WQSAR 001,AKDECWQ,Bacteria,Water sample collected from 1 ft depth. Bottles kept cool and delivered to lab within 6 hours (8 hour total hold time).,Water Bottle,NA,Final,NA,NA,NA,NA,NA,NA,NA,NA,NA,"Targeted - A targeted sample is where a ""sample"" of the subject matter, be that people, plants/animals etc is selected using certain criteria, i.e. pregnant mothers between the ages of 25-30. Targeted samples are usually used by businesses or companies carrying out surveys on a particular group of people.",Alaska Water Laboratories LLC,NA,STORET-971970801,AKDECWQ-BB Pathogens-Kanakanak-08/09/2022-Enterococci-DUP,AKDECWQ,Alaska Dept of Environmental Conservation - Water Quality,Dillingham Pathogen Monitoring,Monitoring of pathogens (Fecal Coliform and Enterococci) at Dillingham area beaches.,Dillingham Pathogen Monitoring,https://www.waterqualitydata.us/data/providers/STORET/organizations/AKDECWQ/projects/Dillingham%20Pathogen%20Monitoring/files,Y,Alaska Department of Environmental Conservation,US,02,070,Kanakanak Beach,KANAKANAK BEACH,Estuary,ESTUARY,Beach near Kanakanak Hospital. Approximately 5 miles south of Dillingham.,59.0028897,59.0028897,-158.5329718,-158.5329718,NAD83,19030303,AKDECWQ-Kanakanak,AKDECWQ-KANAKANAK,NA,NA,NA,NA,NA,NA,NA,NA,NA,2022-08-09,12:50:00,AKDT,2022-08-09 20:50:00,"Northern Utility Services Alaska;Alaska Water Laboratory, LLC",NA,59.0613888889,-158.545,NA,NA,NA,NA,NA,NA,2022-08-09,https://www.waterqualitydata.us/data/providers/STORET/organizations/AKDECWQ/activities/AKDECWQ-BB%20Pathogens-Kanakanak-08%2F09%2F2022-Enterococci-DUP/results/971970801/resdetectqntlmts,NA,8,8,NA,NA,NA,GPS-Unspecified,NA,NA,NA,NA,NA,NA,NA,NA,NA,NA,NA,NA,STORET,2023-03-28T11:32:01
Sample-Routine,Water,WATER,Surface Water,Total,TOTAL,Fecal Coliform,FECAL COLIFORM,NA,NA,NA,NA,FECAL COLIFORM_TOTAL_NA_CFU/100ML,2022-07-06,12:55:00,AKDT,2022-07-06 20:55:00,63.64,cfu/100mL,63.64,CFU/100ML,Convert,Actual,Numeric,NA,Method Detection Level,9.09,cfu/100mL,9.09,CFU/100ML,Numeric,NA,NA,NA - Not Available,NA,NA,NA,NA,1,0.3048,Numeric,ft,m,NA,NA,NA - Not Available,NA,NA,NA,NA,NA - Not Available,NA,NA,NA,NA,NA,9222 D ~ Membrane filtration test for fecal coliforms,https://www.nemi.gov/methods/method_summary/5587/,9222D,APHA,NA,WQSAR 001,AKDECWQ,Bacteria,Water sample collected from 1 ft depth. Bottles kept cool and delivered to lab within 6 hours (8 hour total hold time).,Water Bottle,NA,Final,NA,NA,NA,NA,NA,NA,NA,NA,NA,"Targeted - A targeted sample is where a ""sample"" of the subject matter, be that people, plants/animals etc is selected using certain criteria, i.e. pregnant mothers between the ages of 25-30. Targeted samples are usually used by businesses or companies carrying out surveys on a particular group of people.",Alaska Water Laboratories LLC,NA,STORET-971970802,AKDECWQ-BB Pathogens-Kanakanak-07/06/2022-Fecal Coliform,AKDECWQ,Alaska Dept of Environmental Conservation - Water Quality,Dillingham Pathogen Monitoring,Monitoring of pathogens (Fecal Coliform and Enterococci) at Dillingham area beaches.,Dillingham Pathogen Monitoring,https://www.waterqualitydata.us/data/providers/STORET/organizations/AKDECWQ/projects/Dillingham%20Pathogen%20Monitoring/files,Y,Alaska Department of Environmental Conservation,US,02,070,Kanakanak Beach,KANAKANAK BEACH,Estuary,ESTUARY,Beach near Kanakanak Hospital. Approximately 5 miles south of Dillingham.,59.0028897,59.0028897,-158.5329718,-158.5329718,NAD83,19030303,AKDECWQ-Kanakanak,AKDECWQ-KANAKANAK,NA,NA,NA,NA,NA,NA,NA,NA,NA,2022-07-06,12:55:00,AKDT,2022-07-06 20:55:00,"Northern Utility Services Alaska;Alaska Water Laboratory, LLC",NA,59.0619444444,-158.5397222222,NA,NA,NA,NA,NA,NA,2022-07-06,https://www.waterqualitydata.us/data/providers/STORET/organizations/AKDECWQ/activities/AKDECWQ-BB%20Pathogens-Kanakanak-07%2F06%2F2022-Fecal%20Coliform/results/971970802/resdetectqntlmts,NA,8,8,NA,NA,NA,GPS-Unspecified,NA,NA,NA,NA,NA,NA,NA,NA,NA,NA,NA,NA,STORET,2023-03-28T11:32:01
Sample-Routine,Water,WATER,Surface Water,Total,TOTAL,Enterococcus,ENTEROCOCCUS,NA,NA,NA,NA,ENTEROCOCCUS_TOTAL_NA_MPN/100ML,2022-07-06,12:55:00,AKDT,2022-07-06 20:55:00,19.5,MPN/100mL,19.5,MPN/100ML,Convert,Actual,Numeric,NA,Method Detection Level,1,MPN/100mL,1,MPN/100ML,Numeric,NA,NA,NA - Not Available,NA,NA,NA,NA,1,0.3048,Numeric,ft,m,NA,NA,NA - Not Available,NA,NA,NA,NA,NA - Not Available,NA,NA,NA,NA,NA,Standard Test Method for Enterococci in Water Using Enterolert,NA,D6503-99,ASTM,NA,WQSAR 001,AKDECWQ,Bacteria,Water sample collected from 1 ft depth. Bottles kept cool and delivered to lab within 6 hours (8 hour total hold time).,Water Bottle,NA,Final,NA,NA,NA,NA,NA,NA,NA,NA,NA,"Targeted - A targeted sample is where a ""sample"" of the subject matter, be that people, plants/animals etc is selected using certain criteria, i.e. pregnant mothers between the ages of 25-30. Targeted samples are usually used by businesses or companies carrying out surveys on a particular group of people.",Alaska Water Laboratories LLC,NA,STORET-971970803,AKDECWQ-BB Pathogens-Kanakanak-07/06/2022-Enterococci,AKDECWQ,Alaska Dept of Environmental Conservation - Water Quality,Dillingham Pathogen Monitoring,Monitoring of pathogens (Fecal Coliform and Enterococci) at Dillingham area beaches.,Dillingham Pathogen Monitoring,https://www.waterqualitydata.us/data/providers/STORET/organizations/AKDECWQ/projects/Dillingham%20Pathogen%20Monitoring/files,Y,Alaska Department of Environmental Conservation,US,02,070,Kanakanak Beach,KANAKANAK BEACH,Estuary,ESTUARY,Beach near Kanakanak Hospital. Approximately 5 miles south of Dillingham.,59.0028897,59.0028897,-158.5329718,-158.5329718,NAD83,19030303,AKDECWQ-Kanakanak,AKDECWQ-KANAKANAK,NA,NA,NA,NA,NA,NA,NA,NA,NA,2022-07-06,12:55:00,AKDT,2022-07-06 20:55:00,"Alaska Water Laboratory, LLC;Northern Utility Services Alaska",NA,59.0619444444,-158.5397222222,NA,NA,NA,NA,NA,NA,2022-07-06,https://www.waterqualitydata.us/data/providers/STORET/organizations/AKDECWQ/activities/AKDECWQ-BB%20Pathogens-Kanakanak-07%2F06%2F2022-Enterococci/results/971970803/resdetectqntlmts,NA,8,8,NA,NA,NA,GPS-Unspecified,NA,NA,NA,NA,NA,NA,NA,NA,NA,NA,NA,NA,STORET,2023-03-28T11:32:02
Sample-Routine,Water,WATER,Surface Water,Total,TOTAL,Fecal Coliform,FECAL COLIFORM,NA,NA,NA,NA,FECAL COLIFORM_TOTAL_NA_CFU/100ML,2022-05-25,14:00:00,AKDT,2022-05-25 22:00:00,127.2,cfu/100mL,127.2,CFU/100ML,Convert,Actual,Numeric,NA,Method Detection Level,9.09,cfu/100mL,9.09,CFU/100ML,Numeric,NA,NA,NA - Not Available,NA,NA,NA,NA,1,0.3048,Numeric,ft,m,NA,NA,NA - Not Available,NA,NA,NA,NA,NA - Not Available,NA,NA,NA,NA,NA,9222 D ~ Membrane filtration test for fecal coliforms,https://www.nemi.gov/methods/method_summary/5587/,9222D,APHA,NA,WQSAR 001,AKDECWQ,Bacteria,Water sample collected from 1 ft depth. Bottles kept cool and delivered to lab within 6 hours (8 hour total hold time).,Water Bottle,NA,Final,NA,NA,NA,NA,NA,NA,NA,NA,NA,"Targeted - A targeted sample is where a ""sample"" of the subject matter, be that people, plants/animals etc is selected using certain criteria, i.e. pregnant mothers between the ages of 25-30. Targeted samples are usually used by businesses or companies carrying out surveys on a particular group of people.",Alaska Water Laboratories LLC,NA,STORET-971970804,AKDECWQ-BB Pathogens-Kanakanak-05/25/2022-Fecal Coliform,AKDECWQ,Alaska Dept of Environmental Conservation - Water Quality,Dillingham Pathogen Monitoring,Monitoring of pathogens (Fecal Coliform and Enterococci) at Dillingham area beaches.,Dillingham Pathogen Monitoring,https://www.waterqualitydata.us/data/providers/STORET/organizations/AKDECWQ/projects/Dillingham%20Pathogen%20Monitoring/files,Y,Alaska Department of Environmental Conservation,US,02,070,Kanakanak Beach,KANAKANAK BEACH,Estuary,ESTUARY,Beach near Kanakanak Hospital. Approximately 5 miles south of Dillingham.,59.0028897,59.0028897,-158.5329718,-158.5329718,NAD83,19030303,AKDECWQ-Kanakanak,AKDECWQ-KANAKANAK,NA,NA,NA,NA,NA,NA,NA,NA,NA,2022-05-25,14:00:00,AKDT,2022-05-25 22:00:00,"Northern Utility Services Alaska;Alaska Water Laboratory, LLC",NA,59.0625,-158.5508333333,NA,NA,NA,NA,NA,NA,2022-05-25,https://www.waterqualitydata.us/data/providers/STORET/organizations/AKDECWQ/activities/AKDECWQ-BB%20Pathogens-Kanakanak-05%2F25%2F2022-Fecal%20Coliform/results/971970804/resdetectqntlmts,NA,8,8,NA,NA,NA,GPS-Unspecified,NA,NA,NA,NA,NA,NA,NA,NA,NA,NA,NA,NA,STORET,2023-03-28T11:32:02
Sample-Routine,Water,WATER,Surface Water,Total,TOTAL,Enterococcus,ENTEROCOCCUS,NA,NA,NA,NA,ENTEROCOCCUS_TOTAL_NA_MPN/100ML,2022-05-25,14:00:00,AKDT,2022-05-25 22:00:00,NA,MPN/100mL,NA,MPN/100ML,No Result Value,Actual,NA - Not Available,Not Detected at Detection Limit,Method Detection Level,1,MPN/100mL,1,MPN/100ML,Numeric,NA,NA,NA - Not Available,NA,NA,NA,NA,1,0.3048,Numeric,ft,m,NA,NA,NA - Not Available,NA,NA,NA,NA,NA - Not Available,NA,NA,NA,NA,NA,Standard Test Method for Enterococci in Water Using Enterolert,NA,D6503-99,ASTM,NA,WQSAR 001,AKDECWQ,Bacteria,Water sample collected from 1 ft depth. Bottles kept cool and delivered to lab within 6 hours (8 hour total hold time).,Water Bottle,U,Final,NA,NA,NA,NA,NA,NA,NA,NA,NA,"Targeted - A targeted sample is where a ""sample"" of the subject matter, be that people, plants/animals etc is selected using certain criteria, i.e. pregnant mothers between the ages of 25-30. Targeted samples are usually used by businesses or companies carrying out surveys on a particular group of people.",Alaska Water Laboratories LLC,NA,STORET-971970805,AKDECWQ-BB Pathogens-Kanakanak-05/25/2022-Enterococci,AKDECWQ,Alaska Dept of Environmental Conservation - Water Quality,Dillingham Pathogen Monitoring,Monitoring of pathogens (Fecal Coliform and Enterococci) at Dillingham area beaches.,Dillingham Pathogen Monitoring,https://www.waterqualitydata.us/data/providers/STORET/organizations/AKDECWQ/projects/Dillingham%20Pathogen%20Monitoring/files,Y,Alaska Department of Environmental Conservation,US,02,070,Kanakanak Beach,KANAKANAK BEACH,Estuary,ESTUARY,Beach near Kanakanak Hospital. Approximately 5 miles south of Dillingham.,59.0028897,59.0028897,-158.5329718,-158.5329718,NAD83,19030303,AKDECWQ-Kanakanak,AKDECWQ-KANAKANAK,NA,NA,NA,NA,NA,NA,NA,NA,NA,2022-05-25,14:00:00,AKDT,2022-05-25 22:00:00,"Alaska Water Laboratory, LLC;Northern Utility Services Alaska",NA,59.0625,-158.5508333333,NA,NA,NA,NA,NA,NA,2022-05-25,https://www.waterqualitydata.us/data/providers/STORET/organizations/AKDECWQ/activities/AKDECWQ-BB%20Pathogens-Kanakanak-05%2F25%2F2022-Enterococci/results/971970805/resdetectqntlmts,NA,8,8,NA,NA,NA,GPS-Unspecified,NA,NA,NA,NA,NA,NA,NA,NA,NA,NA,NA,NA,STORET,2023-03-28T11:32:02
Sample-Routine,Water,WATER,Surface Water,Total,TOTAL,Fecal Coliform,FECAL COLIFORM,NA,NA,NA,NA,FECAL COLIFORM_TOTAL_NA_CFU/100ML,2022-06-21,13:10:00,AKDT,2022-06-21 21:10:00,63.63,cfu/100mL,63.63,CFU/100ML,Convert,Actual,Numeric,NA,Method Detection Level,9.09,cfu/100mL,9.09,CFU/100ML,Numeric,NA,NA,NA - Not Available,NA,NA,NA,NA,1,0.3048,Numeric,ft,m,NA,NA,NA - Not Available,NA,NA,NA,NA,NA - Not Available,NA,NA,NA,NA,NA,9222 D ~ Membrane filtration test for fecal coliforms,https://www.nemi.gov/methods/method_summary/5587/,9222D,APHA,NA,WQSAR 001,AKDECWQ,Bacteria,Water sample collected from 1 ft depth. Bottles kept cool and delivered to lab within 6 hours (8 hour total hold time).,Water Bottle,NA,Final,NA,NA,NA,NA,NA,NA,NA,NA,NA,"Targeted - A targeted sample is where a ""sample"" of the subject matter, be that people, plants/animals etc is selected using certain criteria, i.e. pregnant mothers between the ages of 25-30. Targeted samples are usually used by businesses or companies carrying out surveys on a particular group of people.",Alaska Water Laboratories LLC,NA,STORET-971970806,AKDECWQ-BB Pathogens-Kanakanak-06/21/2022-Fecal Coliform,AKDECWQ,Alaska Dept of Environmental Conservation - Water Quality,Dillingham Pathogen Monitoring,Monitoring of pathogens (Fecal Coliform and Enterococci) at Dillingham area beaches.,Dillingham Pathogen Monitoring,https://www.waterqualitydata.us/data/providers/STORET/organizations/AKDECWQ/projects/Dillingham%20Pathogen%20Monitoring/files,Y,Alaska Department of Environmental Conservation,US,02,070,Kanakanak Beach,KANAKANAK BEACH,Estuary,ESTUARY,Beach near Kanakanak Hospital. Approximately 5 miles south of Dillingham.,59.0028897,59.0028897,-158.5329718,-158.5329718,NAD83,19030303,AKDECWQ-Kanakanak,AKDECWQ-KANAKANAK,NA,NA,NA,NA,NA,NA,NA,NA,NA,2022-06-21,13:10:00,AKDT,2022-06-21 21:10:00,"Northern Utility Services Alaska;Alaska Water Laboratory, LLC",NA,59.0625,-158.5447222222,NA,NA,NA,NA,NA,NA,2022-06-21,https://www.waterqualitydata.us/data/providers/STORET/organizations/AKDECWQ/activities/AKDECWQ-BB%20Pathogens-Kanakanak-06%2F21%2F2022-Fecal%20Coliform/results/971970806/resdetectqntlmts,NA,8,8,NA,NA,NA,GPS-Unspecified,NA,NA,NA,NA,NA,NA,NA,NA,NA,NA,NA,NA,STORET,2023-03-28T11:32:02
Sample-Routine,Water,WATER,Surface Water,Total,TOTAL,Enterococcus,ENTEROCOCCUS,NA,NA,NA,NA,ENTEROCOCCUS_TOTAL_NA_MPN/100ML,2022-06-21,13:10:00,AKDT,2022-06-21 21:10:00,5.1,MPN/100mL,5.1,MPN/100ML,Convert,Actual,Numeric,NA,Method Detection Level,1,MPN/100mL,1,MPN/100ML,Numeric,NA,NA,NA - Not Available,NA,NA,NA,NA,1,0.3048,Numeric,ft,m,NA,NA,NA - Not Available,NA,NA,NA,NA,NA - Not Available,NA,NA,NA,NA,NA,Standard Test Method for Enterococci in Water Using Enterolert,NA,D6503-99,ASTM,NA,WQSAR 001,AKDECWQ,Bacteria,Water sample collected from 1 ft depth. Bottles kept cool and delivered to lab within 6 hours (8 hour total hold time).,Water Bottle,NA,Final,NA,NA,NA,NA,NA,NA,NA,NA,NA,"Targeted - A targeted sample is where a ""sample"" of the subject matter, be that people, plants/animals etc is selected using certain criteria, i.e. pregnant mothers between the ages of 25-30. Targeted samples are usually used by businesses or companies carrying out surveys on a particular group of people.",Alaska Water Laboratories LLC,NA,STORET-971970807,AKDECWQ-BB Pathogens-Kanakanak-06/21/2022-Enterococci,AKDECWQ,Alaska Dept of Environmental Conservation - Water Quality,Dillingham Pathogen Monitoring,Monitoring of pathogens (Fecal Coliform and Enterococci) at Dillingham area beaches.,Dillingham Pathogen Monitoring,https://www.waterqualitydata.us/data/providers/STORET/organizations/AKDECWQ/projects/Dillingham%20Pathogen%20Monitoring/files,Y,Alaska Department of Environmental Conservation,US,02,070,Kanakanak Beach,KANAKANAK BEACH,Estuary,ESTUARY,Beach near Kanakanak Hospital. Approximately 5 miles south of Dillingham.,59.0028897,59.0028897,-158.5329718,-158.5329718,NAD83,19030303,AKDECWQ-Kanakanak,AKDECWQ-KANAKANAK,NA,NA,NA,NA,NA,NA,NA,NA,NA,2022-06-21,13:10:00,AKDT,2022-06-21 21:10:00,"Alaska Water Laboratory, LLC;Northern Utility Services Alaska",NA,59.0625,-158.5447222222,NA,NA,NA,NA,NA,NA,2022-06-21,https://www.waterqualitydata.us/data/providers/STORET/organizations/AKDECWQ/activities/AKDECWQ-BB%20Pathogens-Kanakanak-06%2F21%2F2022-Enterococci/results/971970807/resdetectqntlmts,NA,8,8,NA,NA,NA,GPS-Unspecified,NA,NA,NA,NA,NA,NA,NA,NA,NA,NA,NA,NA,STORET,2023-03-28T11:32:02
Quality Control Sample-Field Replicate,Water,WATER,Surface Water,Total,TOTAL,Fecal Coliform,FECAL COLIFORM,NA,NA,NA,NA,FECAL COLIFORM_TOTAL_NA_CFU/100ML,2022-05-25,14:00:00,AKDT,2022-05-25 22:00:00,90,cfu/100mL,90,CFU/100ML,Convert,Actual,Numeric,NA,Method Detection Level,10,cfu/100mL,10,CFU/100ML,Numeric,NA,NA,NA - Not Available,NA,NA,NA,NA,1,0.3048,Numeric,ft,m,NA,NA,NA - Not Available,NA,NA,NA,NA,NA - Not Available,NA,NA,NA,NA,NA,9222 D ~ Membrane filtration test for fecal coliforms,https://www.nemi.gov/methods/method_summary/5587/,9222D,APHA,NA,WQSAR 001,AKDECWQ,Bacteria,Water sample collected from 1 ft depth. Bottles kept cool and delivered to lab within 6 hours (8 hour total hold time).,Water Bottle,NA,Final,NA,NA,NA,NA,NA,NA,NA,NA,NA,"Targeted - A targeted sample is where a ""sample"" of the subject matter, be that people, plants/animals etc is selected using certain criteria, i.e. pregnant mothers between the ages of 25-30. Targeted samples are usually used by businesses or companies carrying out surveys on a particular group of people.",Alaska Water Laboratories LLC,NA,STORET-971970808,AKDECWQ-BB Pathogens-Kanakanak-05/25/2022-Fecal Coliform-DUP,AKDECWQ,Alaska Dept of Environmental Conservation - Water Quality,Dillingham Pathogen Monitoring,Monitoring of pathogens (Fecal Coliform and Enterococci) at Dillingham area beaches.,Dillingham Pathogen Monitoring,https://www.waterqualitydata.us/data/providers/STORET/organizations/AKDECWQ/projects/Dillingham%20Pathogen%20Monitoring/files,Y,Alaska Department of Environmental Conservation,US,02,070,Kanakanak Beach,KANAKANAK BEACH,Estuary,ESTUARY,Beach near Kanakanak Hospital. Approximately 5 miles south of Dillingham.,59.0028897,59.0028897,-158.5329718,-158.5329718,NAD83,19030303,AKDECWQ-Kanakanak,AKDECWQ-KANAKANAK,NA,NA,NA,NA,NA,NA,NA,NA,NA,2022-05-25,14:00:00,AKDT,2022-05-25 22:00:00,"Alaska Water Laboratory, LLC;Northern Utility Services Alaska",NA,59.0625,-158.5508333333,NA,NA,NA,NA,NA,NA,2022-05-25,https://www.waterqualitydata.us/data/providers/STORET/organizations/AKDECWQ/activities/AKDECWQ-BB%20Pathogens-Kanakanak-05%2F25%2F2022-Fecal%20Coliform-DUP/results/971970808/resdetectqntlmts,NA,8,8,NA,NA,NA,GPS-Unspecified,NA,NA,NA,NA,NA,NA,NA,NA,NA,NA,NA,NA,STORET,2023-03-28T11:32:02
Quality Control Sample-Field Replicate,Water,WATER,Surface Water,Total,TOTAL,Enterococcus,ENTEROCOCCUS,NA,NA,NA,NA,ENTEROCOCCUS_TOTAL_NA_MPN/100ML,2022-05-25,14:00:00,AKDT,2022-05-25 22:00:00,NA,MPN/100mL,NA,MPN/100ML,No Result Value,Actual,NA - Not Available,Not Detected at Detection Limit,Method Detection Level,1,MPN/100mL,1,MPN/100ML,Numeric,NA,NA,NA - Not Available,NA,NA,NA,NA,1,0.3048,Numeric,ft,m,NA,NA,NA - Not Available,NA,NA,NA,NA,NA - Not Available,NA,NA,NA,NA,NA,Standard Test Method for Enterococci in Water Using Enterolert,NA,D6503-99,ASTM,NA,WQSAR 001,AKDECWQ,Bacteria,Water sample collected from 1 ft depth. Bottles kept cool and delivered to lab within 6 hours (8 hour total hold time).,Water Bottle,U,Final,NA,NA,NA,NA,NA,NA,NA,NA,NA,"Targeted - A targeted sample is where a ""sample"" of the subject matter, be that people, plants/animals etc is selected using certain criteria, i.e. pregnant mothers between the ages of 25-30. Targeted samples are usually used by businesses or companies carrying out surveys on a particular group of people.",Alaska Water Laboratories LLC,NA,STORET-971970809,AKDECWQ-BB Pathogens-Kanakanak-05/25/2022-Enterococci-DUP,AKDECWQ,Alaska Dept of Environmental Conservation - Water Quality,Dillingham Pathogen Monitoring,Monitoring of pathogens (Fecal Coliform and Enterococci) at Dillingham area beaches.,Dillingham Pathogen Monitoring,https://www.waterqualitydata.us/data/providers/STORET/organizations/AKDECWQ/projects/Dillingham%20Pathogen%20Monitoring/files,Y,Alaska Department of Environmental Conservation,US,02,070,Kanakanak Beach,KANAKANAK BEACH,Estuary,ESTUARY,Beach near Kanakanak Hospital. Approximately 5 miles south of Dillingham.,59.0028897,59.0028897,-158.5329718,-158.5329718,NAD83,19030303,AKDECWQ-Kanakanak,AKDECWQ-KANAKANAK,NA,NA,NA,NA,NA,NA,NA,NA,NA,2022-05-25,14:00:00,AKDT,2022-05-25 22:00:00,"Alaska Water Laboratory, LLC;Northern Utility Services Alaska",NA,59.0625,-158.5508333333,NA,NA,NA,NA,NA,NA,2022-05-25,https://www.waterqualitydata.us/data/providers/STORET/organizations/AKDECWQ/activities/AKDECWQ-BB%20Pathogens-Kanakanak-05%2F25%2F2022-Enterococci-DUP/results/971970809/resdetectqntlmts,NA,8,8,NA,NA,NA,GPS-Unspecified,NA,NA,NA,NA,NA,NA,NA,NA,NA,NA,NA,NA,STORET,2023-03-28T11:32:03
Sample-Routine,Water,WATER,Surface Water,Total,TOTAL,Fecal Coliform,FECAL COLIFORM,NA,NA,NA,NA,FECAL COLIFORM_TOTAL_NA_CFU/100ML,2022-06-29,12:35:00,AKDT,2022-06-29 20:35:00,50,cfu/100mL,50,CFU/100ML,Convert,Actual,Numeric,NA,Method Detection Level,10,cfu/100mL,10,CFU/100ML,Numeric,NA,NA,NA - Not Available,NA,NA,NA,NA,1,0.3048,Numeric,ft,m,NA,NA,NA - Not Available,NA,NA,NA,NA,NA - Not Available,NA,NA,NA,NA,NA,9222 D ~ Membrane filtration test for fecal coliforms,https://www.nemi.gov/methods/method_summary/5587/,9222D,APHA,NA,WQSAR 001,AKDECWQ,Bacteria,Water sample collected from 1 ft depth. Bottles kept cool and delivered to lab within 6 hours (8 hour total hold time).,Water Bottle,NA,Final,NA,NA,NA,NA,NA,NA,NA,NA,NA,"Targeted - A targeted sample is where a ""sample"" of the subject matter, be that people, plants/animals etc is selected using certain criteria, i.e. pregnant mothers between the ages of 25-30. Targeted samples are usually used by businesses or companies carrying out surveys on a particular group of people.",Alaska Water Laboratories LLC,NA,STORET-971970810,AKDECWQ-BB Pathogens-Scandinavian-06/29/2022-Fecal Coliform,AKDECWQ,Alaska Dept of Environmental Conservation - Water Quality,Dillingham Pathogen Monitoring,Monitoring of pathogens (Fecal Coliform and Enterococci) at Dillingham area beaches.,Dillingham Pathogen Monitoring,https://www.waterqualitydata.us/data/providers/STORET/organizations/AKDECWQ/projects/Dillingham%20Pathogen%20Monitoring/files,Y,Alaska Department of Environmental Conservation,US,02,070,Scandinavian Beach,SCANDINAVIAN BEACH,Estuary,ESTUARY,Beach approximately 500 FT East of the Dillingham Harbor entrance.,59.03743292,59.03743292,-158.4747797,-158.4747797,NAD83,19030303,AKDECWQ-Scandinavian,AKDECWQ-SCANDINAVIAN,NA,NA,NA,NA,NA,NA,NA,NA,NA,2022-06-29,12:35:00,AKDT,2022-06-29 20:35:00,"Northern Utility Services Alaska;Alaska Water Laboratory, LLC",NA,59.0872222222,-158.6047222222,NA,NA,NA,NA,NA,NA,2022-06-29,https://www.waterqualitydata.us/data/providers/STORET/organizations/AKDECWQ/activities/AKDECWQ-BB%20Pathogens-Scandinavian-06%2F29%2F2022-Fecal%20Coliform/results/971970810/resdetectqntlmts,NA,8,8,NA,NA,NA,GPS-Unspecified,NA,NA,NA,NA,NA,NA,NA,NA,NA,NA,NA,NA,STORET,2023-03-28T11:32:03
Sample-Routine,Water,WATER,Surface Water,Total,TOTAL,Enterococcus,ENTEROCOCCUS,NA,NA,NA,NA,ENTEROCOCCUS_TOTAL_NA_MPN/100ML,2022-06-29,12:35:00,AKDT,2022-06-29 20:35:00,2,MPN/100mL,2,MPN/100ML,Convert,Actual,Numeric,NA,Method Detection Level,1,MPN/100mL,1,MPN/100ML,Numeric,NA,NA,NA - Not Available,NA,NA,NA,NA,1,0.3048,Numeric,ft,m,NA,NA,NA - Not Available,NA,NA,NA,NA,NA - Not Available,NA,NA,NA,NA,NA,Standard Test Method for Enterococci in Water Using Enterolert,NA,D6503-99,ASTM,NA,WQSAR 001,AKDECWQ,Bacteria,Water sample collected from 1 ft depth. Bottles kept cool and delivered to lab within 6 hours (8 hour total hold time).,Water Bottle,NA,Final,NA,NA,NA,NA,NA,NA,NA,NA,NA,"Targeted - A targeted sample is where a ""sample"" of the subject matter, be that people, plants/animals etc is selected using certain criteria, i.e. pregnant mothers between the ages of 25-30. Targeted samples are usually used by businesses or companies carrying out surveys on a particular group of people.",Alaska Water Laboratories LLC,NA,STORET-971970811,AKDECWQ-BB Pathogens-Scandinavian-06/29/2022-Enterococci,AKDECWQ,Alaska Dept of Environmental Conservation - Water Quality,Dillingham Pathogen Monitoring,Monitoring of pathogens (Fecal Coliform and Enterococci) at Dillingham area beaches.,Dillingham Pathogen Monitoring,https://www.waterqualitydata.us/data/providers/STORET/organizations/AKDECWQ/projects/Dillingham%20Pathogen%20Monitoring/files,Y,Alaska Department of Environmental Conservation,US,02,070,Scandinavian Beach,SCANDINAVIAN BEACH,Estuary,ESTUARY,Beach approximately 500 FT East of the Dillingham Harbor entrance.,59.03743292,59.03743292,-158.4747797,-158.4747797,NAD83,19030303,AKDECWQ-Scandinavian,AKDECWQ-SCANDINAVIAN,NA,NA,NA,NA,NA,NA,NA,NA,NA,2022-06-29,12:35:00,AKDT,2022-06-29 20:35:00,"Alaska Water Laboratory, LLC;Northern Utility Services Alaska",NA,59.0872222222,-158.6047222222,NA,NA,NA,NA,NA,NA,2022-06-29,https://www.waterqualitydata.us/data/providers/STORET/organizations/AKDECWQ/activities/AKDECWQ-BB%20Pathogens-Scandinavian-06%2F29%2F2022-Enterococci/results/971970811/resdetectqntlmts,NA,8,8,NA,NA,NA,GPS-Unspecified,NA,NA,NA,NA,NA,NA,NA,NA,NA,NA,NA,NA,STORET,2023-03-28T11:32:03
Sample-Routine,Water,WATER,Surface Water,Total,TOTAL,Fecal Coliform,FECAL COLIFORM,NA,NA,NA,NA,FECAL COLIFORM_TOTAL_NA_CFU/100ML,2022-06-28,12:30:00,AKDT,2022-06-28 20:30:00,60,cfu/100mL,60,CFU/100ML,Convert,Actual,Numeric,NA,Method Detection Level,10,cfu/100mL,10,CFU/100ML,Numeric,NA,NA,NA - Not Available,NA,NA,NA,NA,1,0.3048,Numeric,ft,m,NA,NA,NA - Not Available,NA,NA,NA,NA,NA - Not Available,NA,NA,NA,NA,NA,9222 D ~ Membrane filtration test for fecal coliforms,https://www.nemi.gov/methods/method_summary/5587/,9222D,APHA,NA,WQSAR 001,AKDECWQ,Bacteria,Water sample collected from 1 ft depth. Bottles kept cool and delivered to lab within 6 hours (8 hour total hold time).,Water Bottle,NA,Final,NA,NA,NA,NA,NA,NA,NA,NA,NA,"Targeted - A targeted sample is where a ""sample"" of the subject matter, be that people, plants/animals etc is selected using certain criteria, i.e. pregnant mothers between the ages of 25-30. Targeted samples are usually used by businesses or companies carrying out surveys on a particular group of people.",Alaska Water Laboratories LLC,NA,STORET-971970812,AKDECWQ-BB Pathogens-Scandinavian-06/28/2022-Fecal Coliform,AKDECWQ,Alaska Dept of Environmental Conservation - Water Quality,Dillingham Pathogen Monitoring,Monitoring of pathogens (Fecal Coliform and Enterococci) at Dillingham area beaches.,Dillingham Pathogen Monitoring,https://www.waterqualitydata.us/data/providers/STORET/organizations/AKDECWQ/projects/Dillingham%20Pathogen%20Monitoring/files,Y,Alaska Department of Environmental Conservation,US,02,070,Scandinavian Beach,SCANDINAVIAN BEACH,Estuary,ESTUARY,Beach approximately 500 FT East of the Dillingham Harbor entrance.,59.03743292,59.03743292,-158.4747797,-158.4747797,NAD83,19030303,AKDECWQ-Scandinavian,AKDECWQ-SCANDINAVIAN,NA,NA,NA,NA,NA,NA,NA,NA,NA,2022-06-28,12:30:00,AKDT,2022-06-28 20:30:00,"Northern Utility Services Alaska;Alaska Water Laboratory, LLC",NA,59.0877777778,-158.6052777778,NA,NA,NA,NA,NA,NA,2022-06-28,https://www.waterqualitydata.us/data/providers/STORET/organizations/AKDECWQ/activities/AKDECWQ-BB%20Pathogens-Scandinavian-06%2F28%2F2022-Fecal%20Coliform/results/971970812/resdetectqntlmts,NA,8,8,NA,NA,NA,GPS-Unspecified,NA,NA,NA,NA,NA,NA,NA,NA,NA,NA,NA,NA,STORET,2023-03-28T11:32:03
Sample-Routine,Water,WATER,Surface Water,Total,TOTAL,Enterococcus,ENTEROCOCCUS,NA,NA,NA,NA,ENTEROCOCCUS_TOTAL_NA_MPN/100ML,2022-06-28,12:30:00,AKDT,2022-06-28 20:30:00,6.2,MPN/100mL,6.2,MPN/100ML,Convert,Actual,Numeric,NA,Method Detection Level,1,MPN/100mL,1,MPN/100ML,Numeric,NA,NA,NA - Not Available,NA,NA,NA,NA,1,0.3048,Numeric,ft,m,NA,NA,NA - Not Available,NA,NA,NA,NA,NA - Not Available,NA,NA,NA,NA,NA,Standard Test Method for Enterococci in Water Using Enterolert,NA,D6503-99,ASTM,NA,WQSAR 001,AKDECWQ,Bacteria,Water sample collected from 1 ft depth. Bottles kept cool and delivered to lab within 6 hours (8 hour total hold time).,Water Bottle,NA,Final,RPD  > 60% for routine and duplicate sample.,NA,NA,NA,NA,NA,NA,NA,NA,"Targeted - A targeted sample is where a ""sample"" of the subject matter, be that people, plants/animals etc is selected using certain criteria, i.e. pregnant mothers between the ages of 25-30. Targeted samples are usually used by businesses or companies carrying out surveys on a particular group of people.",Alaska Water Laboratories LLC,NA,STORET-971970813,AKDECWQ-BB Pathogens-Scandinavian-06/28/2022-Enterococci,AKDECWQ,Alaska Dept of Environmental Conservation - Water Quality,Dillingham Pathogen Monitoring,Monitoring of pathogens (Fecal Coliform and Enterococci) at Dillingham area beaches.,Dillingham Pathogen Monitoring,https://www.waterqualitydata.us/data/providers/STORET/organizations/AKDECWQ/projects/Dillingham%20Pathogen%20Monitoring/files,Y,Alaska Department of Environmental Conservation,US,02,070,Scandinavian Beach,SCANDINAVIAN BEACH,Estuary,ESTUARY,Beach approximately 500 FT East of the Dillingham Harbor entrance.,59.03743292,59.03743292,-158.4747797,-158.4747797,NAD83,19030303,AKDECWQ-Scandinavian,AKDECWQ-SCANDINAVIAN,NA,NA,NA,NA,NA,NA,NA,NA,NA,2022-06-28,12:30:00,AKDT,2022-06-28 20:30:00,"Alaska Water Laboratory, LLC;Northern Utility Services Alaska",NA,59.0877777778,-158.6052777778,NA,NA,NA,NA,NA,NA,2022-06-28,https://www.waterqualitydata.us/data/providers/STORET/organizations/AKDECWQ/activities/AKDECWQ-BB%20Pathogens-Scandinavian-06%2F28%2F2022-Enterococci/results/971970813/resdetectqntlmts,NA,8,8,NA,NA,NA,GPS-Unspecified,NA,NA,NA,NA,NA,NA,NA,NA,NA,NA,NA,NA,STORET,2023-03-28T11:32:03
Quality Control Sample-Field Replicate,Water,WATER,Surface Water,Total,TOTAL,Fecal Coliform,FECAL COLIFORM,NA,NA,NA,NA,FECAL COLIFORM_TOTAL_NA_CFU/100ML,2022-06-28,12:30:00,AKDT,2022-06-28 20:30:00,50,cfu/100mL,50,CFU/100ML,Convert,Actual,Numeric,NA,Method Detection Level,10,cfu/100mL,10,CFU/100ML,Numeric,NA,NA,NA - Not Available,NA,NA,NA,NA,1,0.3048,Numeric,ft,m,NA,NA,NA - Not Available,NA,NA,NA,NA,NA - Not Available,NA,NA,NA,NA,NA,9222 D ~ Membrane filtration test for fecal coliforms,https://www.nemi.gov/methods/method_summary/5587/,9222D,APHA,NA,WQSAR 001,AKDECWQ,Bacteria,Water sample collected from 1 ft depth. Bottles kept cool and delivered to lab within 6 hours (8 hour total hold time).,Water Bottle,NA,Final,NA,NA,NA,NA,NA,NA,NA,NA,NA,"Targeted - A targeted sample is where a ""sample"" of the subject matter, be that people, plants/animals etc is selected using certain criteria, i.e. pregnant mothers between the ages of 25-30. Targeted samples are usually used by businesses or companies carrying out surveys on a particular group of people.",Alaska Water Laboratories LLC,NA,STORET-971970814,AKDECWQ-BB Pathogens-Scandinavian-06/28/2022-Fecal Coliform-DUP,AKDECWQ,Alaska Dept of Environmental Conservation - Water Quality,Dillingham Pathogen Monitoring,Monitoring of pathogens (Fecal Coliform and Enterococci) at Dillingham area beaches.,Dillingham Pathogen Monitoring,https://www.waterqualitydata.us/data/providers/STORET/organizations/AKDECWQ/projects/Dillingham%20Pathogen%20Monitoring/files,Y,Alaska Department of Environmental Conservation,US,02,070,Scandinavian Beach,SCANDINAVIAN BEACH,Estuary,ESTUARY,Beach approximately 500 FT East of the Dillingham Harbor entrance.,59.03743292,59.03743292,-158.4747797,-158.4747797,NAD83,19030303,AKDECWQ-Scandinavian,AKDECWQ-SCANDINAVIAN,NA,NA,NA,NA,NA,NA,NA,NA,NA,2022-06-28,12:30:00,AKDT,2022-06-28 20:30:00,"Alaska Water Laboratory, LLC;Northern Utility Services Alaska",NA,59.0877777778,-158.6052777778,NA,NA,NA,NA,NA,NA,2022-06-28,https://www.waterqualitydata.us/data/providers/STORET/organizations/AKDECWQ/activities/AKDECWQ-BB%20Pathogens-Scandinavian-06%2F28%2F2022-Fecal%20Coliform-DUP/results/971970814/resdetectqntlmts,NA,8,8,NA,NA,NA,GPS-Unspecified,NA,NA,NA,NA,NA,NA,NA,NA,NA,NA,NA,NA,STORET,2023-03-28T11:32:03
Quality Control Sample-Field Replicate,Water,WATER,Surface Water,Total,TOTAL,Enterococcus,ENTEROCOCCUS,NA,NA,NA,NA,ENTEROCOCCUS_TOTAL_NA_MPN/100ML,2022-06-28,12:30:00,AKDT,2022-06-28 20:30:00,2,MPN/100mL,2,MPN/100ML,Convert,Actual,Numeric,NA,Method Detection Level,1,MPN/100mL,1,MPN/100ML,Numeric,NA,NA,NA - Not Available,NA,NA,NA,NA,1,0.3048,Numeric,ft,m,NA,NA,NA - Not Available,NA,NA,NA,NA,NA - Not Available,NA,NA,NA,NA,NA,Standard Test Method for Enterococci in Water Using Enterolert,NA,D6503-99,ASTM,NA,WQSAR 001,AKDECWQ,Bacteria,Water sample collected from 1 ft depth. Bottles kept cool and delivered to lab within 6 hours (8 hour total hold time).,Water Bottle,NA,Final,RPD  > 60% for routine and duplicate sample.,NA,NA,NA,NA,NA,NA,NA,NA,"Targeted - A targeted sample is where a ""sample"" of the subject matter, be that people, plants/animals etc is selected using certain criteria, i.e. pregnant mothers between the ages of 25-30. Targeted samples are usually used by businesses or companies carrying out surveys on a particular group of people.",Alaska Water Laboratories LLC,NA,STORET-971970815,AKDECWQ-BB Pathogens-Scandinavian-06/28/2022-Enterococci-DUP,AKDECWQ,Alaska Dept of Environmental Conservation - Water Quality,Dillingham Pathogen Monitoring,Monitoring of pathogens (Fecal Coliform and Enterococci) at Dillingham area beaches.,Dillingham Pathogen Monitoring,https://www.waterqualitydata.us/data/providers/STORET/organizations/AKDECWQ/projects/Dillingham%20Pathogen%20Monitoring/files,Y,Alaska Department of Environmental Conservation,US,02,070,Scandinavian Beach,SCANDINAVIAN BEACH,Estuary,ESTUARY,Beach approximately 500 FT East of the Dillingham Harbor entrance.,59.03743292,59.03743292,-158.4747797,-158.4747797,NAD83,19030303,AKDECWQ-Scandinavian,AKDECWQ-SCANDINAVIAN,NA,NA,NA,NA,NA,NA,NA,NA,NA,2022-06-28,12:30:00,AKDT,2022-06-28 20:30:00,"Alaska Water Laboratory, LLC;Northern Utility Services Alaska",NA,59.0877777778,-158.6052777778,NA,NA,NA,NA,NA,NA,2022-06-28,https://www.waterqualitydata.us/data/providers/STORET/organizations/AKDECWQ/activities/AKDECWQ-BB%20Pathogens-Scandinavian-06%2F28%2F2022-Enterococci-DUP/results/971970815/resdetectqntlmts,NA,8,8,NA,NA,NA,GPS-Unspecified,NA,NA,NA,NA,NA,NA,NA,NA,NA,NA,NA,NA,STORET,2023-03-28T11:32:04
Sample-Routine,Water,WATER,Surface Water,Total,TOTAL,Fecal Coliform,FECAL COLIFORM,NA,NA,NA,NA,FECAL COLIFORM_TOTAL_NA_CFU/100ML,2022-07-06,12:30:00,AKDT,2022-07-06 20:30:00,54.55,cfu/100mL,54.55,CFU/100ML,Convert,Actual,Numeric,NA,Method Detection Level,9.09,cfu/100mL,9.09,CFU/100ML,Numeric,NA,NA,NA - Not Available,NA,NA,NA,NA,1,0.3048,Numeric,ft,m,NA,NA,NA - Not Available,NA,NA,NA,NA,NA - Not Available,NA,NA,NA,NA,NA,9222 D ~ Membrane filtration test for fecal coliforms,https://www.nemi.gov/methods/method_summary/5587/,9222D,APHA,NA,WQSAR 001,AKDECWQ,Bacteria,Water sample collected from 1 ft depth. Bottles kept cool and delivered to lab within 6 hours (8 hour total hold time).,Water Bottle,NA,Final,NA,NA,NA,NA,NA,NA,NA,NA,NA,"Targeted - A targeted sample is where a ""sample"" of the subject matter, be that people, plants/animals etc is selected using certain criteria, i.e. pregnant mothers between the ages of 25-30. Targeted samples are usually used by businesses or companies carrying out surveys on a particular group of people.",Alaska Water Laboratories LLC,NA,STORET-971970816,AKDECWQ-BB Pathogens-Scandinavian-07/06/2022-Fecal Coliform,AKDECWQ,Alaska Dept of Environmental Conservation - Water Quality,Dillingham Pathogen Monitoring,Monitoring of pathogens (Fecal Coliform and Enterococci) at Dillingham area beaches.,Dillingham Pathogen Monitoring,https://www.waterqualitydata.us/data/providers/STORET/organizations/AKDECWQ/projects/Dillingham%20Pathogen%20Monitoring/files,Y,Alaska Department of Environmental Conservation,US,02,070,Scandinavian Beach,SCANDINAVIAN BEACH,Estuary,ESTUARY,Beach approximately 500 FT East of the Dillingham Harbor entrance.,59.03743292,59.03743292,-158.4747797,-158.4747797,NAD83,19030303,AKDECWQ-Scandinavian,AKDECWQ-SCANDINAVIAN,NA,NA,NA,NA,NA,NA,NA,NA,NA,2022-07-06,12:30:00,AKDT,2022-07-06 20:30:00,"Alaska Water Laboratory, LLC;Northern Utility Services Alaska",NA,59.0922222222,-158.6047222222,NA,NA,NA,NA,NA,NA,2022-07-06,https://www.waterqualitydata.us/data/providers/STORET/organizations/AKDECWQ/activities/AKDECWQ-BB%20Pathogens-Scandinavian-07%2F06%2F2022-Fecal%20Coliform/results/971970816/resdetectqntlmts,NA,8,8,NA,NA,NA,GPS-Unspecified,NA,NA,NA,NA,NA,NA,NA,NA,NA,NA,NA,NA,STORET,2023-03-28T11:32:04
Sample-Routine,Water,WATER,Surface Water,Total,TOTAL,Enterococcus,ENTEROCOCCUS,NA,NA,NA,NA,ENTEROCOCCUS_TOTAL_NA_MPN/100ML,2022-07-06,12:30:00,AKDT,2022-07-06 20:30:00,4.1,MPN/100mL,4.1,MPN/100ML,Convert,Actual,Numeric,NA,Method Detection Level,1,MPN/100mL,1,MPN/100ML,Numeric,NA,NA,NA - Not Available,NA,NA,NA,NA,1,0.3048,Numeric,ft,m,NA,NA,NA - Not Available,NA,NA,NA,NA,NA - Not Available,NA,NA,NA,NA,NA,Standard Test Method for Enterococci in Water Using Enterolert,NA,D6503-99,ASTM,NA,WQSAR 001,AKDECWQ,Bacteria,Water sample collected from 1 ft depth. Bottles kept cool and delivered to lab within 6 hours (8 hour total hold time).,Water Bottle,NA,Final,NA,NA,NA,NA,NA,NA,NA,NA,NA,"Targeted - A targeted sample is where a ""sample"" of the subject matter, be that people, plants/animals etc is selected using certain criteria, i.e. pregnant mothers between the ages of 25-30. Targeted samples are usually used by businesses or companies carrying out surveys on a particular group of people.",Alaska Water Laboratories LLC,NA,STORET-971970817,AKDECWQ-BB Pathogens-Scandinavian-07/06/2022-Enterococci,AKDECWQ,Alaska Dept of Environmental Conservation - Water Quality,Dillingham Pathogen Monitoring,Monitoring of pathogens (Fecal Coliform and Enterococci) at Dillingham area beaches.,Dillingham Pathogen Monitoring,https://www.waterqualitydata.us/data/providers/STORET/organizations/AKDECWQ/projects/Dillingham%20Pathogen%20Monitoring/files,Y,Alaska Department of Environmental Conservation,US,02,070,Scandinavian Beach,SCANDINAVIAN BEACH,Estuary,ESTUARY,Beach approximately 500 FT East of the Dillingham Harbor entrance.,59.03743292,59.03743292,-158.4747797,-158.4747797,NAD83,19030303,AKDECWQ-Scandinavian,AKDECWQ-SCANDINAVIAN,NA,NA,NA,NA,NA,NA,NA,NA,NA,2022-07-06,12:30:00,AKDT,2022-07-06 20:30:00,"Alaska Water Laboratory, LLC;Northern Utility Services Alaska",NA,59.0922222222,-158.6047222222,NA,NA,NA,NA,NA,NA,2022-07-06,https://www.waterqualitydata.us/data/providers/STORET/organizations/AKDECWQ/activities/AKDECWQ-BB%20Pathogens-Scandinavian-07%2F06%2F2022-Enterococci/results/971970817/resdetectqntlmts,NA,8,8,NA,NA,NA,GPS-Unspecified,NA,NA,NA,NA,NA,NA,NA,NA,NA,NA,NA,NA,STORET,2023-03-28T11:32:04
Sample-Routine,Water,WATER,Surface Water,Total,TOTAL,Fecal Coliform,FECAL COLIFORM,NA,NA,NA,NA,FECAL COLIFORM_TOTAL_NA_CFU/100ML,2022-06-21,12:45:00,AKDT,2022-06-21 20:45:00,10,cfu/100mL,10,CFU/100ML,Convert,Actual,Numeric,NA,Method Detection Level,10,cfu/100mL,10,CFU/100ML,Numeric,NA,NA,NA - Not Available,NA,NA,NA,NA,1,0.3048,Numeric,ft,m,NA,NA,NA - Not Available,NA,NA,NA,NA,NA - Not Available,NA,NA,NA,NA,NA,9222 D ~ Membrane filtration test for fecal coliforms,https://www.nemi.gov/methods/method_summary/5587/,9222D,APHA,NA,WQSAR 001,AKDECWQ,Bacteria,Water sample collected from 1 ft depth. Bottles kept cool and delivered to lab within 6 hours (8 hour total hold time).,Water Bottle,NA,Final,NA,NA,NA,NA,NA,NA,NA,NA,NA,"Targeted - A targeted sample is where a ""sample"" of the subject matter, be that people, plants/animals etc is selected using certain criteria, i.e. pregnant mothers between the ages of 25-30. Targeted samples are usually used by businesses or companies carrying out surveys on a particular group of people.",Alaska Water Laboratories LLC,NA,STORET-971970818,AKDECWQ-BB Pathogens-Scandinavian-06/21/2022-Fecal Coliform,AKDECWQ,Alaska Dept of Environmental Conservation - Water Quality,Dillingham Pathogen Monitoring,Monitoring of pathogens (Fecal Coliform and Enterococci) at Dillingham area beaches.,Dillingham Pathogen Monitoring,https://www.waterqualitydata.us/data/providers/STORET/organizations/AKDECWQ/projects/Dillingham%20Pathogen%20Monitoring/files,Y,Alaska Department of Environmental Conservation,US,02,070,Scandinavian Beach,SCANDINAVIAN BEACH,Estuary,ESTUARY,Beach approximately 500 FT East of the Dillingham Harbor entrance.,59.03743292,59.03743292,-158.4747797,-158.4747797,NAD83,19030303,AKDECWQ-Scandinavian,AKDECWQ-SCANDINAVIAN,NA,NA,NA,NA,NA,NA,NA,NA,NA,2022-06-21,12:45:00,AKDT,2022-06-21 20:45:00,"Northern Utility Services Alaska;Alaska Water Laboratory, LLC",NA,59.095,-158.6044444444,NA,NA,NA,NA,NA,NA,2022-06-21,https://www.waterqualitydata.us/data/providers/STORET/organizations/AKDECWQ/activities/AKDECWQ-BB%20Pathogens-Scandinavian-06%2F21%2F2022-Fecal%20Coliform/results/971970818/resdetectqntlmts,NA,8,8,NA,NA,NA,GPS-Unspecified,NA,NA,NA,NA,NA,NA,NA,NA,NA,NA,NA,NA,STORET,2023-03-28T11:32:04
Sample-Routine,Water,WATER,Surface Water,Total,TOTAL,Enterococcus,ENTEROCOCCUS,NA,NA,NA,NA,ENTEROCOCCUS_TOTAL_NA_MPN/100ML,2022-06-21,12:45:00,AKDT,2022-06-21 20:45:00,32.3,MPN/100mL,32.3,MPN/100ML,Convert,Actual,Numeric,NA,Method Detection Level,1,MPN/100mL,1,MPN/100ML,Numeric,NA,NA,NA - Not Available,NA,NA,NA,NA,1,0.3048,Numeric,ft,m,NA,NA,NA - Not Available,NA,NA,NA,NA,NA - Not Available,NA,NA,NA,NA,NA,Standard Test Method for Enterococci in Water Using Enterolert,NA,D6503-99,ASTM,NA,WQSAR 001,AKDECWQ,Bacteria,Water sample collected from 1 ft depth. Bottles kept cool and delivered to lab within 6 hours (8 hour total hold time).,Water Bottle,NA,Final,NA,NA,NA,NA,NA,NA,NA,NA,NA,"Targeted - A targeted sample is where a ""sample"" of the subject matter, be that people, plants/animals etc is selected using certain criteria, i.e. pregnant mothers between the ages of 25-30. Targeted samples are usually used by businesses or companies carrying out surveys on a particular group of people.",Alaska Water Laboratories LLC,NA,STORET-971970819,AKDECWQ-BB Pathogens-Scandinavian-06/21/2022-Enterococci,AKDECWQ,Alaska Dept of Environmental Conservation - Water Quality,Dillingham Pathogen Monitoring,Monitoring of pathogens (Fecal Coliform and Enterococci) at Dillingham area beaches.,Dillingham Pathogen Monitoring,https://www.waterqualitydata.us/data/providers/STORET/organizations/AKDECWQ/projects/Dillingham%20Pathogen%20Monitoring/files,Y,Alaska Department of Environmental Conservation,US,02,070,Scandinavian Beach,SCANDINAVIAN BEACH,Estuary,ESTUARY,Beach approximately 500 FT East of the Dillingham Harbor entrance.,59.03743292,59.03743292,-158.4747797,-158.4747797,NAD83,19030303,AKDECWQ-Scandinavian,AKDECWQ-SCANDINAVIAN,NA,NA,NA,NA,NA,NA,NA,NA,NA,2022-06-21,12:45:00,AKDT,2022-06-21 20:45:00,"Alaska Water Laboratory, LLC;Northern Utility Services Alaska",NA,59.095,-158.6044444444,NA,NA,NA,NA,NA,NA,2022-06-21,https://www.waterqualitydata.us/data/providers/STORET/organizations/AKDECWQ/activities/AKDECWQ-BB%20Pathogens-Scandinavian-06%2F21%2F2022-Enterococci/results/971970819/resdetectqntlmts,NA,8,8,NA,NA,NA,GPS-Unspecified,NA,NA,NA,NA,NA,NA,NA,NA,NA,NA,NA,NA,STORET,2023-03-28T11:32:04
Sample-Routine,Water,WATER,Surface Water,Total,TOTAL,Fecal Coliform,FECAL COLIFORM,NA,NA,NA,NA,FECAL COLIFORM_TOTAL_NA_CFU/100ML,2022-07-12,12:25:00,AKDT,2022-07-12 20:25:00,59.41,cfu/100mL,59.41,CFU/100ML,Convert,Actual,Numeric,NA,Method Detection Level,9.9,cfu/100mL,9.9,CFU/100ML,Numeric,NA,NA,NA - Not Available,NA,NA,NA,NA,1,0.3048,Numeric,ft,m,NA,NA,NA - Not Available,NA,NA,NA,NA,NA - Not Available,NA,NA,NA,NA,NA,9222 D ~ Membrane filtration test for fecal coliforms,https://www.nemi.gov/methods/method_summary/5587/,9222D,APHA,NA,WQSAR 001,AKDECWQ,Bacteria,Water sample collected from 1 ft depth. Bottles kept cool and delivered to lab within 6 hours (8 hour total hold time).,Water Bottle,NA,Final,RPD  > 60% for routine and duplicate sample.,NA,NA,NA,NA,NA,NA,NA,NA,"Targeted - A targeted sample is where a ""sample"" of the subject matter, be that people, plants/animals etc is selected using certain criteria, i.e. pregnant mothers between the ages of 25-30. Targeted samples are usually used by businesses or companies carrying out surveys on a particular group of people.",Alaska Water Laboratories LLC,NA,STORET-971970820,AKDECWQ-BB Pathogens-Scandinavian-07/12/2022-Fecal Coliform,AKDECWQ,Alaska Dept of Environmental Conservation - Water Quality,Dillingham Pathogen Monitoring,Monitoring of pathogens (Fecal Coliform and Enterococci) at Dillingham area beaches.,Dillingham Pathogen Monitoring,https://www.waterqualitydata.us/data/providers/STORET/organizations/AKDECWQ/projects/Dillingham%20Pathogen%20Monitoring/files,Y,Alaska Department of Environmental Conservation,US,02,070,Scandinavian Beach,SCANDINAVIAN BEACH,Estuary,ESTUARY,Beach approximately 500 FT East of the Dillingham Harbor entrance.,59.03743292,59.03743292,-158.4747797,-158.4747797,NAD83,19030303,AKDECWQ-Scandinavian,AKDECWQ-SCANDINAVIAN,NA,NA,NA,NA,NA,NA,NA,NA,NA,2022-07-12,12:25:00,AKDT,2022-07-12 20:25:00,"Alaska Water Laboratory, LLC;Northern Utility Services Alaska",NA,59.0958333333,-158.6061111111,NA,NA,NA,NA,NA,NA,2022-07-12,https://www.waterqualitydata.us/data/providers/STORET/organizations/AKDECWQ/activities/AKDECWQ-BB%20Pathogens-Scandinavian-07%2F12%2F2022-Fecal%20Coliform/results/971970820/resdetectqntlmts,NA,8,8,NA,NA,NA,GPS-Unspecified,NA,NA,NA,NA,NA,NA,NA,NA,NA,NA,NA,NA,STORET,2023-03-28T11:32:05
Sample-Routine,Water,WATER,Surface Water,Total,TOTAL,Enterococcus,ENTEROCOCCUS,NA,NA,NA,NA,ENTEROCOCCUS_TOTAL_NA_MPN/100ML,2022-07-12,12:25:00,AKDT,2022-07-12 20:25:00,2,MPN/100mL,2,MPN/100ML,Convert,Actual,Numeric,NA,Method Detection Level,1,MPN/100mL,1,MPN/100ML,Numeric,NA,NA,NA - Not Available,NA,NA,NA,NA,1,0.3048,Numeric,ft,m,NA,NA,NA - Not Available,NA,NA,NA,NA,NA - Not Available,NA,NA,NA,NA,NA,Standard Test Method for Enterococci in Water Using Enterolert,NA,D6503-99,ASTM,NA,WQSAR 001,AKDECWQ,Bacteria,Water sample collected from 1 ft depth. Bottles kept cool and delivered to lab within 6 hours (8 hour total hold time).,Water Bottle,NA,Final,NA,NA,NA,NA,NA,NA,NA,NA,NA,"Targeted - A targeted sample is where a ""sample"" of the subject matter, be that people, plants/animals etc is selected using certain criteria, i.e. pregnant mothers between the ages of 25-30. Targeted samples are usually used by businesses or companies carrying out surveys on a particular group of people.",Alaska Water Laboratories LLC,NA,STORET-971970821,AKDECWQ-BB Pathogens-Scandinavian-07/12/2022-Enterococci,AKDECWQ,Alaska Dept of Environmental Conservation - Water Quality,Dillingham Pathogen Monitoring,Monitoring of pathogens (Fecal Coliform and Enterococci) at Dillingham area beaches.,Dillingham Pathogen Monitoring,https://www.waterqualitydata.us/data/providers/STORET/organizations/AKDECWQ/projects/Dillingham%20Pathogen%20Monitoring/files,Y,Alaska Department of Environmental Conservation,US,02,070,Scandinavian Beach,SCANDINAVIAN BEACH,Estuary,ESTUARY,Beach approximately 500 FT East of the Dillingham Harbor entrance.,59.03743292,59.03743292,-158.4747797,-158.4747797,NAD83,19030303,AKDECWQ-Scandinavian,AKDECWQ-SCANDINAVIAN,NA,NA,NA,NA,NA,NA,NA,NA,NA,2022-07-12,12:25:00,AKDT,2022-07-12 20:25:00,"Alaska Water Laboratory, LLC;Northern Utility Services Alaska",NA,59.0958333333,-158.6061111111,NA,NA,NA,NA,NA,NA,2022-07-12,https://www.waterqualitydata.us/data/providers/STORET/organizations/AKDECWQ/activities/AKDECWQ-BB%20Pathogens-Scandinavian-07%2F12%2F2022-Enterococci/results/971970821/resdetectqntlmts,NA,8,8,NA,NA,NA,GPS-Unspecified,NA,NA,NA,NA,NA,NA,NA,NA,NA,NA,NA,NA,STORET,2023-03-28T11:32:05
Quality Control Sample-Field Replicate,Water,WATER,Surface Water,Total,TOTAL,Fecal Coliform,FECAL COLIFORM,NA,NA,NA,NA,FECAL COLIFORM_TOTAL_NA_CFU/100ML,2022-07-12,12:25:00,AKDT,2022-07-12 20:25:00,118.81,cfu/100mL,118.81,CFU/100ML,Convert,Actual,Numeric,NA,Method Detection Level,9.9,cfu/100mL,9.9,CFU/100ML,Numeric,NA,NA,NA - Not Available,NA,NA,NA,NA,1,0.3048,Numeric,ft,m,NA,NA,NA - Not Available,NA,NA,NA,NA,NA - Not Available,NA,NA,NA,NA,NA,9222 D ~ Membrane filtration test for fecal coliforms,https://www.nemi.gov/methods/method_summary/5587/,9222D,APHA,NA,WQSAR 001,AKDECWQ,Bacteria,Water sample collected from 1 ft depth. Bottles kept cool and delivered to lab within 6 hours (8 hour total hold time).,Water Bottle,NA,Final,RPD  > 60% for routine and duplicate sample.,NA,NA,NA,NA,NA,NA,NA,NA,"Targeted - A targeted sample is where a ""sample"" of the subject matter, be that people, plants/animals etc is selected using certain criteria, i.e. pregnant mothers between the ages of 25-30. Targeted samples are usually used by businesses or companies carrying out surveys on a particular group of people.",Alaska Water Laboratories LLC,NA,STORET-971970822,AKDECWQ-BB Pathogens-Scandinavian-07/12/2022-Fecal Coliform-DUP,AKDECWQ,Alaska Dept of Environmental Conservation - Water Quality,Dillingham Pathogen Monitoring,Monitoring of pathogens (Fecal Coliform and Enterococci) at Dillingham area beaches.,Dillingham Pathogen Monitoring,https://www.waterqualitydata.us/data/providers/STORET/organizations/AKDECWQ/projects/Dillingham%20Pathogen%20Monitoring/files,Y,Alaska Department of Environmental Conservation,US,02,070,Scandinavian Beach,SCANDINAVIAN BEACH,Estuary,ESTUARY,Beach approximately 500 FT East of the Dillingham Harbor entrance.,59.03743292,59.03743292,-158.4747797,-158.4747797,NAD83,19030303,AKDECWQ-Scandinavian,AKDECWQ-SCANDINAVIAN,NA,NA,NA,NA,NA,NA,NA,NA,NA,2022-07-12,12:25:00,AKDT,2022-07-12 20:25:00,"Alaska Water Laboratory, LLC;Northern Utility Services Alaska",NA,59.0958333333,-158.6061111111,NA,NA,NA,NA,NA,NA,2022-07-12,https://www.waterqualitydata.us/data/providers/STORET/organizations/AKDECWQ/activities/AKDECWQ-BB%20Pathogens-Scandinavian-07%2F12%2F2022-Fecal%20Coliform-DUP/results/971970822/resdetectqntlmts,NA,8,8,NA,NA,NA,GPS-Unspecified,NA,NA,NA,NA,NA,NA,NA,NA,NA,NA,NA,NA,STORET,2023-03-28T11:32:05
Quality Control Sample-Field Replicate,Water,WATER,Surface Water,Total,TOTAL,Enterococcus,ENTEROCOCCUS,NA,NA,NA,NA,ENTEROCOCCUS_TOTAL_NA_MPN/100ML,2022-07-12,12:25:00,AKDT,2022-07-12 20:25:00,3.1,MPN/100mL,3.1,MPN/100ML,Convert,Actual,Numeric,NA,Method Detection Level,1,MPN/100mL,1,MPN/100ML,Numeric,NA,NA,NA - Not Available,NA,NA,NA,NA,1,0.3048,Numeric,ft,m,NA,NA,NA - Not Available,NA,NA,NA,NA,NA - Not Available,NA,NA,NA,NA,NA,Standard Test Method for Enterococci in Water Using Enterolert,NA,D6503-99,ASTM,NA,WQSAR 001,AKDECWQ,Bacteria,Water sample collected from 1 ft depth. Bottles kept cool and delivered to lab within 6 hours (8 hour total hold time).,Water Bottle,NA,Final,NA,NA,NA,NA,NA,NA,NA,NA,NA,"Targeted - A targeted sample is where a ""sample"" of the subject matter, be that people, plants/animals etc is selected using certain criteria, i.e. pregnant mothers between the ages of 25-30. Targeted samples are usually used by businesses or companies carrying out surveys on a particular group of people.",Alaska Water Laboratories LLC,NA,STORET-971970823,AKDECWQ-BB Pathogens-Scandinavian-07/12/2022-Enterococci-DUP,AKDECWQ,Alaska Dept of Environmental Conservation - Water Quality,Dillingham Pathogen Monitoring,Monitoring of pathogens (Fecal Coliform and Enterococci) at Dillingham area beaches.,Dillingham Pathogen Monitoring,https://www.waterqualitydata.us/data/providers/STORET/organizations/AKDECWQ/projects/Dillingham%20Pathogen%20Monitoring/files,Y,Alaska Department of Environmental Conservation,US,02,070,Scandinavian Beach,SCANDINAVIAN BEACH,Estuary,ESTUARY,Beach approximately 500 FT East of the Dillingham Harbor entrance.,59.03743292,59.03743292,-158.4747797,-158.4747797,NAD83,19030303,AKDECWQ-Scandinavian,AKDECWQ-SCANDINAVIAN,NA,NA,NA,NA,NA,NA,NA,NA,NA,2022-07-12,12:25:00,AKDT,2022-07-12 20:25:00,"Northern Utility Services Alaska;Alaska Water Laboratory, LLC",NA,59.0958333333,-158.6061111111,NA,NA,NA,NA,NA,NA,2022-07-12,https://www.waterqualitydata.us/data/providers/STORET/organizations/AKDECWQ/activities/AKDECWQ-BB%20Pathogens-Scandinavian-07%2F12%2F2022-Enterococci-DUP/results/971970823/resdetectqntlmts,NA,8,8,NA,NA,NA,GPS-Unspecified,NA,NA,NA,NA,NA,NA,NA,NA,NA,NA,NA,NA,STORET,2023-03-28T11:32:05
Quality Control Sample-Field Blank,Water,WATER,Surface Water,Total,TOTAL,Fecal Coliform,FECAL COLIFORM,NA,NA,NA,NA,FECAL COLIFORM_TOTAL_NA_CFU/100ML,2022-07-12,12:25:00,AKDT,2022-07-12 20:25:00,NA,cfu/100mL,NA,CFU/100ML,No Result Value,Actual,NA - Not Available,Not Detected at Detection Limit,Method Detection Level,1,cfu/100mL,1,CFU/100ML,Numeric,NA,NA,NA - Not Available,NA,NA,NA,NA,1,0.3048,Numeric,ft,m,NA,NA,NA - Not Available,NA,NA,NA,NA,NA - Not Available,NA,NA,NA,NA,NA,9222 D ~ Membrane filtration test for fecal coliforms,https://www.nemi.gov/methods/method_summary/5587/,9222D,APHA,NA,WQSAR 001,AKDECWQ,Bacteria,Water sample collected from 1 ft depth. Bottles kept cool and delivered to lab within 6 hours (8 hour total hold time).,Water Bottle,U,Final,NA,NA,NA,NA,NA,NA,NA,NA,NA,"Targeted - A targeted sample is where a ""sample"" of the subject matter, be that people, plants/animals etc is selected using certain criteria, i.e. pregnant mothers between the ages of 25-30. Targeted samples are usually used by businesses or companies carrying out surveys on a particular group of people.",Alaska Water Laboratories LLC,NA,STORET-971970824,AKDECWQ-BB Pathogens-Scandinavian-07/12/2022-F Coliform-Blank,AKDECWQ,Alaska Dept of Environmental Conservation - Water Quality,Dillingham Pathogen Monitoring,Monitoring of pathogens (Fecal Coliform and Enterococci) at Dillingham area beaches.,Dillingham Pathogen Monitoring,https://www.waterqualitydata.us/data/providers/STORET/organizations/AKDECWQ/projects/Dillingham%20Pathogen%20Monitoring/files,Y,Alaska Department of Environmental Conservation,US,02,070,Scandinavian Beach,SCANDINAVIAN BEACH,Estuary,ESTUARY,Beach approximately 500 FT East of the Dillingham Harbor entrance.,59.03743292,59.03743292,-158.4747797,-158.4747797,NAD83,19030303,AKDECWQ-Scandinavian,AKDECWQ-SCANDINAVIAN,NA,NA,NA,NA,NA,NA,NA,NA,NA,2022-07-12,12:25:00,AKDT,2022-07-12 20:25:00,"Alaska Water Laboratory, LLC;Northern Utility Services Alaska",NA,59.0958333333,-158.6061111111,NA,NA,NA,NA,NA,NA,2022-07-12,https://www.waterqualitydata.us/data/providers/STORET/organizations/AKDECWQ/activities/AKDECWQ-BB%20Pathogens-Scandinavian-07%2F12%2F2022-F%20Coliform-Blank/results/971970824/resdetectqntlmts,NA,8,8,NA,NA,NA,GPS-Unspecified,NA,NA,NA,NA,NA,NA,NA,NA,NA,NA,NA,NA,STORET,2023-03-28T11:32:05
Quality Control Sample-Field Blank,Water,WATER,Surface Water,Total,TOTAL,Enterococcus,ENTEROCOCCUS,NA,NA,NA,NA,ENTEROCOCCUS_TOTAL_NA_MPN/100ML,2022-07-12,12:25:00,AKDT,2022-07-12 20:25:00,NA,MPN/100mL,NA,MPN/100ML,No Result Value,Actual,NA - Not Available,Not Detected at Detection Limit,Method Detection Level,1,MPN/100mL,1,MPN/100ML,Numeric,NA,NA,NA - Not Available,NA,NA,NA,NA,1,0.3048,Numeric,ft,m,NA,NA,NA - Not Available,NA,NA,NA,NA,NA - Not Available,NA,NA,NA,NA,NA,Standard Test Method for Enterococci in Water Using Enterolert,NA,D6503-99,ASTM,NA,WQSAR 001,AKDECWQ,Bacteria,Water sample collected from 1 ft depth. Bottles kept cool and delivered to lab within 6 hours (8 hour total hold time).,Water Bottle,U,Final,NA,NA,NA,NA,NA,NA,NA,NA,NA,"Targeted - A targeted sample is where a ""sample"" of the subject matter, be that people, plants/animals etc is selected using certain criteria, i.e. pregnant mothers between the ages of 25-30. Targeted samples are usually used by businesses or companies carrying out surveys on a particular group of people.",Alaska Water Laboratories LLC,NA,STORET-971970825,AKDECWQ-BB Pathogens-Scandinavian-07/12/2022-Enterococci-Blank,AKDECWQ,Alaska Dept of Environmental Conservation - Water Quality,Dillingham Pathogen Monitoring,Monitoring of pathogens (Fecal Coliform and Enterococci) at Dillingham area beaches.,Dillingham Pathogen Monitoring,https://www.waterqualitydata.us/data/providers/STORET/organizations/AKDECWQ/projects/Dillingham%20Pathogen%20Monitoring/files,Y,Alaska Department of Environmental Conservation,US,02,070,Scandinavian Beach,SCANDINAVIAN BEACH,Estuary,ESTUARY,Beach approximately 500 FT East of the Dillingham Harbor entrance.,59.03743292,59.03743292,-158.4747797,-158.4747797,NAD83,19030303,AKDECWQ-Scandinavian,AKDECWQ-SCANDINAVIAN,NA,NA,NA,NA,NA,NA,NA,NA,NA,2022-07-12,12:25:00,AKDT,2022-07-12 20:25:00,"Alaska Water Laboratory, LLC;Northern Utility Services Alaska",NA,59.0958333333,-158.6061111111,NA,NA,NA,NA,NA,NA,2022-07-12,https://www.waterqualitydata.us/data/providers/STORET/organizations/AKDECWQ/activities/AKDECWQ-BB%20Pathogens-Scandinavian-07%2F12%2F2022-Enterococci-Blank/results/971970825/resdetectqntlmts,NA,8,8,NA,NA,NA,GPS-Unspecified,NA,NA,NA,NA,NA,NA,NA,NA,NA,NA,NA,NA,STORET,2023-03-28T11:32:05
Sample-Routine,Water,WATER,Surface Water,Total,TOTAL,Fecal Coliform,FECAL COLIFORM,NA,NA,NA,NA,FECAL COLIFORM_TOTAL_NA_CFU/100ML,2022-08-09,12:30:00,AKDT,2022-08-09 20:30:00,40,cfu/100mL,40,CFU/100ML,Convert,Actual,Numeric,NA,Method Detection Level,10,cfu/100mL,10,CFU/100ML,Numeric,NA,NA,NA - Not Available,NA,NA,NA,NA,1,0.3048,Numeric,ft,m,NA,NA,NA - Not Available,NA,NA,NA,NA,NA - Not Available,NA,NA,NA,NA,NA,9222 D ~ Membrane filtration test for fecal coliforms,https://www.nemi.gov/methods/method_summary/5587/,9222D,APHA,NA,WQSAR 001,AKDECWQ,Bacteria,Water sample collected from 1 ft depth. Bottles kept cool and delivered to lab within 6 hours (8 hour total hold time).,Water Bottle,NA,Final,NA,NA,NA,NA,NA,NA,NA,NA,NA,"Targeted - A targeted sample is where a ""sample"" of the subject matter, be that people, plants/animals etc is selected using certain criteria, i.e. pregnant mothers between the ages of 25-30. Targeted samples are usually used by businesses or companies carrying out surveys on a particular group of people.",Alaska Water Laboratories LLC,NA,STORET-971970826,AKDECWQ-BB Pathogens-Scandinavian-08/09/2022-Fecal Coliform,AKDECWQ,Alaska Dept of Environmental Conservation - Water Quality,Dillingham Pathogen Monitoring,Monitoring of pathogens (Fecal Coliform and Enterococci) at Dillingham area beaches.,Dillingham Pathogen Monitoring,https://www.waterqualitydata.us/data/providers/STORET/organizations/AKDECWQ/projects/Dillingham%20Pathogen%20Monitoring/files,Y,Alaska Department of Environmental Conservation,US,02,070,Scandinavian Beach,SCANDINAVIAN BEACH,Estuary,ESTUARY,Beach approximately 500 FT East of the Dillingham Harbor entrance.,59.03743292,59.03743292,-158.4747797,-158.4747797,NAD83,19030303,AKDECWQ-Scandinavian,AKDECWQ-SCANDINAVIAN,NA,NA,NA,NA,NA,NA,NA,NA,NA,2022-08-09,12:30:00,AKDT,2022-08-09 20:30:00,"Alaska Water Laboratory, LLC;Northern Utility Services Alaska",NA,59.0975,-158.6038888889,NA,NA,NA,NA,NA,NA,2022-08-09,https://www.waterqualitydata.us/data/providers/STORET/organizations/AKDECWQ/activities/AKDECWQ-BB%20Pathogens-Scandinavian-08%2F09%2F2022-Fecal%20Coliform/results/971970826/resdetectqntlmts,NA,8,8,NA,NA,NA,GPS-Unspecified,NA,NA,NA,NA,NA,NA,NA,NA,NA,NA,NA,NA,STORET,2023-03-28T11:32:06
Sample-Routine,Water,WATER,Surface Water,Total,TOTAL,Enterococcus,ENTEROCOCCUS,NA,NA,NA,NA,ENTEROCOCCUS_TOTAL_NA_MPN/100ML,2022-08-09,12:30:00,AKDT,2022-08-09 20:30:00,2,MPN/100mL,2,MPN/100ML,Convert,Actual,Numeric,NA,Method Detection Level,1,MPN/100mL,1,MPN/100ML,Numeric,NA,NA,NA - Not Available,NA,NA,NA,NA,1,0.3048,Numeric,ft,m,NA,NA,NA - Not Available,NA,NA,NA,NA,NA - Not Available,NA,NA,NA,NA,NA,Standard Test Method for Enterococci in Water Using Enterolert,NA,D6503-99,ASTM,NA,WQSAR 001,AKDECWQ,Bacteria,Water sample collected from 1 ft depth. Bottles kept cool and delivered to lab within 6 hours (8 hour total hold time).,Water Bottle,NA,Final,NA,NA,NA,NA,NA,NA,NA,NA,NA,"Targeted - A targeted sample is where a ""sample"" of the subject matter, be that people, plants/animals etc is selected using certain criteria, i.e. pregnant mothers between the ages of 25-30. Targeted samples are usually used by businesses or companies carrying out surveys on a particular group of people.",Alaska Water Laboratories LLC,NA,STORET-971970827,AKDECWQ-BB Pathogens-Scandinavian-08/09/2022-Enterococci,AKDECWQ,Alaska Dept of Environmental Conservation - Water Quality,Dillingham Pathogen Monitoring,Monitoring of pathogens (Fecal Coliform and Enterococci) at Dillingham area beaches.,Dillingham Pathogen Monitoring,https://www.waterqualitydata.us/data/providers/STORET/organizations/AKDECWQ/projects/Dillingham%20Pathogen%20Monitoring/files,Y,Alaska Department of Environmental Conservation,US,02,070,Scandinavian Beach,SCANDINAVIAN BEACH,Estuary,ESTUARY,Beach approximately 500 FT East of the Dillingham Harbor entrance.,59.03743292,59.03743292,-158.4747797,-158.4747797,NAD83,19030303,AKDECWQ-Scandinavian,AKDECWQ-SCANDINAVIAN,NA,NA,NA,NA,NA,NA,NA,NA,NA,2022-08-09,12:30:00,AKDT,2022-08-09 20:30:00,"Alaska Water Laboratory, LLC;Northern Utility Services Alaska",NA,59.0975,-158.6038888889,NA,NA,NA,NA,NA,NA,2022-08-09,https://www.waterqualitydata.us/data/providers/STORET/organizations/AKDECWQ/activities/AKDECWQ-BB%20Pathogens-Scandinavian-08%2F09%2F2022-Enterococci/results/971970827/resdetectqntlmts,NA,8,8,NA,NA,NA,GPS-Unspecified,NA,NA,NA,NA,NA,NA,NA,NA,NA,NA,NA,NA,STORET,2023-03-28T11:32:06
Sample-Routine,Water,WATER,Surface Water,Total,TOTAL,Fecal Coliform,FECAL COLIFORM,NA,NA,NA,NA,FECAL COLIFORM_TOTAL_NA_CFU/100ML,2022-05-25,13:25:00,AKDT,2022-05-25 21:25:00,181.82,cfu/100mL,181.82,CFU/100ML,Convert,Actual,Numeric,NA,Method Detection Level,9.09,cfu/100mL,9.09,CFU/100ML,Numeric,NA,NA,NA - Not Available,NA,NA,NA,NA,1,0.3048,Numeric,ft,m,NA,NA,NA - Not Available,NA,NA,NA,NA,NA - Not Available,NA,NA,NA,NA,NA,9222 D ~ Membrane filtration test for fecal coliforms,https://www.nemi.gov/methods/method_summary/5587/,9222D,APHA,NA,WQSAR 001,AKDECWQ,Bacteria,Water sample collected from 1 ft depth. Bottles kept cool and delivered to lab within 6 hours (8 hour total hold time).,Water Bottle,NA,Final,NA,NA,NA,NA,NA,NA,NA,NA,NA,"Targeted - A targeted sample is where a ""sample"" of the subject matter, be that people, plants/animals etc is selected using certain criteria, i.e. pregnant mothers between the ages of 25-30. Targeted samples are usually used by businesses or companies carrying out surveys on a particular group of people.",Alaska Water Laboratories LLC,NA,STORET-971970828,AKDECWQ-BB Pathogens-Scandinavian-05/25/2022-Fecal Coliform,AKDECWQ,Alaska Dept of Environmental Conservation - Water Quality,Dillingham Pathogen Monitoring,Monitoring of pathogens (Fecal Coliform and Enterococci) at Dillingham area beaches.,Dillingham Pathogen Monitoring,https://www.waterqualitydata.us/data/providers/STORET/organizations/AKDECWQ/projects/Dillingham%20Pathogen%20Monitoring/files,Y,Alaska Department of Environmental Conservation,US,02,070,Scandinavian Beach,SCANDINAVIAN BEACH,Estuary,ESTUARY,Beach approximately 500 FT East of the Dillingham Harbor entrance.,59.03743292,59.03743292,-158.4747797,-158.4747797,NAD83,19030303,AKDECWQ-Scandinavian,AKDECWQ-SCANDINAVIAN,NA,NA,NA,NA,NA,NA,NA,NA,NA,2022-05-25,13:25:00,AKDT,2022-05-25 21:25:00,"Alaska Water Laboratory, LLC;Northern Utility Services Alaska",NA,59.1019444444,-158.6036111111,NA,NA,NA,NA,NA,NA,2022-05-25,https://www.waterqualitydata.us/data/providers/STORET/organizations/AKDECWQ/activities/AKDECWQ-BB%20Pathogens-Scandinavian-05%2F25%2F2022-Fecal%20Coliform/results/971970828/resdetectqntlmts,NA,8,8,NA,NA,NA,GPS-Unspecified,NA,NA,NA,NA,NA,NA,NA,NA,NA,NA,NA,NA,STORET,2023-03-28T11:32:06
Sample-Routine,Water,WATER,Surface Water,Total,TOTAL,Enterococcus,ENTEROCOCCUS,NA,NA,NA,NA,ENTEROCOCCUS_TOTAL_NA_MPN/100ML,2022-05-25,13:25:00,AKDT,2022-05-25 21:25:00,1,MPN/100mL,1,MPN/100ML,Convert,Actual,Numeric,NA,Method Detection Level,1,MPN/100mL,1,MPN/100ML,Numeric,NA,NA,NA - Not Available,NA,NA,NA,NA,1,0.3048,Numeric,ft,m,NA,NA,NA - Not Available,NA,NA,NA,NA,NA - Not Available,NA,NA,NA,NA,NA,Standard Test Method for Enterococci in Water Using Enterolert,NA,D6503-99,ASTM,NA,WQSAR 001,AKDECWQ,Bacteria,Water sample collected from 1 ft depth. Bottles kept cool and delivered to lab within 6 hours (8 hour total hold time).,Water Bottle,NA,Final,NA,NA,NA,NA,NA,NA,NA,NA,NA,"Targeted - A targeted sample is where a ""sample"" of the subject matter, be that people, plants/animals etc is selected using certain criteria, i.e. pregnant mothers between the ages of 25-30. Targeted samples are usually used by businesses or companies carrying out surveys on a particular group of people.",Alaska Water Laboratories LLC,NA,STORET-971970829,AKDECWQ-BB Pathogens-Scandinavian-05/25/2022-Enterococci,AKDECWQ,Alaska Dept of Environmental Conservation - Water Quality,Dillingham Pathogen Monitoring,Monitoring of pathogens (Fecal Coliform and Enterococci) at Dillingham area beaches.,Dillingham Pathogen Monitoring,https://www.waterqualitydata.us/data/providers/STORET/organizations/AKDECWQ/projects/Dillingham%20Pathogen%20Monitoring/files,Y,Alaska Department of Environmental Conservation,US,02,070,Scandinavian Beach,SCANDINAVIAN BEACH,Estuary,ESTUARY,Beach approximately 500 FT East of the Dillingham Harbor entrance.,59.03743292,59.03743292,-158.4747797,-158.4747797,NAD83,19030303,AKDECWQ-Scandinavian,AKDECWQ-SCANDINAVIAN,NA,NA,NA,NA,NA,NA,NA,NA,NA,2022-05-25,13:25:00,AKDT,2022-05-25 21:25:00,"Northern Utility Services Alaska;Alaska Water Laboratory, LLC",NA,59.1019444444,-158.6036111111,NA,NA,NA,NA,NA,NA,2022-05-25,https://www.waterqualitydata.us/data/providers/STORET/organizations/AKDECWQ/activities/AKDECWQ-BB%20Pathogens-Scandinavian-05%2F25%2F2022-Enterococci/results/971970829/resdetectqntlmts,NA,8,8,NA,NA,NA,GPS-Unspecified,NA,NA,NA,NA,NA,NA,NA,NA,NA,NA,NA,NA,STORET,2023-03-28T11:32:06
Sample-Routine,Water,WATER,Surface Water,Total,TOTAL,Fecal Coliform,FECAL COLIFORM,NA,NA,NA,NA,FECAL COLIFORM_TOTAL_NA_CFU/100ML,2022-06-29,12:05:00,AKDT,2022-06-29 20:05:00,109.09,cfu/100mL,109.09,CFU/100ML,Convert,Actual,Numeric,NA,Method Detection Level,9.09,cfu/100mL,9.09,CFU/100ML,Numeric,NA,NA,NA - Not Available,NA,NA,NA,NA,1,0.3048,Numeric,ft,m,NA,NA,NA - Not Available,NA,NA,NA,NA,NA - Not Available,NA,NA,NA,NA,NA,9222 D ~ Membrane filtration test for fecal coliforms,https://www.nemi.gov/methods/method_summary/5587/,9222D,APHA,NA,WQSAR 001,AKDECWQ,Bacteria,Water sample collected from 1 ft depth. Bottles kept cool and delivered to lab within 6 hours (8 hour total hold time).,Water Bottle,NA,Final,NA,NA,NA,NA,NA,NA,NA,NA,NA,"Targeted - A targeted sample is where a ""sample"" of the subject matter, be that people, plants/animals etc is selected using certain criteria, i.e. pregnant mothers between the ages of 25-30. Targeted samples are usually used by businesses or companies carrying out surveys on a particular group of people.",Alaska Water Laboratories LLC,NA,STORET-971970830,AKDECWQ-BB Pathogens-Snag Point-06/29/2022-Fecal Coliform,AKDECWQ,Alaska Dept of Environmental Conservation - Water Quality,Dillingham Pathogen Monitoring,Monitoring of pathogens (Fecal Coliform and Enterococci) at Dillingham area beaches.,Dillingham Pathogen Monitoring,https://www.waterqualitydata.us/data/providers/STORET/organizations/AKDECWQ/projects/Dillingham%20Pathogen%20Monitoring/files,Y,Alaska Department of Environmental Conservation,US,02,070,Snag Point Beach,SNAG POINT BEACH,Estuary,ESTUARY,Beach approximately 300 ft East of the Dillingham dock.,59.03786152,59.03786152,-158.4606696,-158.4606696,NAD83,19030303,AKDECWQ-Snag Point,AKDECWQ-SNAG POINT,NA,NA,NA,NA,NA,NA,NA,NA,NA,2022-06-29,12:05:00,AKDT,2022-06-29 20:05:00,"Alaska Water Laboratory, LLC;Northern Utility Services Alaska",NA,59.1058333333,-158.6288888889,NA,NA,NA,NA,NA,NA,2022-06-29,https://www.waterqualitydata.us/data/providers/STORET/organizations/AKDECWQ/activities/AKDECWQ-BB%20Pathogens-Snag%20Point-06%2F29%2F2022-Fecal%20Coliform/results/971970830/resdetectqntlmts,NA,8,8,NA,NA,NA,GPS-Unspecified,NA,NA,NA,NA,NA,NA,NA,NA,NA,NA,NA,NA,STORET,2023-03-28T11:32:06
Sample-Routine,Water,WATER,Surface Water,Total,TOTAL,Enterococcus,ENTEROCOCCUS,NA,NA,NA,NA,ENTEROCOCCUS_TOTAL_NA_MPN/100ML,2022-06-29,12:05:00,AKDT,2022-06-29 20:05:00,9.8,MPN/100mL,9.8,MPN/100ML,Convert,Actual,Numeric,NA,Method Detection Level,1,MPN/100mL,1,MPN/100ML,Numeric,NA,NA,NA - Not Available,NA,NA,NA,NA,1,0.3048,Numeric,ft,m,NA,NA,NA - Not Available,NA,NA,NA,NA,NA - Not Available,NA,NA,NA,NA,NA,Standard Test Method for Enterococci in Water Using Enterolert,NA,D6503-99,ASTM,NA,WQSAR 001,AKDECWQ,Bacteria,Water sample collected from 1 ft depth. Bottles kept cool and delivered to lab within 6 hours (8 hour total hold time).,Water Bottle,NA,Final,NA,NA,NA,NA,NA,NA,NA,NA,NA,"Targeted - A targeted sample is where a ""sample"" of the subject matter, be that people, plants/animals etc is selected using certain criteria, i.e. pregnant mothers between the ages of 25-30. Targeted samples are usually used by businesses or companies carrying out surveys on a particular group of people.",Alaska Water Laboratories LLC,NA,STORET-971970831,AKDECWQ-BB Pathogens-Snag Point-06/29/2022-Enterococci,AKDECWQ,Alaska Dept of Environmental Conservation - Water Quality,Dillingham Pathogen Monitoring,Monitoring of pathogens (Fecal Coliform and Enterococci) at Dillingham area beaches.,Dillingham Pathogen Monitoring,https://www.waterqualitydata.us/data/providers/STORET/organizations/AKDECWQ/projects/Dillingham%20Pathogen%20Monitoring/files,Y,Alaska Department of Environmental Conservation,US,02,070,Snag Point Beach,SNAG POINT BEACH,Estuary,ESTUARY,Beach approximately 300 ft East of the Dillingham dock.,59.03786152,59.03786152,-158.4606696,-158.4606696,NAD83,19030303,AKDECWQ-Snag Point,AKDECWQ-SNAG POINT,NA,NA,NA,NA,NA,NA,NA,NA,NA,2022-06-29,12:05:00,AKDT,2022-06-29 20:05:00,"Northern Utility Services Alaska;Alaska Water Laboratory, LLC",NA,59.1058333333,-158.6288888889,NA,NA,NA,NA,NA,NA,2022-06-29,https://www.waterqualitydata.us/data/providers/STORET/organizations/AKDECWQ/activities/AKDECWQ-BB%20Pathogens-Snag%20Point-06%2F29%2F2022-Enterococci/results/971970831/resdetectqntlmts,NA,8,8,NA,NA,NA,GPS-Unspecified,NA,NA,NA,NA,NA,NA,NA,NA,NA,NA,NA,NA,STORET,2023-03-28T11:32:06
Sample-Routine,Water,WATER,Surface Water,Total,TOTAL,Fecal Coliform,FECAL COLIFORM,NA,NA,NA,NA,FECAL COLIFORM_TOTAL_NA_CFU/100ML,2022-06-28,12:00:00,AKDT,2022-06-28 20:00:00,40,cfu/100mL,40,CFU/100ML,Convert,Actual,Numeric,NA,Method Detection Level,10,cfu/100mL,10,CFU/100ML,Numeric,NA,NA,NA - Not Available,NA,NA,NA,NA,1,0.3048,Numeric,ft,m,NA,NA,NA - Not Available,NA,NA,NA,NA,NA - Not Available,NA,NA,NA,NA,NA,9222 D ~ Membrane filtration test for fecal coliforms,https://www.nemi.gov/methods/method_summary/5587/,9222D,APHA,NA,WQSAR 001,AKDECWQ,Bacteria,Water sample collected from 1 ft depth. Bottles kept cool and delivered to lab within 6 hours (8 hour total hold time).,Water Bottle,NA,Final,NA,NA,NA,NA,NA,NA,NA,NA,NA,"Targeted - A targeted sample is where a ""sample"" of the subject matter, be that people, plants/animals etc is selected using certain criteria, i.e. pregnant mothers between the ages of 25-30. Targeted samples are usually used by businesses or companies carrying out surveys on a particular group of people.",Alaska Water Laboratories LLC,NA,STORET-971970832,AKDECWQ-BB Pathogens-Snag Point-06/28/2022-Fecal Coliform,AKDECWQ,Alaska Dept of Environmental Conservation - Water Quality,Dillingham Pathogen Monitoring,Monitoring of pathogens (Fecal Coliform and Enterococci) at Dillingham area beaches.,Dillingham Pathogen Monitoring,https://www.waterqualitydata.us/data/providers/STORET/organizations/AKDECWQ/projects/Dillingham%20Pathogen%20Monitoring/files,Y,Alaska Department of Environmental Conservation,US,02,070,Snag Point Beach,SNAG POINT BEACH,Estuary,ESTUARY,Beach approximately 300 ft East of the Dillingham dock.,59.03786152,59.03786152,-158.4606696,-158.4606696,NAD83,19030303,AKDECWQ-Snag Point,AKDECWQ-SNAG POINT,NA,NA,NA,NA,NA,NA,NA,NA,NA,2022-06-28,12:00:00,AKDT,2022-06-28 20:00:00,"Northern Utility Services Alaska;Alaska Water Laboratory, LLC",NA,59.1061111111,-158.6294444444,NA,NA,NA,NA,NA,NA,2022-06-28,https://www.waterqualitydata.us/data/providers/STORET/organizations/AKDECWQ/activities/AKDECWQ-BB%20Pathogens-Snag%20Point-06%2F28%2F2022-Fecal%20Coliform/results/971970832/resdetectqntlmts,NA,8,8,NA,NA,NA,GPS-Unspecified,NA,NA,NA,NA,NA,NA,NA,NA,NA,NA,NA,NA,STORET,2023-03-28T11:32:07
Sample-Routine,Water,WATER,Surface Water,Total,TOTAL,Enterococcus,ENTEROCOCCUS,NA,NA,NA,NA,ENTEROCOCCUS_TOTAL_NA_MPN/100ML,2022-06-28,12:00:00,AKDT,2022-06-28 20:00:00,105.2,MPN/100mL,105.2,MPN/100ML,Convert,Actual,Numeric,NA,Method Detection Level,0.99,MPN/100mL,0.99,MPN/100ML,Numeric,NA,NA,NA - Not Available,NA,NA,NA,NA,1,0.3048,Numeric,ft,m,NA,NA,NA - Not Available,NA,NA,NA,NA,NA - Not Available,NA,NA,NA,NA,NA,Standard Test Method for Enterococci in Water Using Enterolert,NA,D6503-99,ASTM,NA,WQSAR 001,AKDECWQ,Bacteria,Water sample collected from 1 ft depth. Bottles kept cool and delivered to lab within 6 hours (8 hour total hold time).,Water Bottle,NA,Final,NA,NA,NA,NA,NA,NA,NA,NA,NA,"Targeted - A targeted sample is where a ""sample"" of the subject matter, be that people, plants/animals etc is selected using certain criteria, i.e. pregnant mothers between the ages of 25-30. Targeted samples are usually used by businesses or companies carrying out surveys on a particular group of people.",Alaska Water Laboratories LLC,NA,STORET-971970833,AKDECWQ-BB Pathogens-Snag Point-06/28/2022-Enterococci,AKDECWQ,Alaska Dept of Environmental Conservation - Water Quality,Dillingham Pathogen Monitoring,Monitoring of pathogens (Fecal Coliform and Enterococci) at Dillingham area beaches.,Dillingham Pathogen Monitoring,https://www.waterqualitydata.us/data/providers/STORET/organizations/AKDECWQ/projects/Dillingham%20Pathogen%20Monitoring/files,Y,Alaska Department of Environmental Conservation,US,02,070,Snag Point Beach,SNAG POINT BEACH,Estuary,ESTUARY,Beach approximately 300 ft East of the Dillingham dock.,59.03786152,59.03786152,-158.4606696,-158.4606696,NAD83,19030303,AKDECWQ-Snag Point,AKDECWQ-SNAG POINT,NA,NA,NA,NA,NA,NA,NA,NA,NA,2022-06-28,12:00:00,AKDT,2022-06-28 20:00:00,"Alaska Water Laboratory, LLC;Northern Utility Services Alaska",NA,59.1061111111,-158.6294444444,NA,NA,NA,NA,NA,NA,2022-06-28,https://www.waterqualitydata.us/data/providers/STORET/organizations/AKDECWQ/activities/AKDECWQ-BB%20Pathogens-Snag%20Point-06%2F28%2F2022-Enterococci/results/971970833/resdetectqntlmts,NA,8,8,NA,NA,NA,GPS-Unspecified,NA,NA,NA,NA,NA,NA,NA,NA,NA,NA,NA,NA,STORET,2023-03-28T11:32:07
Sample-Routine,Water,WATER,Surface Water,Total,TOTAL,Fecal Coliform,FECAL COLIFORM,NA,NA,NA,NA,FECAL COLIFORM_TOTAL_NA_CFU/100ML,2022-08-09,12:05:00,AKDT,2022-08-09 20:05:00,144.14,cfu/100mL,144.14,CFU/100ML,Convert,Actual,Numeric,NA,Method Detection Level,9.01,cfu/100mL,9.01,CFU/100ML,Numeric,NA,NA,NA - Not Available,NA,NA,NA,NA,1,0.3048,Numeric,ft,m,NA,NA,NA - Not Available,NA,NA,NA,NA,NA - Not Available,NA,NA,NA,NA,NA,9222 D ~ Membrane filtration test for fecal coliforms,https://www.nemi.gov/methods/method_summary/5587/,9222D,APHA,NA,WQSAR 001,AKDECWQ,Bacteria,Water sample collected from 1 ft depth. Bottles kept cool and delivered to lab within 6 hours (8 hour total hold time).,Water Bottle,NA,Final,NA,NA,NA,NA,NA,NA,NA,NA,NA,"Targeted - A targeted sample is where a ""sample"" of the subject matter, be that people, plants/animals etc is selected using certain criteria, i.e. pregnant mothers between the ages of 25-30. Targeted samples are usually used by businesses or companies carrying out surveys on a particular group of people.",Alaska Water Laboratories LLC,NA,STORET-971970834,AKDECWQ-BB Pathogens-Snag Point-08/09/2022-Fecal Coliform,AKDECWQ,Alaska Dept of Environmental Conservation - Water Quality,Dillingham Pathogen Monitoring,Monitoring of pathogens (Fecal Coliform and Enterococci) at Dillingham area beaches.,Dillingham Pathogen Monitoring,https://www.waterqualitydata.us/data/providers/STORET/organizations/AKDECWQ/projects/Dillingham%20Pathogen%20Monitoring/files,Y,Alaska Department of Environmental Conservation,US,02,070,Snag Point Beach,SNAG POINT BEACH,Estuary,ESTUARY,Beach approximately 300 ft East of the Dillingham dock.,59.03786152,59.03786152,-158.4606696,-158.4606696,NAD83,19030303,AKDECWQ-Snag Point,AKDECWQ-SNAG POINT,NA,NA,NA,NA,NA,NA,NA,NA,NA,2022-08-09,12:05:00,AKDT,2022-08-09 20:05:00,"Alaska Water Laboratory, LLC;Northern Utility Services Alaska",NA,59.1072222222,-160.2780555556,NA,NA,NA,NA,NA,NA,2022-08-09,https://www.waterqualitydata.us/data/providers/STORET/organizations/AKDECWQ/activities/AKDECWQ-BB%20Pathogens-Snag%20Point-08%2F09%2F2022-Fecal%20Coliform/results/971970834/resdetectqntlmts,NA,8,8,NA,NA,NA,GPS-Unspecified,NA,NA,NA,NA,NA,NA,NA,NA,NA,NA,NA,NA,STORET,2023-03-28T11:32:07
Sample-Routine,Water,WATER,Surface Water,Total,TOTAL,Enterococcus,ENTEROCOCCUS,NA,NA,NA,NA,ENTEROCOCCUS_TOTAL_NA_MPN/100ML,2022-08-09,12:05:00,AKDT,2022-08-09 20:05:00,1.5,MPN/100mL,1.5,MPN/100ML,Convert,Actual,Numeric,NA,Method Detection Level,1,MPN/100mL,1,MPN/100ML,Numeric,NA,NA,NA - Not Available,NA,NA,NA,NA,1,0.3048,Numeric,ft,m,NA,NA,NA - Not Available,NA,NA,NA,NA,NA - Not Available,NA,NA,NA,NA,NA,Standard Test Method for Enterococci in Water Using Enterolert,NA,D6503-99,ASTM,NA,WQSAR 001,AKDECWQ,Bacteria,Water sample collected from 1 ft depth. Bottles kept cool and delivered to lab within 6 hours (8 hour total hold time).,Water Bottle,NA,Final,NA,NA,NA,NA,NA,NA,NA,NA,NA,"Targeted - A targeted sample is where a ""sample"" of the subject matter, be that people, plants/animals etc is selected using certain criteria, i.e. pregnant mothers between the ages of 25-30. Targeted samples are usually used by businesses or companies carrying out surveys on a particular group of people.",Alaska Water Laboratories LLC,NA,STORET-971970835,AKDECWQ-BB Pathogens-Snag Point-08/09/2022-Enterococci,AKDECWQ,Alaska Dept of Environmental Conservation - Water Quality,Dillingham Pathogen Monitoring,Monitoring of pathogens (Fecal Coliform and Enterococci) at Dillingham area beaches.,Dillingham Pathogen Monitoring,https://www.waterqualitydata.us/data/providers/STORET/organizations/AKDECWQ/projects/Dillingham%20Pathogen%20Monitoring/files,Y,Alaska Department of Environmental Conservation,US,02,070,Snag Point Beach,SNAG POINT BEACH,Estuary,ESTUARY,Beach approximately 300 ft East of the Dillingham dock.,59.03786152,59.03786152,-158.4606696,-158.4606696,NAD83,19030303,AKDECWQ-Snag Point,AKDECWQ-SNAG POINT,NA,NA,NA,NA,NA,NA,NA,NA,NA,2022-08-09,12:05:00,AKDT,2022-08-09 20:05:00,"Alaska Water Laboratory, LLC;Northern Utility Services Alaska",NA,59.1072222222,-160.2780555556,NA,NA,NA,NA,NA,NA,2022-08-09,https://www.waterqualitydata.us/data/providers/STORET/organizations/AKDECWQ/activities/AKDECWQ-BB%20Pathogens-Snag%20Point-08%2F09%2F2022-Enterococci/results/971970835/resdetectqntlmts,NA,8,8,NA,NA,NA,GPS-Unspecified,NA,NA,NA,NA,NA,NA,NA,NA,NA,NA,NA,NA,STORET,2023-03-28T11:32:07
Sample-Routine,Water,WATER,Surface Water,Total,TOTAL,Fecal Coliform,FECAL COLIFORM,NA,NA,NA,NA,FECAL COLIFORM_TOTAL_NA_CFU/100ML,2022-06-21,12:25:00,AKDT,2022-06-21 20:25:00,45.45,cfu/100mL,45.45,CFU/100ML,Convert,Actual,Numeric,NA,Method Detection Level,9.09,cfu/100mL,9.09,CFU/100ML,Numeric,NA,NA,NA - Not Available,NA,NA,NA,NA,1,0.3048,Numeric,ft,m,NA,NA,NA - Not Available,NA,NA,NA,NA,NA - Not Available,NA,NA,NA,NA,NA,9222 D ~ Membrane filtration test for fecal coliforms,https://www.nemi.gov/methods/method_summary/5587/,9222D,APHA,NA,WQSAR 001,AKDECWQ,Bacteria,Water sample collected from 1 ft depth. Bottles kept cool and delivered to lab within 6 hours (8 hour total hold time).,Water Bottle,NA,Final,NA,NA,NA,NA,NA,NA,NA,NA,NA,"Targeted - A targeted sample is where a ""sample"" of the subject matter, be that people, plants/animals etc is selected using certain criteria, i.e. pregnant mothers between the ages of 25-30. Targeted samples are usually used by businesses or companies carrying out surveys on a particular group of people.",Alaska Water Laboratories LLC,NA,STORET-971970836,AKDECWQ-BB Pathogens-Snag Point-06/21/2022-Fecal Coliform,AKDECWQ,Alaska Dept of Environmental Conservation - Water Quality,Dillingham Pathogen Monitoring,Monitoring of pathogens (Fecal Coliform and Enterococci) at Dillingham area beaches.,Dillingham Pathogen Monitoring,https://www.waterqualitydata.us/data/providers/STORET/organizations/AKDECWQ/projects/Dillingham%20Pathogen%20Monitoring/files,Y,Alaska Department of Environmental Conservation,US,02,070,Snag Point Beach,SNAG POINT BEACH,Estuary,ESTUARY,Beach approximately 300 ft East of the Dillingham dock.,59.03786152,59.03786152,-158.4606696,-158.4606696,NAD83,19030303,AKDECWQ-Snag Point,AKDECWQ-SNAG POINT,NA,NA,NA,NA,NA,NA,NA,NA,NA,2022-06-21,12:25:00,AKDT,2022-06-21 20:25:00,"Alaska Water Laboratory, LLC;Northern Utility Services Alaska",NA,59.1088888889,-158.6327777778,NA,NA,NA,NA,NA,NA,2022-06-21,https://www.waterqualitydata.us/data/providers/STORET/organizations/AKDECWQ/activities/AKDECWQ-BB%20Pathogens-Snag%20Point-06%2F21%2F2022-Fecal%20Coliform/results/971970836/resdetectqntlmts,NA,8,8,NA,NA,NA,GPS-Unspecified,NA,NA,NA,NA,NA,NA,NA,NA,NA,NA,NA,NA,STORET,2023-03-28T11:32:07
Sample-Routine,Water,WATER,Surface Water,Total,TOTAL,Enterococcus,ENTEROCOCCUS,NA,NA,NA,NA,ENTEROCOCCUS_TOTAL_NA_MPN/100ML,2022-06-21,12:25:00,AKDT,2022-06-21 20:25:00,NA,MPN/100mL,NA,MPN/100ML,No Result Value,Actual,NA - Not Available,Not Detected at Detection Limit,Method Detection Level,10,MPN/100mL,10,MPN/100ML,Numeric,NA,NA,NA - Not Available,NA,NA,NA,NA,1,0.3048,Numeric,ft,m,NA,NA,NA - Not Available,NA,NA,NA,NA,NA - Not Available,NA,NA,NA,NA,NA,Standard Test Method for Enterococci in Water Using Enterolert,NA,D6503-99,ASTM,NA,WQSAR 001,AKDECWQ,Bacteria,Water sample collected from 1 ft depth. Bottles kept cool and delivered to lab within 6 hours (8 hour total hold time).,Water Bottle,U,Final,NA,NA,NA,NA,NA,NA,NA,NA,NA,"Targeted - A targeted sample is where a ""sample"" of the subject matter, be that people, plants/animals etc is selected using certain criteria, i.e. pregnant mothers between the ages of 25-30. Targeted samples are usually used by businesses or companies carrying out surveys on a particular group of people.",Alaska Water Laboratories LLC,NA,STORET-971970837,AKDECWQ-BB Pathogens-Snag Point-06/21/2022-Enterococci,AKDECWQ,Alaska Dept of Environmental Conservation - Water Quality,Dillingham Pathogen Monitoring,Monitoring of pathogens (Fecal Coliform and Enterococci) at Dillingham area beaches.,Dillingham Pathogen Monitoring,https://www.waterqualitydata.us/data/providers/STORET/organizations/AKDECWQ/projects/Dillingham%20Pathogen%20Monitoring/files,Y,Alaska Department of Environmental Conservation,US,02,070,Snag Point Beach,SNAG POINT BEACH,Estuary,ESTUARY,Beach approximately 300 ft East of the Dillingham dock.,59.03786152,59.03786152,-158.4606696,-158.4606696,NAD83,19030303,AKDECWQ-Snag Point,AKDECWQ-SNAG POINT,NA,NA,NA,NA,NA,NA,NA,NA,NA,2022-06-21,12:25:00,AKDT,2022-06-21 20:25:00,"Alaska Water Laboratory, LLC;Northern Utility Services Alaska",NA,59.1088888889,-158.6327777778,NA,NA,NA,NA,NA,NA,2022-06-21,https://www.waterqualitydata.us/data/providers/STORET/organizations/AKDECWQ/activities/AKDECWQ-BB%20Pathogens-Snag%20Point-06%2F21%2F2022-Enterococci/results/971970837/resdetectqntlmts,NA,8,8,NA,NA,NA,GPS-Unspecified,NA,NA,NA,NA,NA,NA,NA,NA,NA,NA,NA,NA,STORET,2023-03-28T11:32:08
Quality Control Sample-Field Replicate,Water,WATER,Surface Water,Total,TOTAL,Fecal Coliform,FECAL COLIFORM,NA,NA,NA,NA,FECAL COLIFORM_TOTAL_NA_CFU/100ML,2022-06-21,12:25:00,AKDT,2022-06-21 20:25:00,54.54,cfu/100mL,54.54,CFU/100ML,Convert,Actual,Numeric,NA,Method Detection Level,9.09,cfu/100mL,9.09,CFU/100ML,Numeric,NA,NA,NA - Not Available,NA,NA,NA,NA,1,0.3048,Numeric,ft,m,NA,NA,NA - Not Available,NA,NA,NA,NA,NA - Not Available,NA,NA,NA,NA,NA,9222 D ~ Membrane filtration test for fecal coliforms,https://www.nemi.gov/methods/method_summary/5587/,9222D,APHA,NA,WQSAR 001,AKDECWQ,Bacteria,Water sample collected from 1 ft depth. Bottles kept cool and delivered to lab within 6 hours (8 hour total hold time).,Water Bottle,NA,Final,NA,NA,NA,NA,NA,NA,NA,NA,NA,"Targeted - A targeted sample is where a ""sample"" of the subject matter, be that people, plants/animals etc is selected using certain criteria, i.e. pregnant mothers between the ages of 25-30. Targeted samples are usually used by businesses or companies carrying out surveys on a particular group of people.",Alaska Water Laboratories LLC,NA,STORET-971970838,AKDECWQ-BB Pathogens-Snag Point-06/21/2022-Fecal Coliform-DUP,AKDECWQ,Alaska Dept of Environmental Conservation - Water Quality,Dillingham Pathogen Monitoring,Monitoring of pathogens (Fecal Coliform and Enterococci) at Dillingham area beaches.,Dillingham Pathogen Monitoring,https://www.waterqualitydata.us/data/providers/STORET/organizations/AKDECWQ/projects/Dillingham%20Pathogen%20Monitoring/files,Y,Alaska Department of Environmental Conservation,US,02,070,Snag Point Beach,SNAG POINT BEACH,Estuary,ESTUARY,Beach approximately 300 ft East of the Dillingham dock.,59.03786152,59.03786152,-158.4606696,-158.4606696,NAD83,19030303,AKDECWQ-Snag Point,AKDECWQ-SNAG POINT,NA,NA,NA,NA,NA,NA,NA,NA,NA,2022-06-21,12:25:00,AKDT,2022-06-21 20:25:00,"Northern Utility Services Alaska;Alaska Water Laboratory, LLC",NA,59.1088888889,-158.6327777778,NA,NA,NA,NA,NA,NA,2022-06-21,https://www.waterqualitydata.us/data/providers/STORET/organizations/AKDECWQ/activities/AKDECWQ-BB%20Pathogens-Snag%20Point-06%2F21%2F2022-Fecal%20Coliform-DUP/results/971970838/resdetectqntlmts,NA,8,8,NA,NA,NA,GPS-Unspecified,NA,NA,NA,NA,NA,NA,NA,NA,NA,NA,NA,NA,STORET,2023-03-28T11:32:08
Quality Control Sample-Field Replicate,Water,WATER,Surface Water,Total,TOTAL,Enterococcus,ENTEROCOCCUS,NA,NA,NA,NA,ENTEROCOCCUS_TOTAL_NA_MPN/100ML,2022-06-21,12:25:00,AKDT,2022-06-21 20:25:00,3.1,MPN/100mL,3.1,MPN/100ML,Convert,Actual,Numeric,NA,Method Detection Level,1,MPN/100mL,1,MPN/100ML,Numeric,NA,NA,NA - Not Available,NA,NA,NA,NA,1,0.3048,Numeric,ft,m,NA,NA,NA - Not Available,NA,NA,NA,NA,NA - Not Available,NA,NA,NA,NA,NA,Standard Test Method for Enterococci in Water Using Enterolert,NA,D6503-99,ASTM,NA,WQSAR 001,AKDECWQ,Bacteria,Water sample collected from 1 ft depth. Bottles kept cool and delivered to lab within 6 hours (8 hour total hold time).,Water Bottle,NA,Final,NA,NA,NA,NA,NA,NA,NA,NA,NA,"Targeted - A targeted sample is where a ""sample"" of the subject matter, be that people, plants/animals etc is selected using certain criteria, i.e. pregnant mothers between the ages of 25-30. Targeted samples are usually used by businesses or companies carrying out surveys on a particular group of people.",Alaska Water Laboratories LLC,NA,STORET-971970839,AKDECWQ-BB Pathogens-Snag Point-06/21/2022-Enterococci-DUP,AKDECWQ,Alaska Dept of Environmental Conservation - Water Quality,Dillingham Pathogen Monitoring,Monitoring of pathogens (Fecal Coliform and Enterococci) at Dillingham area beaches.,Dillingham Pathogen Monitoring,https://www.waterqualitydata.us/data/providers/STORET/organizations/AKDECWQ/projects/Dillingham%20Pathogen%20Monitoring/files,Y,Alaska Department of Environmental Conservation,US,02,070,Snag Point Beach,SNAG POINT BEACH,Estuary,ESTUARY,Beach approximately 300 ft East of the Dillingham dock.,59.03786152,59.03786152,-158.4606696,-158.4606696,NAD83,19030303,AKDECWQ-Snag Point,AKDECWQ-SNAG POINT,NA,NA,NA,NA,NA,NA,NA,NA,NA,2022-06-21,12:25:00,AKDT,2022-06-21 20:25:00,"Alaska Water Laboratory, LLC;Northern Utility Services Alaska",NA,59.1088888889,-158.6327777778,NA,NA,NA,NA,NA,NA,2022-06-21,https://www.waterqualitydata.us/data/providers/STORET/organizations/AKDECWQ/activities/AKDECWQ-BB%20Pathogens-Snag%20Point-06%2F21%2F2022-Enterococci-DUP/results/971970839/resdetectqntlmts,NA,8,8,NA,NA,NA,GPS-Unspecified,NA,NA,NA,NA,NA,NA,NA,NA,NA,NA,NA,NA,STORET,2023-03-28T11:32:08
Sample-Routine,Water,WATER,Surface Water,Total,TOTAL,Fecal Coliform,FECAL COLIFORM,NA,NA,NA,NA,FECAL COLIFORM_TOTAL_NA_CFU/100ML,2022-07-12,12:05:00,AKDT,2022-07-12 20:05:00,135.14,cfu/100mL,135.14,CFU/100ML,Convert,Actual,Numeric,NA,Method Detection Level,9.01,cfu/100mL,9.01,CFU/100ML,Numeric,NA,NA,NA - Not Available,NA,NA,NA,NA,1,0.3048,Numeric,ft,m,NA,NA,NA - Not Available,NA,NA,NA,NA,NA - Not Available,NA,NA,NA,NA,NA,9222 D ~ Membrane filtration test for fecal coliforms,https://www.nemi.gov/methods/method_summary/5587/,9222D,APHA,NA,WQSAR 001,AKDECWQ,Bacteria,Water sample collected from 1 ft depth. Bottles kept cool and delivered to lab within 6 hours (8 hour total hold time).,Water Bottle,NA,Final,NA,NA,NA,NA,NA,NA,NA,NA,NA,"Targeted - A targeted sample is where a ""sample"" of the subject matter, be that people, plants/animals etc is selected using certain criteria, i.e. pregnant mothers between the ages of 25-30. Targeted samples are usually used by businesses or companies carrying out surveys on a particular group of people.",Alaska Water Laboratories LLC,NA,STORET-971970840,AKDECWQ-BB Pathogens-Snag Point-07/12/2022-Fecal Coliform,AKDECWQ,Alaska Dept of Environmental Conservation - Water Quality,Dillingham Pathogen Monitoring,Monitoring of pathogens (Fecal Coliform and Enterococci) at Dillingham area beaches.,Dillingham Pathogen Monitoring,https://www.waterqualitydata.us/data/providers/STORET/organizations/AKDECWQ/projects/Dillingham%20Pathogen%20Monitoring/files,Y,Alaska Department of Environmental Conservation,US,02,070,Snag Point Beach,SNAG POINT BEACH,Estuary,ESTUARY,Beach approximately 300 ft East of the Dillingham dock.,59.03786152,59.03786152,-158.4606696,-158.4606696,NAD83,19030303,AKDECWQ-Snag Point,AKDECWQ-SNAG POINT,NA,NA,NA,NA,NA,NA,NA,NA,NA,2022-07-12,12:05:00,AKDT,2022-07-12 20:05:00,"Alaska Water Laboratory, LLC;Northern Utility Services Alaska",NA,59.1091666667,-158.6316666667,NA,NA,NA,NA,NA,NA,2022-07-12,https://www.waterqualitydata.us/data/providers/STORET/organizations/AKDECWQ/activities/AKDECWQ-BB%20Pathogens-Snag%20Point-07%2F12%2F2022-Fecal%20Coliform/results/971970840/resdetectqntlmts,NA,8,8,NA,NA,NA,GPS-Unspecified,NA,NA,NA,NA,NA,NA,NA,NA,NA,NA,NA,NA,STORET,2023-03-28T11:32:08
Sample-Routine,Water,WATER,Surface Water,Total,TOTAL,Enterococcus,ENTEROCOCCUS,NA,NA,NA,NA,ENTEROCOCCUS_TOTAL_NA_MPN/100ML,2022-07-12,12:05:00,AKDT,2022-07-12 20:05:00,6.3,MPN/100mL,6.3,MPN/100ML,Convert,Actual,Numeric,NA,Method Detection Level,1,MPN/100mL,1,MPN/100ML,Numeric,NA,NA,NA - Not Available,NA,NA,NA,NA,1,0.3048,Numeric,ft,m,NA,NA,NA - Not Available,NA,NA,NA,NA,NA - Not Available,NA,NA,NA,NA,NA,Standard Test Method for Enterococci in Water Using Enterolert,NA,D6503-99,ASTM,NA,WQSAR 001,AKDECWQ,Bacteria,Water sample collected from 1 ft depth. Bottles kept cool and delivered to lab within 6 hours (8 hour total hold time).,Water Bottle,NA,Final,NA,NA,NA,NA,NA,NA,NA,NA,NA,"Targeted - A targeted sample is where a ""sample"" of the subject matter, be that people, plants/animals etc is selected using certain criteria, i.e. pregnant mothers between the ages of 25-30. Targeted samples are usually used by businesses or companies carrying out surveys on a particular group of people.",Alaska Water Laboratories LLC,NA,STORET-971970841,AKDECWQ-BB Pathogens-Snag Point-07/12/2022-Enterococci,AKDECWQ,Alaska Dept of Environmental Conservation - Water Quality,Dillingham Pathogen Monitoring,Monitoring of pathogens (Fecal Coliform and Enterococci) at Dillingham area beaches.,Dillingham Pathogen Monitoring,https://www.waterqualitydata.us/data/providers/STORET/organizations/AKDECWQ/projects/Dillingham%20Pathogen%20Monitoring/files,Y,Alaska Department of Environmental Conservation,US,02,070,Snag Point Beach,SNAG POINT BEACH,Estuary,ESTUARY,Beach approximately 300 ft East of the Dillingham dock.,59.03786152,59.03786152,-158.4606696,-158.4606696,NAD83,19030303,AKDECWQ-Snag Point,AKDECWQ-SNAG POINT,NA,NA,NA,NA,NA,NA,NA,NA,NA,2022-07-12,12:05:00,AKDT,2022-07-12 20:05:00,"Alaska Water Laboratory, LLC;Northern Utility Services Alaska",NA,59.1091666667,-158.6316666667,NA,NA,NA,NA,NA,NA,2022-07-12,https://www.waterqualitydata.us/data/providers/STORET/organizations/AKDECWQ/activities/AKDECWQ-BB%20Pathogens-Snag%20Point-07%2F12%2F2022-Enterococci/results/971970841/resdetectqntlmts,NA,8,8,NA,NA,NA,GPS-Unspecified,NA,NA,NA,NA,NA,NA,NA,NA,NA,NA,NA,NA,STORET,2023-03-28T11:32:08
Sample-Routine,Water,WATER,Surface Water,Total,TOTAL,Fecal Coliform,FECAL COLIFORM,NA,NA,NA,NA,FECAL COLIFORM_TOTAL_NA_CFU/100ML,2022-05-25,12:30:00,AKDT,2022-05-25 20:30:00,100,cfu/100mL,100,CFU/100ML,Convert,Actual,Numeric,NA,Method Detection Level,10,cfu/100mL,10,CFU/100ML,Numeric,NA,NA,NA - Not Available,NA,NA,NA,NA,1,0.3048,Numeric,ft,m,NA,NA,NA - Not Available,NA,NA,NA,NA,NA - Not Available,NA,NA,NA,NA,NA,9222 D ~ Membrane filtration test for fecal coliforms,https://www.nemi.gov/methods/method_summary/5587/,9222D,APHA,NA,WQSAR 001,AKDECWQ,Bacteria,Water sample collected from 1 ft depth. Bottles kept cool and delivered to lab within 6 hours (8 hour total hold time).,Water Bottle,NA,Final,NA,NA,NA,NA,NA,NA,NA,NA,NA,"Targeted - A targeted sample is where a ""sample"" of the subject matter, be that people, plants/animals etc is selected using certain criteria, i.e. pregnant mothers between the ages of 25-30. Targeted samples are usually used by businesses or companies carrying out surveys on a particular group of people.",Alaska Water Laboratories LLC,NA,STORET-971970842,AKDECWQ-BB Pathogens-Snag Point-05/25/2022-Fecal Coliform,AKDECWQ,Alaska Dept of Environmental Conservation - Water Quality,Dillingham Pathogen Monitoring,Monitoring of pathogens (Fecal Coliform and Enterococci) at Dillingham area beaches.,Dillingham Pathogen Monitoring,https://www.waterqualitydata.us/data/providers/STORET/organizations/AKDECWQ/projects/Dillingham%20Pathogen%20Monitoring/files,Y,Alaska Department of Environmental Conservation,US,02,070,Snag Point Beach,SNAG POINT BEACH,Estuary,ESTUARY,Beach approximately 300 ft East of the Dillingham dock.,59.03786152,59.03786152,-158.4606696,-158.4606696,NAD83,19030303,AKDECWQ-Snag Point,AKDECWQ-SNAG POINT,NA,NA,NA,NA,NA,NA,NA,NA,NA,2022-05-25,12:30:00,AKDT,2022-05-25 20:30:00,"Alaska Water Laboratory, LLC;Northern Utility Services Alaska",NA,59.1094444444,-158.4938888889,NA,NA,NA,NA,NA,NA,2022-05-25,https://www.waterqualitydata.us/data/providers/STORET/organizations/AKDECWQ/activities/AKDECWQ-BB%20Pathogens-Snag%20Point-05%2F25%2F2022-Fecal%20Coliform/results/971970842/resdetectqntlmts,NA,8,8,NA,NA,NA,GPS-Unspecified,NA,NA,NA,NA,NA,NA,NA,NA,NA,NA,NA,NA,STORET,2023-03-28T11:32:08
Sample-Routine,Water,WATER,Surface Water,Total,TOTAL,Enterococcus,ENTEROCOCCUS,NA,NA,NA,NA,ENTEROCOCCUS_TOTAL_NA_MPN/100ML,2022-05-25,12:30:00,AKDT,2022-05-25 20:30:00,NA,MPN/100mL,NA,MPN/100ML,No Result Value,Actual,NA - Not Available,Not Detected at Detection Limit,Method Detection Level,1,MPN/100mL,1,MPN/100ML,Numeric,NA,NA,NA - Not Available,NA,NA,NA,NA,1,0.3048,Numeric,ft,m,NA,NA,NA - Not Available,NA,NA,NA,NA,NA - Not Available,NA,NA,NA,NA,NA,Standard Test Method for Enterococci in Water Using Enterolert,NA,D6503-99,ASTM,NA,WQSAR 001,AKDECWQ,Bacteria,Water sample collected from 1 ft depth. Bottles kept cool and delivered to lab within 6 hours (8 hour total hold time).,Water Bottle,U,Final,NA,NA,NA,NA,NA,NA,NA,NA,NA,"Targeted - A targeted sample is where a ""sample"" of the subject matter, be that people, plants/animals etc is selected using certain criteria, i.e. pregnant mothers between the ages of 25-30. Targeted samples are usually used by businesses or companies carrying out surveys on a particular group of people.",Alaska Water Laboratories LLC,NA,STORET-971970843,AKDECWQ-BB Pathogens-Snag Point-05/25/2022-Enterococci,AKDECWQ,Alaska Dept of Environmental Conservation - Water Quality,Dillingham Pathogen Monitoring,Monitoring of pathogens (Fecal Coliform and Enterococci) at Dillingham area beaches.,Dillingham Pathogen Monitoring,https://www.waterqualitydata.us/data/providers/STORET/organizations/AKDECWQ/projects/Dillingham%20Pathogen%20Monitoring/files,Y,Alaska Department of Environmental Conservation,US,02,070,Snag Point Beach,SNAG POINT BEACH,Estuary,ESTUARY,Beach approximately 300 ft East of the Dillingham dock.,59.03786152,59.03786152,-158.4606696,-158.4606696,NAD83,19030303,AKDECWQ-Snag Point,AKDECWQ-SNAG POINT,NA,NA,NA,NA,NA,NA,NA,NA,NA,2022-05-25,12:30:00,AKDT,2022-05-25 20:30:00,"Alaska Water Laboratory, LLC;Northern Utility Services Alaska",NA,59.1094444444,-158.4938888889,NA,NA,NA,NA,NA,NA,2022-05-25,https://www.waterqualitydata.us/data/providers/STORET/organizations/AKDECWQ/activities/AKDECWQ-BB%20Pathogens-Snag%20Point-05%2F25%2F2022-Enterococci/results/971970843/resdetectqntlmts,NA,8,8,NA,NA,NA,GPS-Unspecified,NA,NA,NA,NA,NA,NA,NA,NA,NA,NA,NA,NA,STORET,2023-03-28T11:32:09
