Waterbody Type,Constituent Group,Constituent,TADA.Constituent,Fraction,Use,Use Description,Type,Minimum Assessment Period,Minimum number of data points,Other Requirements,Listing methodology,Notes,Min_Assess_Period_Yrs,Min_Num_Pts,Dec Use,DEC Use Description
Freshwater,Bacteria,E. coli,ESCHERICHIA COLI,,WATER RECREATION,CONTACT RECREATION,,2 water years,10,"5 samples w/in 30 days, each year",Pathogens,,2,10,Primary Contact Recreation,
Marine,Bacteria,Enterococci,ENTEROCOCCUS,,WATER RECREATION,CONTACT RECREATION,,2 water years,10,"5 samples w/in 30 days, each year",Pathogens,,2,10,Primary Contact Recreation,
Freshwater,Bacteria,Fecal Coliform,FECAL COLIFORM,,WATER RECREATION,SECONDARY RECREATION,,2 water years,10,"5 samples w/in 30 days, each year",Pathogens,,2,10,Secondary Contact Recreation,
Groundwater,Bacteria,Fecal Coliform,FECAL COLIFORM,,WATER SUPPLY,"DRINKING, CULINARY, AND FOOD PROCESSING",,2 water years,10,"5 samples w/in 30 days, each year",Pathogens,,2,10,Water Supply,"Drinking, Culinary, and Food Processing"
Freshwater,Bacteria,Fecal Coliform,FECAL COLIFORM,,WATER SUPPLY,"DRINKING, CULINARY, AND FOOD PROCESSING",,2 water years,10,"5 samples w/in 30 days, each year",Pathogens,,2,10,Water Supply,"Drinking, Culinary, and Food Processing"
Freshwater,Bacteria,Fecal Coliform,FECAL COLIFORM,,WATER SUPPLY,AQUACULTURE,,2 water years,10,"5 samples w/in 30 days, each year",Pathogens,,2,10,Water Supply,Aquaculture
Freshwater,Bacteria,Fecal Coliform,FECAL COLIFORM,,WATER SUPPLY,INDUSTRIAL,,2 water years,10,"5 samples w/in 30 days, each year",Pathogens,,2,10,Water Supply,Industrial
Freshwater,Bacteria,Fecal Coliform,FECAL COLIFORM,,WATER SUPPLY,"AGRICULTURE, INCLUDING IRRIGATION AND STOCK WATERING",,2 water years,10,"5 samples w/in 30 days, each year",Pathogens,,2,10,Water Supply,"Agriculture, Including Irrigation and Stock Watering"
Marine,Bacteria,Fecal Coliform,FECAL COLIFORM,,HARVESTING FOR CONSUMPTION OF RAW MOLLUSKS OR OTHER RAW AQUATIC LIFE,,,2 water years,20,"15 samples first year, 5 samples second year",Pathogens,,2,20,Aquatic Life,Harvesting for Consumption of Raw Mollusks or Other Raw Aquatic Life
Marine,Bacteria,Fecal Coliform,FECAL COLIFORM,,WATER RECREATION,SECONDARY RECREATION,,2 water years,10,"5 samples w/in 30 days, each year",Pathogens,,2,10,Secondary Contact Recreation,
Marine,Bacteria,Fecal Coliform,FECAL COLIFORM,,WATER SUPPLY,AQUACULTURE,,2 water years,10,"5 samples w/in 30 days, each year",Pathogens,,2,10,Water Supply,Aquaculture
Marine,Bacteria,Fecal Coliform,FECAL COLIFORM,,WATER SUPPLY,SEAFOOD PROCESSING,,2 water years,10,"5 samples w/in 30 days, each year",Pathogens,,2,10,Water Supply,Seafood Processing
Marine,Bacteria,Fecal Coliform,FECAL COLIFORM,,WATER SUPPLY,INDUSTRIAL,,2 water years,10,"5 samples w/in 30 days, each year",Pathogens,,2,10,Water Supply,Industrial
Freshwater,Conventional,Chloride,CHLORIDE,Dissolved,WATER SUPPLY,"DRINKING, CULINARY, AND FOOD PROCESSING",,2 years,10,"15 results required for existing impaired, to determine attainment",CALM,,2,10,Water Supply,"Drinking, Culinary, and Food Processing"
Freshwater,Conventional,Color,COLOR,,"GROWTH AND PROPAGATION OF FISH, SHELLFISH, OTHER AQUATIC LIFE AND WILDLIFE",,,2 years,10,"15 results required for existing impaired, to determine attainment",CALM,,2,10,Aquatic Life,"Growth and Propagation of Fish, Shellfish, Other Aquatic Life, and Wildlife"
Freshwater,Conventional,Color,COLOR,,WATER RECREATION,CONTACT RECREATION,,2 years,10,"15 results required for existing impaired, to determine attainment",CALM,,2,10,Primary Contact Recreation,
Freshwater,Conventional,Color,COLOR,,WATER SUPPLY,"DRINKING, CULINARY, AND FOOD PROCESSING",,2 years,10,"15 results required for existing impaired, to determine attainment",CALM,,2,10,Water Supply,"Drinking, Culinary, and Food Processing"
Freshwater,Conventional,Color,COLOR,,WATER SUPPLY,AQUACULTURE,,2 years,10,"15 results required for existing impaired, to determine attainment",CALM,,2,10,Water Supply,Aquaculture
Marine,Conventional,Color,COLOR,,"GROWTH AND PROPAGATION OF FISH, SHELLFISH, OTHER AQUATIC LIFE AND WILDLIFE",,,2 years,10,"15 results required for existing impaired, to determine attainment",CALM,,2,10,Aquatic Life,"Growth and Propagation of Fish, Shellfish, Other Aquatic Life, and Wildlife"
Marine,Conventional,Color,COLOR,,HARVESTING FOR CONSUMPTION OF RAW MOLLUSKS OR OTHER RAW AQUATIC LIFE,,,2 years,10,"15 results required for existing impaired, to determine attainment",CALM,,2,10,Aquatic Life,Harvesting for Consumption of Raw Mollusks or Other Raw Aquatic Life
Marine,Conventional,Color,COLOR,,WATER RECREATION,CONTACT RECREATION,,2 years,10,"15 results required for existing impaired, to determine attainment",CALM,,2,10,Primary Contact Recreation,
Marine,Conventional,Color,COLOR,,WATER SUPPLY,SEAFOOD PROCESSING,,2 years,10,"15 results required for existing impaired, to determine attainment",CALM,,2,10,Water Supply,Seafood Processing
Marine,Conventional,Color,COLOR,,WATER SUPPLY,AQUACULTURE,,2 years,10,"15 results required for existing impaired, to determine attainment",CALM,,2,10,Water Supply,Aquaculture
Freshwater,Dissolved Gas,Dissolved Oxygen,DISSOLVED OXYGEN (DO),,"GROWTH AND PROPAGATION OF FISH, SHELLFISH, OTHER AQUATIC LIFE AND WILDLIFE",,,2 years,10,"15 results required for existing impaired, to determine attainment",CALM,,2,10,Aquatic Life,
Freshwater,Dissolved Gas,Dissolved Oxygen,DISSOLVED OXYGEN (DO),,"GROWTH AND PROPAGATION OF FISH, SHELLFISH, OTHER AQUATIC LIFE AND WILDLIFE",,,2 years,10,"15 results required for existing impaired, to determine attainment",CALM,,2,10,Aquatic Life,"Growth and Propagation of Fish, Shellfish, Other Aquatic Life, and Wildlife"
Freshwater,Dissolved Gas,Dissolved Oxygen,DISSOLVED OXYGEN (DO),,WATER RECREATION,CONTACT RECREATION,,2 years,10,"15 results required for existing impaired, to determine attainment",CALM,,2,10,Primary Contact Recreation,
Freshwater,Dissolved Gas,Dissolved Oxygen,DISSOLVED OXYGEN (DO),,WATER RECREATION,SECONDARY RECREATION,,2 years,10,"15 results required for existing impaired, to determine attainment",CALM,,2,10,Secondary Contact Recreation,
Freshwater,Dissolved Gas,Dissolved Oxygen,DISSOLVED OXYGEN (DO),,WATER SUPPLY,"AGRICULTURE, INCLUDING IRRIGATION AND STOCK WATERING",,2 years,10,"15 results required for existing impaired, to determine attainment",CALM,,2,10,Water Supply,"Agriculture, Including Irrigation and Stock Watering"
Freshwater,Dissolved Gas,Dissolved Oxygen,DISSOLVED OXYGEN (DO),,WATER SUPPLY,AQUACULTURE,,2 years,10,"15 results required for existing impaired, to determine attainment",CALM,,2,10,Water Supply,Aquaculture
Freshwater streams and rivers,Dissolved Gas,Dissolved Oxygen,DISSOLVED OXYGEN (DO),,WATER SUPPLY,"DRINKING, CULINARY, AND FOOD PROCESSING",,2 years,10,"15 results required for existing impaired, to determine attainment",CALM,,2,10,Water Supply,"Drinking, Culinary, and Food Processing"
Marine,Dissolved Gas,Dissolved Oxygen,DISSOLVED OXYGEN (DO),,"GROWTH AND PROPAGATION OF FISH, SHELLFISH, OTHER AQUATIC LIFE AND WILDLIFE",,,2 years,10,"15 results required for existing impaired, to determine attainment",CALM,,2,10,Aquatic Life,"Growth and Propagation of Fish, Shellfish, Other Aquatic Life, and Wildlife"
Marine,Dissolved Gas,Dissolved Oxygen,DISSOLVED OXYGEN (DO),,HARVESTING FOR CONSUMPTION OF RAW MOLLUSKS OR OTHER RAW AQUATIC LIFE,,,2 years,10,"15 results required for existing impaired, to determine attainment",CALM,,2,10,Aquatic Life,Harvesting for Consumption of Raw Mollusks or Other Raw Aquatic Life
Marine,Dissolved Gas,Dissolved Oxygen,DISSOLVED OXYGEN (DO),,WATER RECREATION,CONTACT RECREATION,,2 years,10,"15 results required for existing impaired, to determine attainment",CALM,,2,10,Primary Contact Recreation,
Marine,Dissolved Gas,Dissolved Oxygen,DISSOLVED OXYGEN (DO),,WATER RECREATION,SECONDARY RECREATION,,2 years,10,"15 results required for existing impaired, to determine attainment",CALM,,2,10,Secondary Contact Recreation,
Marine,Dissolved Gas,Dissolved Oxygen,DISSOLVED OXYGEN (DO),,WATER SUPPLY,AQUACULTURE,,2 years,10,"15 results required for existing impaired, to determine attainment",CALM,,2,10,Water Supply,Aquaculture
Freshwater,Dissolved Inorganic Substances,Chloride,CHLORIDE,Dissolved,WATER SUPPLY,"DRINKING, CULINARY, AND FOOD PROCESSING",,2 years,10,"15 results required for existing impaired, to determine attainment",CALM,,2,10,Human Health,Water and Aquatic Organisms
Freshwater,Dissolved Inorganic Substances,Sulfate,SULFATE,,WATER SUPPLY,"DRINKING, CULINARY, AND FOOD PROCESSING",,2 years,10,"15 results required for existing impaired, to determine attainment",CALM,,2,10,Water Supply,"Drinking, Culinary, and Food Processing"
Freshwater,Dissolved Inorganic Substances,Total Dissolved Solids,TOTAL DISSOLVED SOLIDS,,"GROWTH AND PROPAGATION OF FISH, SHELLFISH, OTHER AQUATIC LIFE AND WILDLIFE",,,2 years,10,"15 results required for existing impaired, to determine attainment",CALM,,2,10,Aquatic Life,"Growth and Propagation of Fish, Shellfish, Other Aquatic Life, and Wildlife"
Freshwater,Dissolved Inorganic Substances,Total Dissolved Solids,TOTAL DISSOLVED SOLIDS,,WATER SUPPLY,"DRINKING, CULINARY, AND FOOD PROCESSING",,2 years,10,"15 results required for existing impaired, to determine attainment",CALM,,2,10,Water Supply,"Drinking, Culinary, and Food Processing"
Freshwater,Dissolved Inorganic Substances,Total Dissolved Solids,TOTAL DISSOLVED SOLIDS,,WATER SUPPLY,"AGRICULTURE, INCLUDING IRRIGATION AND STOCK WATERING",,2 years,10,"15 results required for existing impaired, to determine attainment",CALM,,2,10,Water Supply,"Agriculture, Including Irrigation and Stock Watering"
Freshwater,Dissolved Inorganic Substances,Total Dissolved Solids,TOTAL DISSOLVED SOLIDS,,WATER SUPPLY,AQUACULTURE,,2 years,10,"15 results required for existing impaired, to determine attainment",CALM,,2,10,Water Supply,Aquaculture
Freshwater,pH,pH,PH,,"GROWTH AND PROPAGATION OF FISH, SHELLFISH, OTHER AQUATIC LIFE AND WILDLIFE",,,2 years,10,"15 results required for existing impaired, to determine attainment",CALM,,2,10,Aquatic Life,"Growth and Propagation of Fish, Shellfish, Other Aquatic Life, and Wildlife"
Freshwater,pH,pH,PH,,WATER RECREATION,CONTACT RECREATION,,2 years,10,"15 results required for existing impaired, to determine attainment",CALM,,2,10,Primary Contact Recreation,
Freshwater,pH,pH,PH,,WATER RECREATION,SECONDARY RECREATION,,2 years,10,"15 results required for existing impaired, to determine attainment",CALM,,2,10,Secondary Contact Recreation,
Freshwater,pH,pH,PH,,WATER SUPPLY,"AGRICULTURE, INCLUDING IRRIGATION AND STOCK WATERING",,2 years,10,"15 results required for existing impaired, to determine attainment",CALM,,2,10,Water Supply,"Agriculture, Including Irrigation and Stock Watering"
Freshwater,pH,pH,PH,,WATER SUPPLY,AQUACULTURE,,2 years,10,"15 results required for existing impaired, to determine attainment",CALM,,2,10,Water Supply,Aquaculture
Freshwater,pH,pH,PH,,WATER SUPPLY,"DRINKING, CULINARY, AND FOOD PROCESSING",,2 years,10,"15 results required for existing impaired, to determine attainment",CALM,,2,10,Water Supply,"Drinking, Culinary, and Food Processing"
Freshwater,pH,pH,PH,,WATER SUPPLY,INDUSTRIAL,,2 years,10,"15 results required for existing impaired, to determine attainment",CALM,,2,10,Water Supply,Industrial
Marine,pH,pH,PH,,HARVESTING FOR CONSUMPTION OF RAW MOLLUSKS OR OTHER RAW AQUATIC LIFE,,,2 years,10,"15 results required for existing impaired, to determine attainment",CALM,,2,10,Aquatic Life,Harvesting for Consumption of Raw Mollusks or Other Raw Aquatic Life
Marine,pH,pH,PH,,"GROWTH AND PROPAGATION OF FISH, SHELLFISH, OTHER AQUATIC LIFE AND WILDLIFE",,,2 years,10,"15 results required for existing impaired, to determine attainment",CALM,,2,10,Aquatic Life,"Growth and Propagation of Fish, Shellfish, Other Aquatic Life, and Wildlife"
Marine,pH,pH,PH,,WATER RECREATION,CONTACT RECREATION,,2 years,10,"15 results required for existing impaired, to determine attainment",CALM,,2,10,Primary Contact Recreation,
Marine,pH,pH,PH,,WATER RECREATION,SECONDARY RECREATION,,2 years,10,"15 results required for existing impaired, to determine attainment",CALM,,2,10,Secondary Contact Recreation,
Marine,pH,pH,PH,,WATER SUPPLY,AQUACULTURE,,2 years,10,"15 results required for existing impaired, to determine attainment",CALM,,2,10,Water Supply,Aquaculture
Marine,pH,pH,PH,,WATER SUPPLY,INDUSTRIAL,,2 years,10,"15 results required for existing impaired, to determine attainment",CALM,,2,10,Water Supply,Industrial
Marine,pH,pH,PH,,WATER SUPPLY,SEAFOOD PROCESSING,,2 years,10,"15 results required for existing impaired, to determine attainment",CALM,,2,10,Water Supply,Seafood Processing
Freshwater,Sediment,Sediment  ,SEDIMENT,,"GROWTH AND PROPAGATION OF FISH, SHELLFISH, OTHER AQUATIC LIFE AND WILDLIFE",,,2 years,10,"15 results required for existing impaired, to determine attainment",CALM,,2,10,Aquatic Life,"Growth and Propagation of Fish, Shellfish, Other Aquatic Life, and Wildlife"
Freshwater,Sediment,Sediment  ,SEDIMENT,,WATER SUPPLY,"AGRICULTURE, INCLUDING IRRIGATION AND STOCK WATERING",,2 years,10,"15 results required for existing impaired, to determine attainment",CALM,,2,10,Water Supply,"Agriculture, Including Irrigation and Stock Watering"
Freshwater,Temperature,Temperature,"TEMPERATURE, WATER",,"GROWTH AND PROPAGATION OF FISH, SHELLFISH, OTHER AQUATIC LIFE AND WILDLIFE",,,,,,None,,NA,NA,Aquatic Life,"Growth and Propagation of Fish, Shellfish, Other Aquatic Life, and Wildlife"
Freshwater,Temperature,Temperature,"TEMPERATURE, WATER",,WATER RECREATION,CONTACT RECREATION,,,,,None,,NA,NA,Primary Contact Recreation,
Freshwater,Temperature,Temperature,"TEMPERATURE, WATER",,WATER SUPPLY,AQUACULTURE,,,,,None,,NA,NA,Water Supply,Aquaculture
Freshwater,Temperature,Temperature,"TEMPERATURE, WATER",,WATER SUPPLY,"DRINKING, CULINARY, AND FOOD PROCESSING",,,,,None,,NA,NA,Water Supply,"Drinking, Culinary, and Food Processing"
Freshwater,Temperature,Temperature,"TEMPERATURE, WATER",,WATER SUPPLY,INDUSTRIAL,,,,,None,,NA,NA,Water Supply,Industrial
Freshwater,Temperature,Temperature,"TEMPERATURE, WATER",,WATER SUPPLY,"AGRICULTURE, INCLUDING IRRIGATION AND STOCK WATERING",,,,,None,,NA,NA,Water Supply,"Agriculture, Including Irrigation and Stock Watering"
Marine,Temperature,Temperature,"TEMPERATURE, WATER",,WATER SUPPLY,SEAFOOD PROCESSING,,,,,None,,NA,NA,Water Supply,Seafood Processing
Marine,Temperature,Temperature,"TEMPERATURE, WATER",,WATER SUPPLY,INDUSTRIAL,,,,,None,,NA,NA,Water Supply,Industrial
Freshwater,Toxics,Alkalinity,ALKALINITY,Total,"GROWTH AND PROPAGATION OF FISH, SHELLFISH, OTHER AQUATIC LIFE AND WILDLIFE",,Chronic,2 years,10,,CALM,,2,10,Aquatic Life,
Freshwater,Toxics,Alkalinity,ALKALINITY,Total,"GROWTH AND PROPAGATION OF FISH, SHELLFISH, OTHER AQUATIC LIFE AND WILDLIFE",,Chronic,2 years,18,"18 results required for existing impaired, to determine attainment",CALM,,2,18,Aquatic Life,
Freshwater,Toxics,Aluminum,ALUMINUM,Total Recoverable  ,"GROWTH AND PROPAGATION OF FISH, SHELLFISH, OTHER AQUATIC LIFE AND WILDLIFE",,Chronic,2 years,10,,CALM,,2,10,Aquatic Life,
Freshwater,Toxics,Aluminum,ALUMINUM,Total Recoverable  ,"GROWTH AND PROPAGATION OF FISH, SHELLFISH, OTHER AQUATIC LIFE AND WILDLIFE",,Acute,2 years,5,"15 results required for existing impaired, to determine attainment",CALM,,2,5,Aquatic Life,
Freshwater,Toxics,Aluminum,ALUMINUM,Total Recoverable  ,"GROWTH AND PROPAGATION OF FISH, SHELLFISH, OTHER AQUATIC LIFE AND WILDLIFE",,Chronic,2 years,18,"18 results required for existing impaired, to determine attainment",CALM,,2,18,Aquatic Life,
Freshwater,Toxics,Aluminum,ALUMINUM,Total Recoverable  ,WATER SUPPLY,"AGRICULTURE, INCLUDING IRRIGATION AND STOCK WATERING",,2 years,10,"15 results required for existing impaired, to determine attainment",CALM,,2,10,Water Supply,"Agriculture, Including Irrigation and Stock Watering"
Freshwater,Toxics,Ammonia,AMMONIA,Total,"GROWTH AND PROPAGATION OF FISH, SHELLFISH, OTHER AQUATIC LIFE AND WILDLIFE",,Chronic,2 years,10,,CALM,,2,10,Aquatic Life,
Freshwater,Toxics,Ammonia,AMMONIA,Total,"GROWTH AND PROPAGATION OF FISH, SHELLFISH, OTHER AQUATIC LIFE AND WILDLIFE",,Acute,2 years,5,"15 results required for existing impaired, to determine attainment",CALM,,2,5,Aquatic Life,
Freshwater,Toxics,Ammonia,AMMONIA,Total,"GROWTH AND PROPAGATION OF FISH, SHELLFISH, OTHER AQUATIC LIFE AND WILDLIFE",,Chronic,2 years,18,"18 results required for existing impaired, to determine attainment",CALM,,2,18,Aquatic Life,
Marine,Toxics,Ammonia,AMMONIA,Total,"GROWTH AND PROPAGATION OF FISH, SHELLFISH, OTHER AQUATIC LIFE AND WILDLIFE",,Acute,2 years,5,"15 results required for existing impaired, to determine attainment",CALM,,2,5,Aquatic Life,
Marine,Toxics,Ammonia,AMMONIA,Total,"GROWTH AND PROPAGATION OF FISH, SHELLFISH, OTHER AQUATIC LIFE AND WILDLIFE",,Chronic,2 years,10,,CALM,,2,10,Aquatic Life,
Marine,Toxics,Ammonia,AMMONIA,Total,"GROWTH AND PROPAGATION OF FISH, SHELLFISH, OTHER AQUATIC LIFE AND WILDLIFE",,Chronic,2 years,18,"18 results required for existing impaired, to determine attainment",CALM,,2,18,Aquatic Life,
Marine,Toxics,"Ammonia, un-ionized",AMMONIA,Dissolved,"GROWTH AND PROPAGATION OF FISH, SHELLFISH, OTHER AQUATIC LIFE AND WILDLIFE",,Chronic,2 years,10,,CALM,,2,10,Aquatic Life,
Marine,Toxics,"Ammonia, un-ionized",AMMONIA,Dissolved,"GROWTH AND PROPAGATION OF FISH, SHELLFISH, OTHER AQUATIC LIFE AND WILDLIFE",,Acute,2 years,5,"15 results required for existing impaired, to determine attainment",CALM,,2,5,Aquatic Life,
Marine,Toxics,"Ammonia, un-ionized",AMMONIA,Dissolved,"GROWTH AND PROPAGATION OF FISH, SHELLFISH, OTHER AQUATIC LIFE AND WILDLIFE",,Chronic,2 years,18,"18 results required for existing impaired, to determine attainment",CALM,,2,18,Aquatic Life,
Freshwater,Toxics,Antimony,ANTIMONY,Total,WATER SUPPLY,"DRINKING, CULINARY, AND FOOD PROCESSING",,2 years,10,"15 results required for existing impaired, to determine attainment",CALM,,2,10,Human Health,Water and Aquatic Organisms
Freshwater,Toxics,Antimony,ANTIMONY,Total,WATER SUPPLY,"DRINKING, CULINARY, AND FOOD PROCESSING",,2 years,10,"15 results required for existing impaired, to determine attainment",CALM,,2,10,Water Supply,"Drinking, Culinary, and Food Processing"
Marine,Toxics,Antimony,ANTIMONY,Dissolved,"GROWTH AND PROPAGATION OF FISH, SHELLFISH, OTHER AQUATIC LIFE AND WILDLIFE",,,2 years,10,"15 results required for existing impaired, to determine attainment",CALM,,2,10,Human Health,Aquatic Organisms Only
Freshwater,Toxics,Arsenic ,ARSENIC,Dissolved,"GROWTH AND PROPAGATION OF FISH, SHELLFISH, OTHER AQUATIC LIFE AND WILDLIFE",,Chronic,2 years,10,,CALM,,2,10,Aquatic Life,
Freshwater,Toxics,Arsenic ,ARSENIC,Dissolved,"GROWTH AND PROPAGATION OF FISH, SHELLFISH, OTHER AQUATIC LIFE AND WILDLIFE",,Acute,2 years,5,"15 results required for existing impaired, to determine attainment",CALM,,2,5,Aquatic Life,
Freshwater,Toxics,Arsenic ,ARSENIC,Dissolved,"GROWTH AND PROPAGATION OF FISH, SHELLFISH, OTHER AQUATIC LIFE AND WILDLIFE",,Chronic,2 years,18,"18 results required for existing impaired, to determine attainment",CALM,,2,18,Aquatic Life,
Freshwater,Toxics,Arsenic ,ARSENIC,Total,WATER SUPPLY,"DRINKING, CULINARY, AND FOOD PROCESSING",,2 years,10,"15 results required for existing impaired, to determine attainment",CALM,,2,10,Water Supply,"Drinking, Culinary, and Food Processing"
Freshwater,Toxics,Arsenic ,ARSENIC,Dissolved,WATER SUPPLY,"AGRICULTURE, INCLUDING IRRIGATION AND STOCK WATERING",,2 years,10,"15 results required for existing impaired, to determine attainment",CALM,,2,10,Water Supply,Stock Watering
Freshwater,Toxics,Arsenic ,ARSENIC,Dissolved,WATER SUPPLY,"AGRICULTURE, INCLUDING IRRIGATION AND STOCK WATERING",,2 years,10,"15 results required for existing impaired, to determine attainment",CALM,,2,10,Water Supply,Irrigation
Marine,Toxics,Arsenic ,ARSENIC,Dissolved,"GROWTH AND PROPAGATION OF FISH, SHELLFISH, OTHER AQUATIC LIFE AND WILDLIFE",,Chronic,2 years,10,,CALM,,2,10,Aquatic Life,
Marine,Toxics,Arsenic ,ARSENIC,Dissolved,"GROWTH AND PROPAGATION OF FISH, SHELLFISH, OTHER AQUATIC LIFE AND WILDLIFE",,Acute,2 years,5,"15 results required for existing impaired, to determine attainment",CALM,,2,5,Aquatic Life,
Marine,Toxics,Arsenic ,ARSENIC,Dissolved,"GROWTH AND PROPAGATION OF FISH, SHELLFISH, OTHER AQUATIC LIFE AND WILDLIFE",,Chronic,2 years,18,"18 results required for existing impaired, to determine attainment",CALM,,2,18,Aquatic Life,
Freshwater,Toxics,Barium ,BARIUM,Total,WATER SUPPLY,"DRINKING, CULINARY, AND FOOD PROCESSING",,2 years,10,"15 results required for existing impaired, to determine attainment",CALM,,2,10,Water Supply,"Drinking, Culinary, and Food Processing"
Freshwater,Toxics,Benzene,BENZENE,,WATER SUPPLY,"DRINKING, CULINARY, AND FOOD PROCESSING",,2 years,10,"15 results required for existing impaired, to determine attainment",CALM,,2,10,Water Supply,"Drinking, Culinary, and Food Processing"
Freshwater,Toxics,Beryllium,BERYLLIUM,Total,WATER SUPPLY,"DRINKING, CULINARY, AND FOOD PROCESSING",,2 years,10,"15 results required for existing impaired, to determine attainment",CALM,,2,10,Water Supply,"Drinking, Culinary, and Food Processing"
Freshwater,Toxics,Beryllium,BERYLLIUM,Dissolved,WATER SUPPLY,"AGRICULTURE, INCLUDING IRRIGATION AND STOCK WATERING",,2 years,10,"15 results required for existing impaired, to determine attainment",CALM,,2,10,Water Supply,Irrigation
Freshwater,Toxics,Boron ,BORON,Dissolved,WATER SUPPLY,"AGRICULTURE, INCLUDING IRRIGATION AND STOCK WATERING",,2 years,10,"15 results required for existing impaired, to determine attainment",CALM,,2,10,Water Supply,Irrigation
Freshwater,Toxics,Cadmium ,CADMIUM,Dissolved,"GROWTH AND PROPAGATION OF FISH, SHELLFISH, OTHER AQUATIC LIFE AND WILDLIFE",,Chronic,2 years,10,,CALM,,2,10,Aquatic Life,
Freshwater,Toxics,Cadmium ,CADMIUM,Dissolved,"GROWTH AND PROPAGATION OF FISH, SHELLFISH, OTHER AQUATIC LIFE AND WILDLIFE",,Acute,2 years,5,"15 results required for existing impaired, to determine attainment",CALM,,2,5,Aquatic Life,
Freshwater,Toxics,Cadmium ,CADMIUM,Dissolved,"GROWTH AND PROPAGATION OF FISH, SHELLFISH, OTHER AQUATIC LIFE AND WILDLIFE",,Chronic,2 years,18,"18 results required for existing impaired, to determine attainment",CALM,,2,18,Aquatic Life,
Freshwater,Toxics,Cadmium ,CADMIUM,Total,WATER SUPPLY,"DRINKING, CULINARY, AND FOOD PROCESSING",,2 years,10,"15 results required for existing impaired, to determine attainment",CALM,,2,10,Water Supply,"Drinking, Culinary, and Food Processing"
Freshwater,Toxics,Cadmium ,CADMIUM,Dissolved,WATER SUPPLY,"AGRICULTURE, INCLUDING IRRIGATION AND STOCK WATERING",,2 years,10,"15 results required for existing impaired, to determine attainment",CALM,,2,10,Water Supply,Stock Watering
Freshwater,Toxics,Cadmium ,CADMIUM,Dissolved,WATER SUPPLY,"AGRICULTURE, INCLUDING IRRIGATION AND STOCK WATERING",,2 years,10,"15 results required for existing impaired, to determine attainment",CALM,,2,10,Water Supply,Irrigation
Marine,Toxics,Cadmium ,CADMIUM,Dissolved,"GROWTH AND PROPAGATION OF FISH, SHELLFISH, OTHER AQUATIC LIFE AND WILDLIFE",,Chronic,2 years,10,,CALM,,2,10,Aquatic Life,
Marine,Toxics,Cadmium ,CADMIUM,Dissolved,"GROWTH AND PROPAGATION OF FISH, SHELLFISH, OTHER AQUATIC LIFE AND WILDLIFE",,Acute,2 years,5,"15 results required for existing impaired, to determine attainment",CALM,,2,5,Aquatic Life,
Marine,Toxics,Cadmium ,CADMIUM,Dissolved,"GROWTH AND PROPAGATION OF FISH, SHELLFISH, OTHER AQUATIC LIFE AND WILDLIFE",,Chronic,2 years,18,"18 results required for existing impaired, to determine attainment",CALM,,2,18,Aquatic Life,
Freshwater,Toxics,Chloride,CHLORIDE,Dissolved,"GROWTH AND PROPAGATION OF FISH, SHELLFISH, OTHER AQUATIC LIFE AND WILDLIFE",,Chronic,2 years,10,,CALM,,2,10,Aquatic Life,
Freshwater,Toxics,Chloride,CHLORIDE,Dissolved,"GROWTH AND PROPAGATION OF FISH, SHELLFISH, OTHER AQUATIC LIFE AND WILDLIFE",,Acute,2 years,5,"15 results required for existing impaired, to determine attainment",CALM,,2,5,Aquatic Life,
Freshwater,Toxics,Chloride,CHLORIDE,Dissolved,"GROWTH AND PROPAGATION OF FISH, SHELLFISH, OTHER AQUATIC LIFE AND WILDLIFE",,Chronic,2 years,18,"18 results required for existing impaired, to determine attainment",CALM,,2,18,Aquatic Life,
Freshwater,Toxics,Chlorine,CHLORINE,Total Residual  ,"GROWTH AND PROPAGATION OF FISH, SHELLFISH, OTHER AQUATIC LIFE AND WILDLIFE",,Chronic,2 years,10,,CALM,,2,10,Aquatic Life,
Freshwater,Toxics,Chlorine,CHLORINE,Total Residual  ,"GROWTH AND PROPAGATION OF FISH, SHELLFISH, OTHER AQUATIC LIFE AND WILDLIFE",,Acute,2 years,5,"15 results required for existing impaired, to determine attainment",CALM,,2,5,Aquatic Life,
Freshwater,Toxics,Chlorine,CHLORINE,Total Residual  ,"GROWTH AND PROPAGATION OF FISH, SHELLFISH, OTHER AQUATIC LIFE AND WILDLIFE",,Chronic,2 years,18,"18 results required for existing impaired, to determine attainment",CALM,,2,18,Aquatic Life,
Marine,Toxics,Chlorine,CHLORINE,Total Residual  ,"GROWTH AND PROPAGATION OF FISH, SHELLFISH, OTHER AQUATIC LIFE AND WILDLIFE",,Chronic,2 years,10,,CALM,,2,10,Aquatic Life,
Marine,Toxics,Chlorine,CHLORINE,Total Residual  ,"GROWTH AND PROPAGATION OF FISH, SHELLFISH, OTHER AQUATIC LIFE AND WILDLIFE",,Acute,2 years,5,"15 results required for existing impaired, to determine attainment",CALM,,2,5,Aquatic Life,
Marine,Toxics,Chlorine,CHLORINE,Total Residual  ,"GROWTH AND PROPAGATION OF FISH, SHELLFISH, OTHER AQUATIC LIFE AND WILDLIFE",,Chronic,2 years,18,"18 results required for existing impaired, to determine attainment",CALM,,2,18,Aquatic Life,
Freshwater,Toxics,Chlorobenzene,CHLOROBENZENE,Dissolved,WATER SUPPLY,"DRINKING, CULINARY, AND FOOD PROCESSING",,2 years,10,"15 results required for existing impaired, to determine attainment",CALM,,2,10,Human Health,Water and Aquatic Organisms
Marine,Toxics,Chlorobenzene,CHLOROBENZENE,Dissolved,"GROWTH AND PROPAGATION OF FISH, SHELLFISH, OTHER AQUATIC LIFE AND WILDLIFE",,,2 years,10,"15 results required for existing impaired, to determine attainment",CALM,,2,10,Human Health,Aquatic Organisms Only
Freshwater,Toxics,Chromium,CHROMIUM,Total Recoverable  ,WATER SUPPLY,"DRINKING, CULINARY, AND FOOD PROCESSING",,2 years,10,"15 results required for existing impaired, to determine attainment",CALM,,2,10,Water Supply,"Drinking, Culinary, and Food Processing"
Freshwater,Toxics,Chromium,CHROMIUM,Total Recoverable  ,WATER SUPPLY,"AGRICULTURE, INCLUDING IRRIGATION AND STOCK WATERING",,2 years,10,"15 results required for existing impaired, to determine attainment",CALM,,2,10,Water Supply,Irrigation
Freshwater,Toxics,Chromium (III),CHROMIUM(III),Dissolved,"GROWTH AND PROPAGATION OF FISH, SHELLFISH, OTHER AQUATIC LIFE AND WILDLIFE",,Chronic,2 years,10,,CALM,,2,10,Aquatic Life,
Freshwater,Toxics,Chromium (III),CHROMIUM(III),Dissolved,"GROWTH AND PROPAGATION OF FISH, SHELLFISH, OTHER AQUATIC LIFE AND WILDLIFE",,Acute,2 years,5,"15 results required for existing impaired, to determine attainment",CALM,,2,5,Aquatic Life,
Freshwater,Toxics,Chromium (III),CHROMIUM(III),Dissolved,"GROWTH AND PROPAGATION OF FISH, SHELLFISH, OTHER AQUATIC LIFE AND WILDLIFE",,Chronic,2 years,18,"18 results required for existing impaired, to determine attainment",CALM,,2,18,Aquatic Life,
Freshwater,Toxics,Chromium (VI),CHROMIUM(VI),Dissolved,"GROWTH AND PROPAGATION OF FISH, SHELLFISH, OTHER AQUATIC LIFE AND WILDLIFE",,Chronic,2 years,10,,CALM,,2,10,Aquatic Life,
Freshwater,Toxics,Chromium (VI),CHROMIUM(VI),Dissolved,"GROWTH AND PROPAGATION OF FISH, SHELLFISH, OTHER AQUATIC LIFE AND WILDLIFE",,Acute,2 years,5,"15 results required for existing impaired, to determine attainment",CALM,,2,5,Aquatic Life,
Freshwater,Toxics,Chromium (VI),CHROMIUM(VI),Dissolved,"GROWTH AND PROPAGATION OF FISH, SHELLFISH, OTHER AQUATIC LIFE AND WILDLIFE",,Chronic,2 years,18,"18 results required for existing impaired, to determine attainment",CALM,,2,18,Aquatic Life,
Freshwater,Toxics,Chromium (VI),CHROMIUM(VI),Dissolved,WATER SUPPLY,"AGRICULTURE, INCLUDING IRRIGATION AND STOCK WATERING",,2 years,10,"15 results required for existing impaired, to determine attainment",CALM,,2,10,Water Supply,Stock Watering
Marine,Toxics,Chromium (VI),CHROMIUM(VI),Dissolved,"GROWTH AND PROPAGATION OF FISH, SHELLFISH, OTHER AQUATIC LIFE AND WILDLIFE",,Chronic,2 years,10,,CALM,,2,10,Aquatic Life,
Marine,Toxics,Chromium (VI),CHROMIUM(VI),Dissolved,"GROWTH AND PROPAGATION OF FISH, SHELLFISH, OTHER AQUATIC LIFE AND WILDLIFE",,Acute,2 years,5,"15 results required for existing impaired, to determine attainment",CALM,,2,5,Aquatic Life,
Marine,Toxics,Chromium (VI),CHROMIUM(VI),Dissolved,"GROWTH AND PROPAGATION OF FISH, SHELLFISH, OTHER AQUATIC LIFE AND WILDLIFE",,Chronic,2 years,18,"18 results required for existing impaired, to determine attainment",CALM,,2,18,Aquatic Life,
Freshwater,Toxics,Cobalt,COBALT,Dissolved,WATER SUPPLY,"AGRICULTURE, INCLUDING IRRIGATION AND STOCK WATERING",,2 years,10,"15 results required for existing impaired, to determine attainment",CALM,,2,10,Water Supply,Irrigation
Freshwater,Toxics,Copper,COPPER,Dissolved,"GROWTH AND PROPAGATION OF FISH, SHELLFISH, OTHER AQUATIC LIFE AND WILDLIFE",,Chronic,2 years,10,,CALM,,2,10,Aquatic Life,
Freshwater,Toxics,Copper,COPPER,Dissolved,"GROWTH AND PROPAGATION OF FISH, SHELLFISH, OTHER AQUATIC LIFE AND WILDLIFE",,Acute,2 years,5,"15 results required for existing impaired, to determine attainment",CALM,,2,5,Aquatic Life,
Freshwater,Toxics,Copper,COPPER,Dissolved,"GROWTH AND PROPAGATION OF FISH, SHELLFISH, OTHER AQUATIC LIFE AND WILDLIFE",,Chronic,2 years,18,"18 results required for existing impaired, to determine attainment",CALM,,2,18,Aquatic Life,
Freshwater,Toxics,Copper,COPPER,Total,WATER SUPPLY,"DRINKING, CULINARY, AND FOOD PROCESSING",,2 years,10,"15 results required for existing impaired, to determine attainment",CALM,,2,10,Human Health,Water and Aquatic Organisms
Freshwater,Toxics,Copper,COPPER,Dissolved,WATER SUPPLY,"AGRICULTURE, INCLUDING IRRIGATION AND STOCK WATERING",,2 years,10,"15 results required for existing impaired, to determine attainment",CALM,,2,10,Water Supply,Irrigation
Marine,Toxics,Copper,COPPER,Dissolved,"GROWTH AND PROPAGATION OF FISH, SHELLFISH, OTHER AQUATIC LIFE AND WILDLIFE",,Chronic,2 years,10,,CALM,,2,10,Aquatic Life,
Marine,Toxics,Copper,COPPER,Dissolved,"GROWTH AND PROPAGATION OF FISH, SHELLFISH, OTHER AQUATIC LIFE AND WILDLIFE",,Acute,2 years,5,"15 results required for existing impaired, to determine attainment",CALM,,2,5,Aquatic Life,
Marine,Toxics,Copper,COPPER,Dissolved,"GROWTH AND PROPAGATION OF FISH, SHELLFISH, OTHER AQUATIC LIFE AND WILDLIFE",,Chronic,2 years,18,"18 results required for existing impaired, to determine attainment",CALM,,2,18,Aquatic Life,
Freshwater,Toxics,Cyanide,CYANIDE,Dissolved,"GROWTH AND PROPAGATION OF FISH, SHELLFISH, OTHER AQUATIC LIFE AND WILDLIFE",,Chronic,2 years,10,,CALM,,2,10,Aquatic Life,
Freshwater,Toxics,Cyanide,CYANIDE,Dissolved,"GROWTH AND PROPAGATION OF FISH, SHELLFISH, OTHER AQUATIC LIFE AND WILDLIFE",,Acute,2 years,5,"15 results required for existing impaired, to determine attainment",CALM,,2,5,Aquatic Life,
Freshwater,Toxics,Cyanide,CYANIDE,Dissolved,"GROWTH AND PROPAGATION OF FISH, SHELLFISH, OTHER AQUATIC LIFE AND WILDLIFE",,Chronic,2 years,18,"18 results required for existing impaired, to determine attainment",CALM,,2,18,Aquatic Life,
Freshwater,Toxics,Cyanide,CYANIDE,Dissolved,WATER SUPPLY,"DRINKING, CULINARY, AND FOOD PROCESSING",,2 years,10,"15 results required for existing impaired, to determine attainment",CALM,,2,10,Human Health,Water and Aquatic Organisms
Freshwater,Toxics,Cyanide,CYANIDE,Dissolved,WATER SUPPLY,"DRINKING, CULINARY, AND FOOD PROCESSING",,2 years,10,"15 results required for existing impaired, to determine attainment",CALM,,2,10,Water Supply,"Drinking, Culinary, and Food Processing"
Marine,Toxics,Cyanide,CYANIDE,Dissolved,"GROWTH AND PROPAGATION OF FISH, SHELLFISH, OTHER AQUATIC LIFE AND WILDLIFE",,,2 years,10,"15 results required for existing impaired, to determine attainment",CALM,,2,10,Human Health,Aquatic Organisms Only
Marine,Toxics,Cyanide,CYANIDE,Dissolved,"GROWTH AND PROPAGATION OF FISH, SHELLFISH, OTHER AQUATIC LIFE AND WILDLIFE",,Acute,2 years,5,"15 results required for existing impaired, to determine attainment",CALM,,2,5,Aquatic Life,
Marine,Toxics,Cyanide,CYANIDE,Dissolved,"GROWTH AND PROPAGATION OF FISH, SHELLFISH, OTHER AQUATIC LIFE AND WILDLIFE",,Chronic,2 years,10,,CALM,,2,10,Aquatic Life,
Marine,Toxics,Cyanide,CYANIDE,Dissolved,"GROWTH AND PROPAGATION OF FISH, SHELLFISH, OTHER AQUATIC LIFE AND WILDLIFE",,Chronic,2 years,18,"18 results required for existing impaired, to determine attainment",CALM,,2,18,Aquatic Life,
Freshwater,Toxics,"Dichlorobenzene 1,2-","1,2-DICHLOROBENZENE-D4",Dissolved,WATER SUPPLY,"DRINKING, CULINARY, AND FOOD PROCESSING",,2 years,10,"15 results required for existing impaired, to determine attainment",CALM,,2,10,Human Health,Water and Aquatic Organisms
Freshwater,Toxics,"Dichlorobenzene 1,2-","1,2-DICHLOROBENZENE-D4",Dissolved,WATER SUPPLY,"DRINKING, CULINARY, AND FOOD PROCESSING",,2 years,10,"15 results required for existing impaired, to determine attainment",CALM,,2,10,Water Supply,"Drinking, Culinary, and Food Processing"
Marine,Toxics,"Dichlorobenzene 1,2-","1,2-DICHLOROBENZENE-D4",Dissolved,"GROWTH AND PROPAGATION OF FISH, SHELLFISH, OTHER AQUATIC LIFE AND WILDLIFE",,,2 years,10,"15 results required for existing impaired, to determine attainment",CALM,,2,10,Human Health,Aquatic Organisms Only
Freshwater,Toxics,"Dichlorobenzene 1,3-","1,3-DICHLOROBENZENE",Dissolved,WATER SUPPLY,"DRINKING, CULINARY, AND FOOD PROCESSING",,2 years,10,"15 results required for existing impaired, to determine attainment",CALM,,2,10,Human Health,Water and Aquatic Organisms
Marine,Toxics,"Dichlorobenzene 1,3-","1,3-DICHLOROBENZENE",Dissolved,"GROWTH AND PROPAGATION OF FISH, SHELLFISH, OTHER AQUATIC LIFE AND WILDLIFE",,,2 years,10,"15 results required for existing impaired, to determine attainment",CALM,,2,10,Human Health,Aquatic Organisms Only
Freshwater,Toxics,"Dichlorobenzene 1,4-","1,4-DICHLOROBENZENE-D4",Dissolved,WATER SUPPLY,"DRINKING, CULINARY, AND FOOD PROCESSING",,2 years,10,"15 results required for existing impaired, to determine attainment",CALM,,2,10,Human Health,Water and Aquatic Organisms
Freshwater,Toxics,"Dichlorobenzene 1,4-","1,4-DICHLOROBENZENE-D4",Dissolved,WATER SUPPLY,"DRINKING, CULINARY, AND FOOD PROCESSING",,2 years,10,"15 results required for existing impaired, to determine attainment",CALM,,2,10,Water Supply,"Drinking, Culinary, and Food Processing"
Marine,Toxics,"Dichlorobenzene 1,4-","1,4-DICHLOROBENZENE-D4",Dissolved,"GROWTH AND PROPAGATION OF FISH, SHELLFISH, OTHER AQUATIC LIFE AND WILDLIFE",,,2 years,10,"15 results required for existing impaired, to determine attainment",CALM,,2,10,Human Health,Aquatic Organisms Only
Freshwater,Toxics,Ethylbenzene,ETHYLBENZENE,,WATER SUPPLY,"DRINKING, CULINARY, AND FOOD PROCESSING",,2 years,10,"15 results required for existing impaired, to determine attainment",CALM,,2,10,Human Health,Water and Aquatic Organisms
Freshwater,Toxics,Ethylbenzene,ETHYLBENZENE,,WATER SUPPLY,"DRINKING, CULINARY, AND FOOD PROCESSING",,2 years,10,"15 results required for existing impaired, to determine attainment",CALM,,2,10,Water Supply,"Drinking, Culinary, and Food Processing"
Marine,Toxics,Ethylbenzene,ETHYLBENZENE,,"GROWTH AND PROPAGATION OF FISH, SHELLFISH, OTHER AQUATIC LIFE AND WILDLIFE",,,2 years,10,"15 results required for existing impaired, to determine attainment",CALM,,2,10,Human Health,Aquatic Organisms Only
Freshwater,Toxics,Fluoride,FLUORIDE,Dissolved,WATER SUPPLY,"DRINKING, CULINARY, AND FOOD PROCESSING",,2 years,10,"15 results required for existing impaired, to determine attainment",CALM,,2,10,Water Supply,"Drinking, Culinary, and Food Processing"
Freshwater,Toxics,Fluoride,FLUORIDE,Dissolved,WATER SUPPLY,"AGRICULTURE, INCLUDING IRRIGATION AND STOCK WATERING",,2 years,10,"15 results required for existing impaired, to determine attainment",CALM,,2,10,Water Supply,Stock Watering
Freshwater,Toxics,Hydrogen Sulfide,HYDROGEN SULFIDE,Dissolved,"GROWTH AND PROPAGATION OF FISH, SHELLFISH, OTHER AQUATIC LIFE AND WILDLIFE",,Chronic,2 years,10,,CALM,,2,10,Aquatic Life,
Freshwater,Toxics,Hydrogen Sulfide,HYDROGEN SULFIDE,Dissolved,"GROWTH AND PROPAGATION OF FISH, SHELLFISH, OTHER AQUATIC LIFE AND WILDLIFE",,Chronic,2 years,18,"18 results required for existing impaired, to determine attainment",CALM,,2,18,Aquatic Life,
Marine,Toxics,Hydrogen Sulfide,HYDROGEN SULFIDE,Dissolved,"GROWTH AND PROPAGATION OF FISH, SHELLFISH, OTHER AQUATIC LIFE AND WILDLIFE",,Chronic,2 years,10,,CALM,,2,10,Aquatic Life,
Marine,Toxics,Hydrogen Sulfide,HYDROGEN SULFIDE,Dissolved,"GROWTH AND PROPAGATION OF FISH, SHELLFISH, OTHER AQUATIC LIFE AND WILDLIFE",,Chronic,2 years,18,"18 results required for existing impaired, to determine attainment",CALM,,2,18,Aquatic Life,
Freshwater,Toxics,Iron,IRON,Dissolved,"GROWTH AND PROPAGATION OF FISH, SHELLFISH, OTHER AQUATIC LIFE AND WILDLIFE",,Chronic,2 years,10,,CALM,,2,10,Aquatic Life,
Freshwater,Toxics,Iron,IRON,Dissolved,"GROWTH AND PROPAGATION OF FISH, SHELLFISH, OTHER AQUATIC LIFE AND WILDLIFE",,Chronic,2 years,18,"18 results required for existing impaired, to determine attainment",CALM,,2,18,Aquatic Life,
Freshwater,Toxics,Iron,IRON,Dissolved,WATER SUPPLY,"AGRICULTURE, INCLUDING IRRIGATION AND STOCK WATERING",,2 years,10,"15 results required for existing impaired, to determine attainment",CALM,,2,10,Water Supply,Irrigation
Freshwater,Toxics,Lead,LEAD,Dissolved,"GROWTH AND PROPAGATION OF FISH, SHELLFISH, OTHER AQUATIC LIFE AND WILDLIFE",,Chronic,2 years,10,"15 results required for existing impaired, to determine attainment",CALM,,2,10,Aquatic Life,
Freshwater,Toxics,Lead,LEAD,Dissolved,"GROWTH AND PROPAGATION OF FISH, SHELLFISH, OTHER AQUATIC LIFE AND WILDLIFE",,Acute,2 years,5,"15 results required for existing impaired, to determine attainment",CALM,,2,5,Aquatic Life,
Freshwater,Toxics,Lead,LEAD,Dissolved,WATER SUPPLY,"AGRICULTURE, INCLUDING IRRIGATION AND STOCK WATERING",,2 years,10,"15 results required for existing impaired, to determine attainment",CALM,,2,10,Water Supply,Stock Watering
Freshwater,Toxics,Lead,LEAD,Dissolved,WATER SUPPLY,"AGRICULTURE, INCLUDING IRRIGATION AND STOCK WATERING",,2 years,10,"15 results required for existing impaired, to determine attainment",CALM,,2,10,Water Supply,Irrigation
Marine,Toxics,Lead,LEAD,Dissolved,"GROWTH AND PROPAGATION OF FISH, SHELLFISH, OTHER AQUATIC LIFE AND WILDLIFE",,Chronic,2 years,10,,CALM,,2,10,Aquatic Life,
Marine,Toxics,Lead,LEAD,Dissolved,"GROWTH AND PROPAGATION OF FISH, SHELLFISH, OTHER AQUATIC LIFE AND WILDLIFE",,Acute,2 years,5,"15 results required for existing impaired, to determine attainment",CALM,,2,5,Aquatic Life,
Marine,Toxics,Lead,LEAD,Dissolved,"GROWTH AND PROPAGATION OF FISH, SHELLFISH, OTHER AQUATIC LIFE AND WILDLIFE",,Chronic,2 years,18,"18 results required for existing impaired, to determine attainment",CALM,,2,18,Aquatic Life,
Marine,Toxics,Manganese ,MANGANESE,Dissolved,"GROWTH AND PROPAGATION OF FISH, SHELLFISH, OTHER AQUATIC LIFE AND WILDLIFE",,,2 years,10,"15 results required for existing impaired, to determine attainment",CALM,,2,10,Human Health,Aquatic Organisms Only
Freshwater,Toxics,Manganese,MANGANESE,Total,WATER SUPPLY,"DRINKING, CULINARY, AND FOOD PROCESSING",,2 years,10,"15 results required for existing impaired, to determine attainment",CALM,,2,10,Water Supply,"Drinking, Culinary, and Food Processing"
Freshwater,Toxics,Manganese,MANGANESE,Total,WATER SUPPLY,"AGRICULTURE, INCLUDING IRRIGATION AND STOCK WATERING",,2 years,10,"15 results required for existing impaired, to determine attainment",CALM,,2,10,Water Supply,Irrigation
Freshwater,Toxics,Mercury,MERCURY,Total Recoverable,"GROWTH AND PROPAGATION OF FISH, SHELLFISH, OTHER AQUATIC LIFE AND WILDLIFE",,Chronic,2 years,10,,CALM,,2,10,Aquatic Life,
Freshwater,Toxics,Mercury,MERCURY,Total Recoverable,"GROWTH AND PROPAGATION OF FISH, SHELLFISH, OTHER AQUATIC LIFE AND WILDLIFE",,Acute,2 years,5,"15 results required for existing impaired, to determine attainment",CALM,,2,5,Aquatic Life,
Freshwater,Toxics,Mercury,MERCURY,Total Recoverable,"GROWTH AND PROPAGATION OF FISH, SHELLFISH, OTHER AQUATIC LIFE AND WILDLIFE",,Chronic,2 years,18,"18 results required for existing impaired, to determine attainment",CALM,,2,18,Aquatic Life,
Freshwater,Toxics,Mercury,MERCURY,Total Recoverable,WATER SUPPLY,"DRINKING, CULINARY, AND FOOD PROCESSING",,2 years,10,"15 results required for existing impaired, to determine attainment",CALM,,2,10,Human Health,Water and Aquatic Organisms
Marine,Toxics,Mercury,MERCURY,Total Recoverable,"GROWTH AND PROPAGATION OF FISH, SHELLFISH, OTHER AQUATIC LIFE AND WILDLIFE",,,2 years,10,"15 results required for existing impaired, to determine attainment",CALM,,2,10,Human Health,Aquatic Organisms Only
Freshwater,Toxics,Mercury,MERCURY,Total Recoverable,WATER SUPPLY,"DRINKING, CULINARY, AND FOOD PROCESSING",,2 years,10,"15 results required for existing impaired, to determine attainment",CALM,,2,10,Water Supply,"Drinking, Culinary, and Food Processing"
Marine,Toxics,Mercury,MERCURY,Dissolved,"GROWTH AND PROPAGATION OF FISH, SHELLFISH, OTHER AQUATIC LIFE AND WILDLIFE",,Chronic,2 years,10,,CALM,,2,10,Aquatic Life,
Marine,Toxics,Mercury,MERCURY,Dissolved,"GROWTH AND PROPAGATION OF FISH, SHELLFISH, OTHER AQUATIC LIFE AND WILDLIFE",,Acute,2 years,5,"15 results required for existing impaired, to determine attainment",CALM,,2,5,Aquatic Life,
Marine,Toxics,Mercury,MERCURY,Dissolved,"GROWTH AND PROPAGATION OF FISH, SHELLFISH, OTHER AQUATIC LIFE AND WILDLIFE",,Chronic,2 years,18,"18 results required for existing impaired, to determine attainment",CALM,,2,18,Aquatic Life,
Freshwater,Toxics,Nickel,NICKEL,Dissolved,"GROWTH AND PROPAGATION OF FISH, SHELLFISH, OTHER AQUATIC LIFE AND WILDLIFE",,Chronic,2 years,10,,CALM,,2,10,Aquatic Life,
Freshwater,Toxics,Nickel,NICKEL,Dissolved,"GROWTH AND PROPAGATION OF FISH, SHELLFISH, OTHER AQUATIC LIFE AND WILDLIFE",,Acute,2 years,5,"15 results required for existing impaired, to determine attainment",CALM,,2,5,Aquatic Life,
Freshwater,Toxics,Nickel,NICKEL,Dissolved,"GROWTH AND PROPAGATION OF FISH, SHELLFISH, OTHER AQUATIC LIFE AND WILDLIFE",,Chronic,2 years,18,"18 results required for existing impaired, to determine attainment",CALM,,2,18,Aquatic Life,
Freshwater,Toxics,Nickel,NICKEL,Total,WATER SUPPLY,"DRINKING, CULINARY, AND FOOD PROCESSING",,2 years,10,"15 results required for existing impaired, to determine attainment",CALM,,2,10,Human Health,Water and Aquatic Organisms
Marine,Toxics,Nickel,NICKEL,Dissolved,"GROWTH AND PROPAGATION OF FISH, SHELLFISH, OTHER AQUATIC LIFE AND WILDLIFE",,,2 years,10,"15 results required for existing impaired, to determine attainment",CALM,,2,10,Human Health,Aquatic Organisms Only
Freshwater,Toxics,Nickel,NICKEL,Dissolved,WATER SUPPLY,"AGRICULTURE, INCLUDING IRRIGATION AND STOCK WATERING",,2 years,10,"15 results required for existing impaired, to determine attainment",CALM,,2,10,Water Supply,Irrigation
Marine,Toxics,Nickel,NICKEL,Dissolved,"GROWTH AND PROPAGATION OF FISH, SHELLFISH, OTHER AQUATIC LIFE AND WILDLIFE",,Chronic,2 years,10,,CALM,,2,10,Aquatic Life,
Marine,Toxics,Nickel,NICKEL,Dissolved,"GROWTH AND PROPAGATION OF FISH, SHELLFISH, OTHER AQUATIC LIFE AND WILDLIFE",,Acute,2 years,5,"15 results required for existing impaired, to determine attainment",CALM,,2,5,Aquatic Life,
Marine,Toxics,Nickel,NICKEL,Dissolved,"GROWTH AND PROPAGATION OF FISH, SHELLFISH, OTHER AQUATIC LIFE AND WILDLIFE",,Chronic,2 years,18,"18 results required for existing impaired, to determine attainment",CALM,,2,18,Aquatic Life,
Freshwater,Toxics,Nitrate,NITRATE,Dissolved,WATER SUPPLY,"DRINKING, CULINARY, AND FOOD PROCESSING",,2 years,10,"15 results required for existing impaired, to determine attainment",CALM,,2,10,Water Supply,"Drinking, Culinary, and Food Processing"
Freshwater,Toxics,Nitrate and Nitrite,NITRATE + NITRITE,Total,WATER SUPPLY,"DRINKING, CULINARY, AND FOOD PROCESSING",,2 years,10,"15 results required for existing impaired, to determine attainment",CALM,,2,10,Water Supply,"Drinking, Culinary, and Food Processing"
Freshwater,Toxics,Nitrite,NITRITE,Dissolved,WATER SUPPLY,"DRINKING, CULINARY, AND FOOD PROCESSING",,2 years,10,"15 results required for existing impaired, to determine attainment",CALM,,2,10,Water Supply,"Drinking, Culinary, and Food Processing"
Marine,Toxics,Phosphorus (elemental),PHOSPHORUS,Total,"GROWTH AND PROPAGATION OF FISH, SHELLFISH, OTHER AQUATIC LIFE AND WILDLIFE",,Chronic,2 years,10,,CALM,,2,10,Aquatic Life,
Marine,Toxics,Phosphorus (elemental),PHOSPHORUS,Total,"GROWTH AND PROPAGATION OF FISH, SHELLFISH, OTHER AQUATIC LIFE AND WILDLIFE",,Chronic,2 years,18,"18 results required for existing impaired, to determine attainment",CALM,,2,18,Aquatic Life,
Freshwater,Toxics,Selenium,SELENIUM,Total Recoverable  ,"GROWTH AND PROPAGATION OF FISH, SHELLFISH, OTHER AQUATIC LIFE AND WILDLIFE",,Chronic,2 years,10,,CALM,,2,10,Aquatic Life,
Freshwater,Toxics,Selenium,SELENIUM,Total Recoverable  ,"GROWTH AND PROPAGATION OF FISH, SHELLFISH, OTHER AQUATIC LIFE AND WILDLIFE",,Acute,2 years,5,"15 results required for existing impaired, to determine attainment",CALM,,2,5,Aquatic Life,
Freshwater,Toxics,Selenium,SELENIUM,Total Recoverable  ,"GROWTH AND PROPAGATION OF FISH, SHELLFISH, OTHER AQUATIC LIFE AND WILDLIFE",,Chronic,2 years,18,"18 results required for existing impaired, to determine attainment",CALM,,2,18,Aquatic Life,
Freshwater,Toxics,Selenium,SELENIUM,Total,WATER SUPPLY,"DRINKING, CULINARY, AND FOOD PROCESSING",,2 years,10,"15 results required for existing impaired, to determine attainment",CALM,,2,10,Human Health,Water and Aquatic Organisms
Freshwater,Toxics,Selenium,SELENIUM,Total,WATER SUPPLY,"DRINKING, CULINARY, AND FOOD PROCESSING",,2 years,10,"15 results required for existing impaired, to determine attainment",CALM,,2,10,Water Supply,"Drinking, Culinary, and Food Processing"
Marine,Toxics,Selenium,SELENIUM,Dissolved,"GROWTH AND PROPAGATION OF FISH, SHELLFISH, OTHER AQUATIC LIFE AND WILDLIFE",,,2 years,10,"15 results required for existing impaired, to determine attainment",CALM,,2,10,Human Health,Aquatic Organisms Only
Freshwater,Toxics,Selenium,SELENIUM,Dissolved,WATER SUPPLY,"AGRICULTURE, INCLUDING IRRIGATION AND STOCK WATERING",,2 years,10,"15 results required for existing impaired, to determine attainment",CALM,,2,10,Water Supply,Stock Watering
Freshwater,Toxics,Selenium,SELENIUM,Dissolved,WATER SUPPLY,"AGRICULTURE, INCLUDING IRRIGATION AND STOCK WATERING",,2 years,10,"15 results required for existing impaired, to determine attainment",CALM,,2,10,Water Supply,Irrigation
Marine,Toxics,Selenium,SELENIUM,Dissolved,"GROWTH AND PROPAGATION OF FISH, SHELLFISH, OTHER AQUATIC LIFE AND WILDLIFE",,Chronic,2 years,10,,CALM,,2,10,Aquatic Life,
Marine,Toxics,Selenium,SELENIUM,Dissolved,"GROWTH AND PROPAGATION OF FISH, SHELLFISH, OTHER AQUATIC LIFE AND WILDLIFE",,Acute,2 years,5,"15 results required for existing impaired, to determine attainment",CALM,,2,5,Aquatic Life,
Marine,Toxics,Selenium,SELENIUM,Dissolved,"GROWTH AND PROPAGATION OF FISH, SHELLFISH, OTHER AQUATIC LIFE AND WILDLIFE",,Chronic,2 years,18,"18 results required for existing impaired, to determine attainment",CALM,,2,18,Aquatic Life,
Freshwater,Toxics,Silver,SILVER,Dissolved,"GROWTH AND PROPAGATION OF FISH, SHELLFISH, OTHER AQUATIC LIFE AND WILDLIFE",,Acute,2 years,5,"15 results required for existing impaired, to determine attainment",CALM,,2,5,Aquatic Life,
Marine,Toxics,Silver,SILVER,Dissolved,"GROWTH AND PROPAGATION OF FISH, SHELLFISH, OTHER AQUATIC LIFE AND WILDLIFE",,Acute,2 years,5,"15 results required for existing impaired, to determine attainment",CALM,,2,5,Aquatic Life,
Freshwater,Toxics,Strontium-90,STRONTIUM-90,Total,WATER SUPPLY,"DRINKING, CULINARY, AND FOOD PROCESSING",,2 years,10,"15 results required for existing impaired, to determine attainment",CALM,,2,10,Water Supply,"Drinking, Culinary, and Food Processing"
Freshwater,Toxics,Toluene,TOLUENE,,WATER SUPPLY,"DRINKING, CULINARY, AND FOOD PROCESSING",,2 years,10,"15 results required for existing impaired, to determine attainment",CALM,,2,10,Human Health,Water and Aquatic Organisms
Freshwater,Toxics,Toluene,TOLUENE,,WATER SUPPLY,"DRINKING, CULINARY, AND FOOD PROCESSING",,2 years,10,"15 results required for existing impaired, to determine attainment",CALM,,2,10,Water Supply,"Drinking, Culinary, and Food Processing"
Marine,Toxics,Toluene,TOLUENE,,"GROWTH AND PROPAGATION OF FISH, SHELLFISH, OTHER AQUATIC LIFE AND WILDLIFE",,,2 years,10,"15 results required for existing impaired, to determine attainment",CALM,,2,10,Human Health,Aquatic Organisms Only
Freshwater,Toxics,Xylenes,TOTAL XYLENES,,WATER SUPPLY,"DRINKING, CULINARY, AND FOOD PROCESSING",,2 years,10,"15 results required for existing impaired, to determine attainment",CALM,,2,10,Water Supply,"Drinking, Culinary, and Food Processing"
Freshwater,Toxics,Zinc,ZINC,Dissolved,"GROWTH AND PROPAGATION OF FISH, SHELLFISH, OTHER AQUATIC LIFE AND WILDLIFE",,Acute,2 years,5,"15 results required for existing impaired, to determine attainment",CALM,,2,5,Aquatic Life,
Freshwater,Toxics,Zinc,ZINC,Dissolved,"GROWTH AND PROPAGATION OF FISH, SHELLFISH, OTHER AQUATIC LIFE AND WILDLIFE",,Chronic,2 years,10,,CALM,,2,10,Aquatic Life,
Freshwater,Toxics,Zinc,ZINC,Dissolved,"GROWTH AND PROPAGATION OF FISH, SHELLFISH, OTHER AQUATIC LIFE AND WILDLIFE",,Chronic,2 years,18,"18 results required for existing impaired, to determine attainment",CALM,,2,18,Aquatic Life,
Freshwater,Toxics,Zinc,ZINC,Total,WATER SUPPLY,"DRINKING, CULINARY, AND FOOD PROCESSING",,2 years,10,"15 results required for existing impaired, to determine attainment",CALM,,2,10,Human Health,Water and Aquatic Organisms
Marine,Toxics,Zinc,ZINC,Dissolved,"GROWTH AND PROPAGATION OF FISH, SHELLFISH, OTHER AQUATIC LIFE AND WILDLIFE",,,2 years,10,"15 results required for existing impaired, to determine attainment",CALM,,2,10,Human Health,Aquatic Organisms Only
Freshwater,Toxics,Zinc,ZINC,Dissolved,WATER SUPPLY,"AGRICULTURE, INCLUDING IRRIGATION AND STOCK WATERING",,2 years,10,"15 results required for existing impaired, to determine attainment",CALM,,2,10,Water Supply,Irrigation
Marine,Toxics,Zinc,ZINC,Dissolved,"GROWTH AND PROPAGATION OF FISH, SHELLFISH, OTHER AQUATIC LIFE AND WILDLIFE",,Chronic,2 years,10,,CALM,,2,10,Aquatic Life,
Marine,Toxics,Zinc,ZINC,Dissolved,"GROWTH AND PROPAGATION OF FISH, SHELLFISH, OTHER AQUATIC LIFE AND WILDLIFE",,Acute,2 years,5,"15 results required for existing impaired, to determine attainment",CALM,,2,5,Aquatic Life,
Marine,Toxics,Zinc,ZINC,Dissolved,"GROWTH AND PROPAGATION OF FISH, SHELLFISH, OTHER AQUATIC LIFE AND WILDLIFE",,Chronic,2 years,18,"18 results required for existing impaired, to determine attainment",CALM,,2,18,Aquatic Life,
Freshwater,Turbidity,Turbidity,TURBIDITY,,WATER RECREATION,CONTACT RECREATION,,2 years,20 days,Characterizes an annual period of concern of at least 3 weeks,Turbidity,"Years of assessment need not be consecutive but should be within a reasonably short timeframe (i.e., within 5 years if possible)",2,20,Primary Contact Recreation,
Freshwater,Toxics,Acenapthene,ACENAPHTHENE,Dissolved,WATER SUPPLY,"DRINKING, CULINARY, AND FOOD PROCESSING",,2 years,10,"15 results required for existing impaired, to determine attainment",CALM,,2,10,Human Health,Water and Aquatic Organisms
Marine,Toxics,Acenapthene,ACENAPHTHENE,Dissolved,"GROWTH AND PROPAGATION OF FISH, SHELLFISH, OTHER AQUATIC LIFE AND WILDLIFE",,,2 years,10,"15 results required for existing impaired, to determine attainment",CALM,,2,10,Human Health,Aquatic Organisms Only
Freshwater,Toxics,Acrolein,ACROLEIN,Dissolved,WATER SUPPLY,"DRINKING, CULINARY, AND FOOD PROCESSING",,2 years,10,"15 results required for existing impaired, to determine attainment",CALM,,2,10,Human Health,Water and Aquatic Organisms
Marine,Toxics,Acrolein,ACROLEIN,Dissolved,"GROWTH AND PROPAGATION OF FISH, SHELLFISH, OTHER AQUATIC LIFE AND WILDLIFE",,,2 years,10,"15 results required for existing impaired, to determine attainment",CALM,,2,10,Human Health,Aquatic Organisms Only
Freshwater,Toxics,Alachor,ALACHLOR,Dissolved,WATER SUPPLY,"DRINKING, CULINARY, AND FOOD PROCESSING",,2 years,10,"15 results required for existing impaired, to determine attainment",CALM,,2,10,Water Supply,"Drinking, Culinary, and Food Processing"
Freshwater,Toxics,Aldicarb,ALDICARB,Dissolved,WATER SUPPLY,"DRINKING, CULINARY, AND FOOD PROCESSING",,2 years,10,"15 results required for existing impaired, to determine attainment",CALM,,2,10,Water Supply,"Drinking, Culinary, and Food Processing"
Freshwater,Toxics,Aldicarb Sulfone,ALDICARB SULFONE,Dissolved,WATER SUPPLY,"DRINKING, CULINARY, AND FOOD PROCESSING",,2 years,10,"15 results required for existing impaired, to determine attainment",CALM,,2,10,Water Supply,"Drinking, Culinary, and Food Processing"
Freshwater,Toxics,Aldicarb Sulfoxide,ALDICARB SULFOXIDE,Dissolved,WATER SUPPLY,"DRINKING, CULINARY, AND FOOD PROCESSING",,2 years,10,"15 results required for existing impaired, to determine attainment",CALM,,2,10,Water Supply,"Drinking, Culinary, and Food Processing"
Freshwater,Toxics,Aldrin,ALDRIN,Dissolved,"GROWTH AND PROPAGATION OF FISH, SHELLFISH, OTHER AQUATIC LIFE AND WILDLIFE",,Acute,2 years,5,"15 results required for existing impaired, to determine attainment",CALM,,2,5,Aquatic Life,
Marine,Toxics,Aldrin,ALDRIN,Dissolved,"GROWTH AND PROPAGATION OF FISH, SHELLFISH, OTHER AQUATIC LIFE AND WILDLIFE",,Acute,2 years,5,"15 results required for existing impaired, to determine attainment",CALM,,2,5,Aquatic Life,
Freshwater,Toxics,alpha-Endosulfan,.ALPHA-ENDOSULFAN,Dissolved,"GROWTH AND PROPAGATION OF FISH, SHELLFISH, OTHER AQUATIC LIFE AND WILDLIFE",,Acute,2 years,5,"15 results required for existing impaired, to determine attainment",CALM,,2,5,Aquatic Life,
Freshwater,Toxics,alpha-Endosulfan,.ALPHA-ENDOSULFAN,Dissolved,"GROWTH AND PROPAGATION OF FISH, SHELLFISH, OTHER AQUATIC LIFE AND WILDLIFE",,Chronic,2 years,10,,CALM,,2,10,Aquatic Life,
Marine,Toxics,alpha-Endosulfan,.ALPHA-ENDOSULFAN,Dissolved,"GROWTH AND PROPAGATION OF FISH, SHELLFISH, OTHER AQUATIC LIFE AND WILDLIFE",,Acute,2 years,5,"15 results required for existing impaired, to determine attainment",CALM,,2,5,Aquatic Life,
Marine,Toxics,alpha-Endosulfan,.ALPHA-ENDOSULFAN,Dissolved,"GROWTH AND PROPAGATION OF FISH, SHELLFISH, OTHER AQUATIC LIFE AND WILDLIFE",,Chronic,2 years,18,"18 results required for existing impaired, to determine attainment",CALM,,2,18,Aquatic Life,
Freshwater,Toxics,alpha-Endosulfan,.ALPHA-ENDOSULFAN,Dissolved,WATER SUPPLY,"DRINKING, CULINARY, AND FOOD PROCESSING",,2 years,10,"15 results required for existing impaired, to determine attainment",CALM,,2,10,Human Health,Water and Aquatic Organisms
Marine,Toxics,alpha-Endosulfan,.ALPHA-ENDOSULFAN,Dissolved,"GROWTH AND PROPAGATION OF FISH, SHELLFISH, OTHER AQUATIC LIFE AND WILDLIFE",,,2 years,10,"15 results required for existing impaired, to determine attainment",CALM,,2,10,Human Health,Aquatic Organisms Only
Freshwater,Toxics,Anthracene,ANTHRACENE,Dissolved,WATER SUPPLY,"DRINKING, CULINARY, AND FOOD PROCESSING",,2 years,10,"15 results required for existing impaired, to determine attainment",CALM,,2,10,Human Health,Water and Aquatic Organisms
Marine,Toxics,Anthracene,ANTHRACENE,Dissolved,"GROWTH AND PROPAGATION OF FISH, SHELLFISH, OTHER AQUATIC LIFE AND WILDLIFE",,,2 years,10,"15 results required for existing impaired, to determine attainment",CALM,,2,10,Human Health,Aquatic Organisms Only
Freshwater,Toxics,Asbestos,ASBESTOS,,WATER SUPPLY,"DRINKING, CULINARY, AND FOOD PROCESSING",,2 years,10,"15 results required for existing impaired, to determine attainment",CALM,,2,10,Water Supply,"Drinking, Culinary, and Food Processing"
Freshwater,Toxics,Atrazine,ATRAZINE,Dissolved,WATER SUPPLY,"DRINKING, CULINARY, AND FOOD PROCESSING",,2 years,10,"15 results required for existing impaired, to determine attainment",CALM,,2,10,Water Supply,"Drinking, Culinary, and Food Processing"
Freshwater,Toxics,Benzo(a)Pyrene,BENZO[A]PYRENE,Dissolved,WATER SUPPLY,"DRINKING, CULINARY, AND FOOD PROCESSING",,2 years,10,"15 results required for existing impaired, to determine attainment",CALM,,2,10,Water Supply,"Drinking, Culinary, and Food Processing"
Freshwater,Toxics,beta-Endosulfan,BETA-ENDOSULFAN-D4,Dissolved,"GROWTH AND PROPAGATION OF FISH, SHELLFISH, OTHER AQUATIC LIFE AND WILDLIFE",,Acute,2 years,5,"15 results required for existing impaired, to determine attainment",CALM,,2,5,Aquatic Life,
Freshwater,Toxics,beta-Endosulfan,BETA-ENDOSULFAN-D4,Dissolved,"GROWTH AND PROPAGATION OF FISH, SHELLFISH, OTHER AQUATIC LIFE AND WILDLIFE",,Chronic,2 years,10,,CALM,,2,10,Aquatic Life,
Marine,Toxics,beta-Endosulfan,BETA-ENDOSULFAN-D4,Dissolved,"GROWTH AND PROPAGATION OF FISH, SHELLFISH, OTHER AQUATIC LIFE AND WILDLIFE",,Acute,2 years,5,"15 results required for existing impaired, to determine attainment",CALM,,2,5,Aquatic Life,
Marine,Toxics,beta-Endosulfan,BETA-ENDOSULFAN-D4,Dissolved,"GROWTH AND PROPAGATION OF FISH, SHELLFISH, OTHER AQUATIC LIFE AND WILDLIFE",,Chronic,2 years,10,,CALM,,2,10,Aquatic Life,
Freshwater,Toxics,beta-Endosulfan,BETA-ENDOSULFAN-D4,Dissolved,WATER SUPPLY,"DRINKING, CULINARY, AND FOOD PROCESSING",,2 years,10,"15 results required for existing impaired, to determine attainment",CALM,,2,10,Human Health,Water and Aquatic Organisms
Marine,Toxics,beta-Endosulfan,BETA-ENDOSULFAN-D4,Dissolved,"GROWTH AND PROPAGATION OF FISH, SHELLFISH, OTHER AQUATIC LIFE AND WILDLIFE",,,2 years,10,"15 results required for existing impaired, to determine attainment",CALM,,2,10,Human Health,Aquatic Organisms Only
Freshwater,Toxics,Bis(2-chloro-isoproply) Ether,BIS(2-CHLOROISOPROPYL) ETHER,Dissolved,WATER SUPPLY,"DRINKING, CULINARY, AND FOOD PROCESSING",,2 years,10,"15 results required for existing impaired, to determine attainment",CALM,,2,10,Human Health,Water and Aquatic Organisms
Marine,Toxics,Bis(2-chloro-isoproply) Ether,BIS(2-CHLOROISOPROPYL) ETHER,Dissolved,"GROWTH AND PROPAGATION OF FISH, SHELLFISH, OTHER AQUATIC LIFE AND WILDLIFE",,,2 years,10,"15 results required for existing impaired, to determine attainment",CALM,,2,10,Human Health,Aquatic Organisms Only
Freshwater,Toxics,Bis-chloromethyl Ether,BIS(CHLOROMETHYL) ETHER,Dissolved,WATER SUPPLY,"DRINKING, CULINARY, AND FOOD PROCESSING",,2 years,10,"15 results required for existing impaired, to determine attainment",CALM,,2,10,Human Health,Water and Aquatic Organisms
Marine,Toxics,Bis-chloromethyl Ether,BIS(CHLOROMETHYL) ETHER,Dissolved,"GROWTH AND PROPAGATION OF FISH, SHELLFISH, OTHER AQUATIC LIFE AND WILDLIFE",,,2 years,10,"15 results required for existing impaired, to determine attainment",CALM,,2,10,Human Health,Aquatic Organisms Only
Freshwater,Toxics,Bromate,BROMATE,Dissolved,WATER SUPPLY,"DRINKING, CULINARY, AND FOOD PROCESSING",,2 years,10,"15 results required for existing impaired, to determine attainment",CALM,,2,10,Water Supply,"Drinking, Culinary, and Food Processing"
Freshwater,Toxics,Butylbenzyl Phthalate,BUTYL BENZYL PHTHALATE,Dissolved,WATER SUPPLY,"DRINKING, CULINARY, AND FOOD PROCESSING",,2 years,10,"15 results required for existing impaired, to determine attainment",CALM,,2,10,Human Health,Water and Aquatic Organisms
Marine,Toxics,Butylbenzyl Phthalate,BUTYL BENZYL PHTHALATE,Dissolved,"GROWTH AND PROPAGATION OF FISH, SHELLFISH, OTHER AQUATIC LIFE AND WILDLIFE",,,2 years,10,"15 results required for existing impaired, to determine attainment",CALM,,2,10,Human Health,Aquatic Organisms Only
Freshwater,Toxics,Carbofuran,CARBOFURAN,Dissolved,WATER SUPPLY,"DRINKING, CULINARY, AND FOOD PROCESSING",,2 years,10,"15 results required for existing impaired, to determine attainment",CALM,,2,10,Water Supply,"Drinking, Culinary, and Food Processing"
Freshwater,Toxics,Carbon Tetrachloride,CARBON TETRACHLORIDE,Dissolved,WATER SUPPLY,"DRINKING, CULINARY, AND FOOD PROCESSING",,2 years,10,"15 results required for existing impaired, to determine attainment",CALM,,2,10,Water Supply,"Drinking, Culinary, and Food Processing"
Freshwater,Toxics,Chlordane,CHLORDANE,Dissolved,WATER SUPPLY,"DRINKING, CULINARY, AND FOOD PROCESSING",,2 years,10,"15 results required for existing impaired, to determine attainment",CALM,,2,10,Water Supply,"Drinking, Culinary, and Food Processing"
Freshwater,Toxics,Chlordane,CHLORDANE,Dissolved,"GROWTH AND PROPAGATION OF FISH, SHELLFISH, OTHER AQUATIC LIFE AND WILDLIFE",,Acute,2 years,5,"15 results required for existing impaired, to determine attainment",CALM,,2,5,Aquatic Life,
Freshwater,Toxics,Chlordane,CHLORDANE,Dissolved,"GROWTH AND PROPAGATION OF FISH, SHELLFISH, OTHER AQUATIC LIFE AND WILDLIFE",,Chronic,2 years,10,,CALM,,2,10,Aquatic Life,
Marine,Toxics,Chlordane,CHLORDANE,Dissolved,"GROWTH AND PROPAGATION OF FISH, SHELLFISH, OTHER AQUATIC LIFE AND WILDLIFE",,Acute,2 years,5,"15 results required for existing impaired, to determine attainment",CALM,,2,5,Aquatic Life,
Marine,Toxics,Chlordane,CHLORDANE,Dissolved,"GROWTH AND PROPAGATION OF FISH, SHELLFISH, OTHER AQUATIC LIFE AND WILDLIFE",,Chronic,2 years,10,,CALM,,2,10,Aquatic Life,
Freshwater,Toxics,Chlorite,CHLORITE,Dissolved,WATER SUPPLY,"DRINKING, CULINARY, AND FOOD PROCESSING",,2 years,10,"15 results required for existing impaired, to determine attainment",CALM,,2,10,Water Supply,"Drinking, Culinary, and Food Processing"
Freshwater,Toxics,"Chloro-napthalene, 2-",2-CHLORONAPHTHALENE,Dissolved,WATER SUPPLY,"DRINKING, CULINARY, AND FOOD PROCESSING",,2 years,10,"15 results required for existing impaired, to determine attainment",CALM,,2,10,Human Health,Water and Aquatic Organisms
Marine,Toxics,"Chloro-napthalene, 2-",2-CHLORONAPHTHALENE,Dissolved,"GROWTH AND PROPAGATION OF FISH, SHELLFISH, OTHER AQUATIC LIFE AND WILDLIFE",,,2 years,10,"15 results required for existing impaired, to determine attainment",CALM,,2,10,Human Health,Aquatic Organisms Only
Freshwater,Toxics,"Chlorophenol, 2-",CHLOROPHENOL,Dissolved,WATER SUPPLY,"DRINKING, CULINARY, AND FOOD PROCESSING",,2 years,10,"15 results required for existing impaired, to determine attainment",CALM,,2,10,Human Health,Water and Aquatic Organisms
Marine,Toxics,"Chlorophenol, 2-",CHLOROPHENOL,Dissolved,"GROWTH AND PROPAGATION OF FISH, SHELLFISH, OTHER AQUATIC LIFE AND WILDLIFE",,,2 years,10,"15 results required for existing impaired, to determine attainment",CALM,,2,10,Human Health,Aquatic Organisms Only
Freshwater,Toxics,Chloropyrifos,CHLORPYRIFOS,Dissolved,"GROWTH AND PROPAGATION OF FISH, SHELLFISH, OTHER AQUATIC LIFE AND WILDLIFE",,Acute,2 years,5,"15 results required for existing impaired, to determine attainment",CALM,,2,5,Aquatic Life,
Freshwater,Toxics,Chloropyrifos,CHLORPYRIFOS,Dissolved,"GROWTH AND PROPAGATION OF FISH, SHELLFISH, OTHER AQUATIC LIFE AND WILDLIFE",,Chronic,2 years,10,,CALM,,2,10,Aquatic Life,
Marine,Toxics,Chloropyrifos,CHLORPYRIFOS,Dissolved,"GROWTH AND PROPAGATION OF FISH, SHELLFISH, OTHER AQUATIC LIFE AND WILDLIFE",,Acute,2 years,5,"15 results required for existing impaired, to determine attainment",CALM,,2,5,Aquatic Life,
Marine,Toxics,Chloropyrifos,CHLORPYRIFOS,Dissolved,"GROWTH AND PROPAGATION OF FISH, SHELLFISH, OTHER AQUATIC LIFE AND WILDLIFE",,Chronic,2 years,10,,CALM,,2,10,Aquatic Life,
Freshwater,Toxics,Dalapon,DALAPON,Dissolved,WATER SUPPLY,"DRINKING, CULINARY, AND FOOD PROCESSING",,2 years,10,"15 results required for existing impaired, to determine attainment",CALM,,2,10,Water Supply,"Drinking, Culinary, and Food Processing"
Freshwater,Toxics,"DDT, 4,4'-","P,P'-DDT",Dissolved,"GROWTH AND PROPAGATION OF FISH, SHELLFISH, OTHER AQUATIC LIFE AND WILDLIFE",,Acute,2 years,5,"15 results required for existing impaired, to determine attainment",CALM,,2,5,Aquatic Life,
Freshwater,Toxics,"DDT, 4,4'-","P,P'-DDT",Dissolved,"GROWTH AND PROPAGATION OF FISH, SHELLFISH, OTHER AQUATIC LIFE AND WILDLIFE",,Chronic,2 years,10,,CALM,,2,10,Aquatic Life,
Marine,Toxics,"DDT, 4,4'-","P,P'-DDT",Dissolved,"GROWTH AND PROPAGATION OF FISH, SHELLFISH, OTHER AQUATIC LIFE AND WILDLIFE",,Acute,2 years,5,"15 results required for existing impaired, to determine attainment",CALM,,2,5,Aquatic Life,
Marine,Toxics,"DDT, 4,4'-","P,P'-DDT",Dissolved,"GROWTH AND PROPAGATION OF FISH, SHELLFISH, OTHER AQUATIC LIFE AND WILDLIFE",,Chronic,2 years,10,,CALM,,2,10,Aquatic Life,
Freshwater,Toxics,Demeton,DEMETON,Dissolved,"GROWTH AND PROPAGATION OF FISH, SHELLFISH, OTHER AQUATIC LIFE AND WILDLIFE",,Chronic,2 years,10,,CALM,,2,10,Aquatic Life,
Marine,Toxics,Demeton,DEMETON,Dissolved,"GROWTH AND PROPAGATION OF FISH, SHELLFISH, OTHER AQUATIC LIFE AND WILDLIFE",,Chronic,2 years,10,,CALM,,2,10,Aquatic Life,
Freshwater,Toxics,Diazinon,DIAZINON,Dissolved,"GROWTH AND PROPAGATION OF FISH, SHELLFISH, OTHER AQUATIC LIFE AND WILDLIFE",,Acute,2 years,5,"15 results required for existing impaired, to determine attainment",CALM,,2,5,Aquatic Life,
Freshwater,Toxics,Diazinon,DIAZINON,Dissolved,"GROWTH AND PROPAGATION OF FISH, SHELLFISH, OTHER AQUATIC LIFE AND WILDLIFE",,Chronic,2 years,10,,CALM,,2,10,Aquatic Life,
Marine,Toxics,Diazinon,DIAZINON,Dissolved,"GROWTH AND PROPAGATION OF FISH, SHELLFISH, OTHER AQUATIC LIFE AND WILDLIFE",,Acute,2 years,5,"15 results required for existing impaired, to determine attainment",CALM,,2,5,Aquatic Life,
Marine,Toxics,Diazinon,DIAZINON,Dissolved,"GROWTH AND PROPAGATION OF FISH, SHELLFISH, OTHER AQUATIC LIFE AND WILDLIFE",,Chronic,2 years,10,,CALM,,2,10,Aquatic Life,
Freshwater,Toxics,Dibromo-chloropropane,DIBROMOCHLOROPROPANE,Dissolved,WATER SUPPLY,"DRINKING, CULINARY, AND FOOD PROCESSING",,2 years,10,"15 results required for existing impaired, to determine attainment",CALM,,2,10,Water Supply,"Drinking, Culinary, and Food Processing"
Freshwater,Toxics,"Dichloroethane 1,2-","1,2-DICHLOROETHANE",Dissolved,WATER SUPPLY,"DRINKING, CULINARY, AND FOOD PROCESSING",,2 years,10,"15 results required for existing impaired, to determine attainment",CALM,,2,10,Water Supply,"Drinking, Culinary, and Food Processing"
Freshwater,Toxics,"Dichloroethylene 1,1-","1,1-DICHLOROETHYLENE",Dissolved,WATER SUPPLY,"DRINKING, CULINARY, AND FOOD PROCESSING",,2 years,10,"15 results required for existing impaired, to determine attainment",CALM,,2,10,Water Supply,"Drinking, Culinary, and Food Processing"
Freshwater,Toxics,"Dichloroethylene cis-1,2-","CIS-1,2-DICHLOROETHYLENE",Dissolved,WATER SUPPLY,"DRINKING, CULINARY, AND FOOD PROCESSING",,2 years,10,"15 results required for existing impaired, to determine attainment",CALM,,2,10,Water Supply,"Drinking, Culinary, and Food Processing"
Freshwater,Toxics,"Dichloroethylene trans-1,2-","TRANS-1,2-DICHLOROETHYLENE",Dissolved,WATER SUPPLY,"DRINKING, CULINARY, AND FOOD PROCESSING",,2 years,10,"15 results required for existing impaired, to determine attainment",CALM,,2,10,Water Supply,"Drinking, Culinary, and Food Processing"
Freshwater,Toxics,"Dichloroethylene trans-1,2-","TRANS-1,2-DICHLOROETHYLENE",Dissolved,WATER SUPPLY,"DRINKING, CULINARY, AND FOOD PROCESSING",,2 years,10,"15 results required for existing impaired, to determine attainment",CALM,,2,10,Human Health,Water and Aquatic Organisms
Marine,Toxics,"Dichloroethylene trans-1,2-","TRANS-1,2-DICHLOROETHYLENE",Dissolved,"GROWTH AND PROPAGATION OF FISH, SHELLFISH, OTHER AQUATIC LIFE AND WILDLIFE",,,2 years,10,"15 results required for existing impaired, to determine attainment",CALM,,2,10,Human Health,Aquatic Organisms Only
Freshwater,Toxics,"Dichlorophenol 2, 4-","2,4-DICHLOROPHENOL",Dissolved,WATER SUPPLY,"DRINKING, CULINARY, AND FOOD PROCESSING",,2 years,10,"15 results required for existing impaired, to determine attainment",CALM,,2,10,Human Health,Water and Aquatic Organisms
Marine,Toxics,"Dichlorophenol 2, 4-","2,4-DICHLOROPHENOL",Dissolved,"GROWTH AND PROPAGATION OF FISH, SHELLFISH, OTHER AQUATIC LIFE AND WILDLIFE",,,2 years,10,"15 results required for existing impaired, to determine attainment",CALM,,2,10,Human Health,Aquatic Organisms Only
Freshwater,Toxics,"Dichlorophenoxy 2, 4-Acetic Acid (2,4-D)","2,4-D",Dissolved,WATER SUPPLY,"DRINKING, CULINARY, AND FOOD PROCESSING",,2 years,10,"15 results required for existing impaired, to determine attainment",CALM,,2,10,Water Supply,"Drinking, Culinary, and Food Processing"
Freshwater,Toxics,"Dichloropropane 1, 2-","1,2-DICHLOROPROPANE",Dissolved,WATER SUPPLY,"DRINKING, CULINARY, AND FOOD PROCESSING",,2 years,10,"15 results required for existing impaired, to determine attainment",CALM,,2,10,Water Supply,"Drinking, Culinary, and Food Processing"
Freshwater,Toxics,Dieldrin,DIELDRIN,Dissolved,"GROWTH AND PROPAGATION OF FISH, SHELLFISH, OTHER AQUATIC LIFE AND WILDLIFE",,Acute,2 years,5,"15 results required for existing impaired, to determine attainment",CALM,,2,5,Aquatic Life,
Freshwater,Toxics,Dieldrin,DIELDRIN,Dissolved,"GROWTH AND PROPAGATION OF FISH, SHELLFISH, OTHER AQUATIC LIFE AND WILDLIFE",,Chronic,2 years,10,,CALM,,2,10,Aquatic Life,
Marine,Toxics,Dieldrin,DIELDRIN,Dissolved,"GROWTH AND PROPAGATION OF FISH, SHELLFISH, OTHER AQUATIC LIFE AND WILDLIFE",,Acute,2 years,5,"15 results required for existing impaired, to determine attainment",CALM,,2,5,Aquatic Life,
Marine,Toxics,Dieldrin,DIELDRIN,Dissolved,"GROWTH AND PROPAGATION OF FISH, SHELLFISH, OTHER AQUATIC LIFE AND WILDLIFE",,Chronic,2 years,10,,CALM,,2,10,Aquatic Life,
Freshwater,Toxics,Di(2-ethylhexyl Adipate,"2,4-DICHLOROPHENOL",Dissolved,WATER SUPPLY,"DRINKING, CULINARY, AND FOOD PROCESSING",,2 years,10,"15 results required for existing impaired, to determine attainment",CALM,,2,10,Water Supply,"Drinking, Culinary, and Food Processing"
Freshwater,Toxics,Di(2-ethylhexyl) Phthalate,DI(2-ETHYLHEXYL) PHTHALATE,Dissolved,WATER SUPPLY,"DRINKING, CULINARY, AND FOOD PROCESSING",,2 years,10,"15 results required for existing impaired, to determine attainment",CALM,,2,10,Water Supply,"Drinking, Culinary, and Food Processing"
Freshwater,Toxics,Diethyl Phthalate,DIETHYL PHTHALATE,Dissolved,WATER SUPPLY,"DRINKING, CULINARY, AND FOOD PROCESSING",,2 years,10,"15 results required for existing impaired, to determine attainment",CALM,,2,10,Human Health,Water and Aquatic Organisms
Marine,Toxics,Diethyl Phthalate,DIETHYL PHTHALATE,Dissolved,"GROWTH AND PROPAGATION OF FISH, SHELLFISH, OTHER AQUATIC LIFE AND WILDLIFE",,,2 years,10,"15 results required for existing impaired, to determine attainment",CALM,,2,10,Human Health,Aquatic Organisms Only
Freshwater,Toxics,"Dimethylphenol 2, 4-","2,4-DIMETHYLPHENOL",Dissolved,WATER SUPPLY,"DRINKING, CULINARY, AND FOOD PROCESSING",,2 years,10,"15 results required for existing impaired, to determine attainment",CALM,,2,10,Human Health,Water and Aquatic Organisms
Marine,Toxics,"Dimethylphenol 2, 4-","2,4-DIMETHYLPHENOL",Dissolved,"GROWTH AND PROPAGATION OF FISH, SHELLFISH, OTHER AQUATIC LIFE AND WILDLIFE",,,2 years,10,"15 results required for existing impaired, to determine attainment",CALM,,2,10,Human Health,Aquatic Organisms Only
Freshwater,Toxics,Dimethyl Phthalate,DIMETHYL PHTHALATE,Dissolved,WATER SUPPLY,"DRINKING, CULINARY, AND FOOD PROCESSING",,2 years,10,"15 results required for existing impaired, to determine attainment",CALM,,2,10,Human Health,Water and Aquatic Organisms
Marine,Toxics,Dimethyl Phthalate,DIMETHYL PHTHALATE,Dissolved,"GROWTH AND PROPAGATION OF FISH, SHELLFISH, OTHER AQUATIC LIFE AND WILDLIFE",,,2 years,10,"15 results required for existing impaired, to determine attainment",CALM,,2,10,Human Health,Aquatic Organisms Only
Freshwater,Toxics,Di-n-butyl Phthalate,DIBUTYL PHTHALATE,Dissolved,WATER SUPPLY,"DRINKING, CULINARY, AND FOOD PROCESSING",,2 years,10,"15 results required for existing impaired, to determine attainment",CALM,,2,10,Human Health,Water and Aquatic Organisms
Marine,Toxics,Di-n-butyl Phthalate,DIBUTYL PHTHALATE,Dissolved,"GROWTH AND PROPAGATION OF FISH, SHELLFISH, OTHER AQUATIC LIFE AND WILDLIFE",,,2 years,10,"15 results required for existing impaired, to determine attainment",CALM,,2,10,Human Health,Aquatic Organisms Only
Freshwater,Toxics,"Dinitrophenol 2, 4-","2,4-DINITROPHENOL",Dissolved,WATER SUPPLY,"DRINKING, CULINARY, AND FOOD PROCESSING",,2 years,10,"15 results required for existing impaired, to determine attainment",CALM,,2,10,Human Health,Water and Aquatic Organisms
Marine,Toxics,"Dinitrophenol 2, 4-","2,4-DINITROPHENOL",Dissolved,"GROWTH AND PROPAGATION OF FISH, SHELLFISH, OTHER AQUATIC LIFE AND WILDLIFE",,,2 years,10,"15 results required for existing impaired, to determine attainment",CALM,,2,10,Human Health,Aquatic Organisms Only
Freshwater,Toxics,Dinoseb,DINOSEB,Dissolved,WATER SUPPLY,"DRINKING, CULINARY, AND FOOD PROCESSING",,2 years,10,"15 results required for existing impaired, to determine attainment",CALM,,2,10,Water Supply,"Drinking, Culinary, and Food Processing"
Freshwater,Toxics,Dioxin,"2,3,7,8-TETRACHLORODIBENZO-P-DIOXIN",Dissolved,WATER SUPPLY,"DRINKING, CULINARY, AND FOOD PROCESSING",,2 years,10,"15 results required for existing impaired, to determine attainment",CALM,,2,10,Water Supply,"Drinking, Culinary, and Food Processing"
Freshwater,Toxics,Diquat,DIQUAT,Dissolved,WATER SUPPLY,"DRINKING, CULINARY, AND FOOD PROCESSING",,2 years,10,"15 results required for existing impaired, to determine attainment",CALM,,2,10,Water Supply,"Drinking, Culinary, and Food Processing"
Freshwater,Toxics,Endosulfan Sulfate,ENDOSULFAN SULFATE,Dissolved,WATER SUPPLY,"DRINKING, CULINARY, AND FOOD PROCESSING",,2 years,10,"15 results required for existing impaired, to determine attainment",CALM,,2,10,Human Health,Water and Aquatic Organisms
Marine,Toxics,Endosulfan Sulfate,ENDOSULFAN SULFATE,Dissolved,"GROWTH AND PROPAGATION OF FISH, SHELLFISH, OTHER AQUATIC LIFE AND WILDLIFE",,,2 years,10,"15 results required for existing impaired, to determine attainment",CALM,,2,10,Human Health,Aquatic Organisms Only
Freshwater,Toxics,Endothall,ENDOTHALL,Dissolved,WATER SUPPLY,"DRINKING, CULINARY, AND FOOD PROCESSING",,2 years,10,"15 results required for existing impaired, to determine attainment",CALM,,2,10,Water Supply,"Drinking, Culinary, and Food Processing"
Freshwater,Toxics,Endrin,ENDRIN,Dissolved,"GROWTH AND PROPAGATION OF FISH, SHELLFISH, OTHER AQUATIC LIFE AND WILDLIFE",,Acute,2 years,5,"15 results required for existing impaired, to determine attainment",CALM,,2,5,Aquatic Life,
Freshwater,Toxics,Endrin,ENDRIN,Dissolved,"GROWTH AND PROPAGATION OF FISH, SHELLFISH, OTHER AQUATIC LIFE AND WILDLIFE",,Chronic,2 years,10,,CALM,,2,10,Aquatic Life,
Marine,Toxics,Endrin,ENDRIN,Dissolved,"GROWTH AND PROPAGATION OF FISH, SHELLFISH, OTHER AQUATIC LIFE AND WILDLIFE",,Acute,2 years,5,"15 results required for existing impaired, to determine attainment",CALM,,2,5,Aquatic Life,
Marine,Toxics,Endrin,ENDRIN,Dissolved,"GROWTH AND PROPAGATION OF FISH, SHELLFISH, OTHER AQUATIC LIFE AND WILDLIFE",,Chronic,2 years,10,,CALM,,2,10,Aquatic Life,
Freshwater,Toxics,Endrin,ENDRIN,Dissolved,WATER SUPPLY,"DRINKING, CULINARY, AND FOOD PROCESSING",,2 years,10,"15 results required for existing impaired, to determine attainment",CALM,,2,10,Human Health,Water and Aquatic Organisms
Marine,Toxics,Endrin,ENDRIN,Dissolved,"GROWTH AND PROPAGATION OF FISH, SHELLFISH, OTHER AQUATIC LIFE AND WILDLIFE",,,2 years,10,"15 results required for existing impaired, to determine attainment",CALM,,2,10,Human Health,Aquatic Organisms Only
Freshwater,Toxics,Endrin Aldehyde,ENDRIN ALDEHYDE,Dissolved,WATER SUPPLY,"DRINKING, CULINARY, AND FOOD PROCESSING",,2 years,10,"15 results required for existing impaired, to determine attainment",CALM,,2,10,Human Health,Water and Aquatic Organisms
Marine,Toxics,Endrin Aldehyde,ENDRIN ALDEHYDE,Dissolved,"GROWTH AND PROPAGATION OF FISH, SHELLFISH, OTHER AQUATIC LIFE AND WILDLIFE",,,2 years,10,"15 results required for existing impaired, to determine attainment",CALM,,2,10,Human Health,Aquatic Organisms Only
Freshwater,Toxics,Ethylene Dibromide,ETHYLENE DIBROMIDE,Dissolved,WATER SUPPLY,"DRINKING, CULINARY, AND FOOD PROCESSING",,2 years,10,"15 results required for existing impaired, to determine attainment",CALM,,2,10,Water Supply,"Drinking, Culinary, and Food Processing"
Freshwater,Toxics,Fluoranthene,FLUORANTHENE,Dissolved,WATER SUPPLY,"DRINKING, CULINARY, AND FOOD PROCESSING",,2 years,10,"15 results required for existing impaired, to determine attainment",CALM,,2,10,Human Health,Water and Aquatic Organisms
Marine,Toxics,Fluoranthene,FLUORANTHENE,Dissolved,"GROWTH AND PROPAGATION OF FISH, SHELLFISH, OTHER AQUATIC LIFE AND WILDLIFE",,,2 years,10,"15 results required for existing impaired, to determine attainment",CALM,,2,10,Human Health,Aquatic Organisms Only
Freshwater,Toxics,Fluorene,FLUORENE,Dissolved,WATER SUPPLY,"DRINKING, CULINARY, AND FOOD PROCESSING",,2 years,10,"15 results required for existing impaired, to determine attainment",CALM,,2,10,Human Health,Water and Aquatic Organisms
Marine,Toxics,Fluorene,FLUORENE,Dissolved,"GROWTH AND PROPAGATION OF FISH, SHELLFISH, OTHER AQUATIC LIFE AND WILDLIFE",,,2 years,10,"15 results required for existing impaired, to determine attainment",CALM,,2,10,Human Health,Aquatic Organisms Only
Freshwater,Toxics,Glyphosate,GLYPHOSATE,Dissolved,WATER SUPPLY,"DRINKING, CULINARY, AND FOOD PROCESSING",,2 years,10,"15 results required for existing impaired, to determine attainment",CALM,,2,10,Water Supply,"Drinking, Culinary, and Food Processing"
Freshwater,Toxics,Gross alpha,#N/A,Dissolved,WATER SUPPLY,"DRINKING, CULINARY, AND FOOD PROCESSING",,2 years,10,"15 results required for existing impaired, to determine attainment",CALM,,2,10,Water Supply,"Drinking, Culinary, and Food Processing"
Freshwater,Toxics,Gross beta,#N/A,Dissolved,WATER SUPPLY,"DRINKING, CULINARY, AND FOOD PROCESSING",,2 years,10,"15 results required for existing impaired, to determine attainment",CALM,,2,10,Water Supply,"Drinking, Culinary, and Food Processing"
Freshwater,Toxics,Guthion,AZINPHOS-METHYL,Dissolved,"GROWTH AND PROPAGATION OF FISH, SHELLFISH, OTHER AQUATIC LIFE AND WILDLIFE",,Chronic,2 years,10,,CALM,,2,10,Aquatic Life,
Marine,Toxics,Guthion,AZINPHOS-METHYL,Dissolved,"GROWTH AND PROPAGATION OF FISH, SHELLFISH, OTHER AQUATIC LIFE AND WILDLIFE",,Chronic,2 years,10,,CALM,,2,10,Aquatic Life,
Freshwater,Toxics,Halocetic Acids (HAA5)(five),HALOACETIC ACIDS,Dissolved,WATER SUPPLY,"DRINKING, CULINARY, AND FOOD PROCESSING",,2 years,10,"15 results required for existing impaired, to determine attainment",CALM,,2,10,Water Supply,"Drinking, Culinary, and Food Processing"
Freshwater,Toxics,Heptachlor,HEPTACHLOR,Dissolved,WATER SUPPLY,"DRINKING, CULINARY, AND FOOD PROCESSING",,2 years,10,"15 results required for existing impaired, to determine attainment",CALM,,2,10,Water Supply,"Drinking, Culinary, and Food Processing"
Freshwater,Toxics,Heptachlor,HEPTACHLOR,Dissolved,"GROWTH AND PROPAGATION OF FISH, SHELLFISH, OTHER AQUATIC LIFE AND WILDLIFE",,Acute,2 years,5,"15 results required for existing impaired, to determine attainment",CALM,,2,5,Aquatic Life,
Freshwater,Toxics,Heptachlor,HEPTACHLOR,Dissolved,"GROWTH AND PROPAGATION OF FISH, SHELLFISH, OTHER AQUATIC LIFE AND WILDLIFE",,Chronic,2 years,10,,CALM,,2,10,Aquatic Life,
Marine,Toxics,Heptachlor,HEPTACHLOR,Dissolved,"GROWTH AND PROPAGATION OF FISH, SHELLFISH, OTHER AQUATIC LIFE AND WILDLIFE",,Acute,2 years,5,"15 results required for existing impaired, to determine attainment",CALM,,2,5,Aquatic Life,
Marine,Toxics,Heptachlor,HEPTACHLOR,Dissolved,"GROWTH AND PROPAGATION OF FISH, SHELLFISH, OTHER AQUATIC LIFE AND WILDLIFE",,Chronic,2 years,10,,CALM,,2,10,Aquatic Life,
Freshwater,Toxics,Heptachlor Epoxide,HEPTACHLOR EPOXIDE,Dissolved,WATER SUPPLY,"DRINKING, CULINARY, AND FOOD PROCESSING",,2 years,10,"15 results required for existing impaired, to determine attainment",CALM,,2,10,Water Supply,"Drinking, Culinary, and Food Processing"
Freshwater,Toxics,Heptachlor Epoxide,HEPTACHLOR EPOXIDE,Dissolved,"GROWTH AND PROPAGATION OF FISH, SHELLFISH, OTHER AQUATIC LIFE AND WILDLIFE",,Acute,2 years,5,"15 results required for existing impaired, to determine attainment",CALM,,2,5,Aquatic Life,
Freshwater,Toxics,Heptachlor Epoxide,HEPTACHLOR EPOXIDE,Dissolved,"GROWTH AND PROPAGATION OF FISH, SHELLFISH, OTHER AQUATIC LIFE AND WILDLIFE",,Chronic,2 years,10,,CALM,,2,10,Aquatic Life,
Marine,Toxics,Heptachlor Epoxide,HEPTACHLOR EPOXIDE,Dissolved,"GROWTH AND PROPAGATION OF FISH, SHELLFISH, OTHER AQUATIC LIFE AND WILDLIFE",,Acute,2 years,5,"15 results required for existing impaired, to determine attainment",CALM,,2,5,Aquatic Life,
Marine,Toxics,Heptachlor Epoxide,HEPTACHLOR EPOXIDE,Dissolved,"GROWTH AND PROPAGATION OF FISH, SHELLFISH, OTHER AQUATIC LIFE AND WILDLIFE",,Chronic,2 years,10,,CALM,,2,10,Aquatic Life,
Freshwater,Toxics,Hexachloro-benzene,HEXACHLOROBENZENE,Dissolved,WATER SUPPLY,"DRINKING, CULINARY, AND FOOD PROCESSING",,2 years,10,"15 results required for existing impaired, to determine attainment",CALM,,2,10,Water Supply,"Drinking, Culinary, and Food Processing"
Freshwater,Toxics,Hexachloro-cyclopentadiene,HEXACHLOROCYCLOPENTADIENE,Dissolved,WATER SUPPLY,"DRINKING, CULINARY, AND FOOD PROCESSING",,2 years,10,"15 results required for existing impaired, to determine attainment",CALM,,2,10,Water Supply,"Drinking, Culinary, and Food Processing"
Freshwater,Toxics,Hexachloro-cyclopentadiene,HEXACHLOROCYCLOPENTADIENE,Dissolved,WATER SUPPLY,"DRINKING, CULINARY, AND FOOD PROCESSING",,2 years,10,"15 results required for existing impaired, to determine attainment",CALM,,2,10,Human Health,Water and Aquatic Organisms
Marine,Toxics,Hexachloro-cyclopentadiene,HEXACHLOROCYCLOPENTADIENE,Dissolved,"GROWTH AND PROPAGATION OF FISH, SHELLFISH, OTHER AQUATIC LIFE AND WILDLIFE",,,2 years,10,"15 results required for existing impaired, to determine attainment",CALM,,2,10,Human Health,Aquatic Organisms Only
Freshwater,Toxics,Lindane (gamma-BHC),LINDANE,Dissolved,WATER SUPPLY,"DRINKING, CULINARY, AND FOOD PROCESSING",,2 years,10,"15 results required for existing impaired, to determine attainment",CALM,,2,10,Water Supply,"Drinking, Culinary, and Food Processing"
Freshwater,Toxics,Lindane (gamma-BHC),LINDANE,Dissolved,"GROWTH AND PROPAGATION OF FISH, SHELLFISH, OTHER AQUATIC LIFE AND WILDLIFE",,Acute,2 years,5,"15 results required for existing impaired, to determine attainment",CALM,,2,5,Aquatic Life,
Marine,Toxics,Lindane (gamma-BHC),LINDANE,Dissolved,"GROWTH AND PROPAGATION OF FISH, SHELLFISH, OTHER AQUATIC LIFE AND WILDLIFE",,Acute,2 years,5,"15 results required for existing impaired, to determine attainment",CALM,,2,5,Aquatic Life,
Freshwater,Toxics,Lithium,LITHIUM,Dissolved,WATER SUPPLY,"AGRICULTURE, INCLUDING IRRIGATION AND STOCK WATERING",,2 years,10,"15 results required for existing impaired, to determine attainment",CALM,,2,10,Water Supply,Irrigation
Freshwater,Toxics,Malathion,MALATHION,Dissolved,"GROWTH AND PROPAGATION OF FISH, SHELLFISH, OTHER AQUATIC LIFE AND WILDLIFE",,Chronic,2 years,10,,CALM,,2,10,Aquatic Life,
Marine,Toxics,Malathion,MALATHION,Dissolved,"GROWTH AND PROPAGATION OF FISH, SHELLFISH, OTHER AQUATIC LIFE AND WILDLIFE",,Chronic,2 years,10,,CALM,,2,10,Aquatic Life,
Freshwater,Toxics,Methoxychlor,METHOXYCHLOR,Dissolved,WATER SUPPLY,"DRINKING, CULINARY, AND FOOD PROCESSING",,2 years,10,"15 results required for existing impaired, to determine attainment",CALM,,2,10,Water Supply,"Drinking, Culinary, and Food Processing"
Freshwater,Toxics,Methoxychlor,METHOXYCHLOR,Dissolved,"GROWTH AND PROPAGATION OF FISH, SHELLFISH, OTHER AQUATIC LIFE AND WILDLIFE",,Chronic,2 years,10,,CALM,,2,10,Aquatic Life,
Marine,Toxics,Methoxychlor,METHOXYCHLOR,Dissolved,"GROWTH AND PROPAGATION OF FISH, SHELLFISH, OTHER AQUATIC LIFE AND WILDLIFE",,Chronic,2 years,10,,CALM,,2,10,Aquatic Life,
Freshwater,Toxics,Methyl Bromide,METHYL BROMIDE,Dissolved,WATER SUPPLY,"DRINKING, CULINARY, AND FOOD PROCESSING",,2 years,10,"15 results required for existing impaired, to determine attainment",CALM,,2,10,Human Health,Water and Aquatic Organisms
Marine,Toxics,Methyl Bromide,METHYL BROMIDE,Dissolved,"GROWTH AND PROPAGATION OF FISH, SHELLFISH, OTHER AQUATIC LIFE AND WILDLIFE",,,2 years,10,"15 results required for existing impaired, to determine attainment",CALM,,2,10,Human Health,Aquatic Organisms Only
Freshwater,Toxics,"Methyl-4, 6-dinitrophenol, 2-","4,6-DINITRO-O-CRESOL",Dissolved,WATER SUPPLY,"DRINKING, CULINARY, AND FOOD PROCESSING",,2 years,10,"15 results required for existing impaired, to determine attainment",CALM,,2,10,Human Health,Water and Aquatic Organisms
Marine,Toxics,"Methyl-4, 6-dinitrophenol, 2-","4,6-DINITRO-O-CRESOL",Dissolved,"GROWTH AND PROPAGATION OF FISH, SHELLFISH, OTHER AQUATIC LIFE AND WILDLIFE",,,2 years,10,"15 results required for existing impaired, to determine attainment",CALM,,2,10,Human Health,Aquatic Organisms Only
Freshwater,Toxics,Methylene Chloride (Dichloromethane),METHYLENE CHLORIDE,Dissolved,WATER SUPPLY,"DRINKING, CULINARY, AND FOOD PROCESSING",,2 years,10,"15 results required for existing impaired, to determine attainment",CALM,,2,10,Water Supply,"Drinking, Culinary, and Food Processing"
Freshwater,Toxics,Mirex,MIREX,Dissolved,"GROWTH AND PROPAGATION OF FISH, SHELLFISH, OTHER AQUATIC LIFE AND WILDLIFE",,Chronic,2 years,10,,CALM,,2,10,Aquatic Life,
Marine,Toxics,Mirex,MIREX,Dissolved,"GROWTH AND PROPAGATION OF FISH, SHELLFISH, OTHER AQUATIC LIFE AND WILDLIFE",,Chronic,2 years,10,,CALM,,2,10,Aquatic Life,
Freshwater,Toxics,Molybdenum,MOLYBDENUM,Dissolved,WATER SUPPLY,"AGRICULTURE, INCLUDING IRRIGATION AND STOCK WATERING",,2 years,10,"15 results required for existing impaired, to determine attainment",CALM,,2,10,Water Supply,Irrigation
Freshwater,Toxics,Monochloro-benzene,CHLOROBENZENE,Dissolved,WATER SUPPLY,"DRINKING, CULINARY, AND FOOD PROCESSING",,2 years,10,"15 results required for existing impaired, to determine attainment",CALM,,2,10,Water Supply,"Drinking, Culinary, and Food Processing"
Freshwater,Toxics,Nitrobenzene,NITROBENZENE,Dissolved,WATER SUPPLY,"DRINKING, CULINARY, AND FOOD PROCESSING",,2 years,10,"15 results required for existing impaired, to determine attainment",CALM,,2,10,Human Health,Water and Aquatic Organisms
Marine,Toxics,Nitrobenzene,NITROBENZENE,Dissolved,"GROWTH AND PROPAGATION OF FISH, SHELLFISH, OTHER AQUATIC LIFE AND WILDLIFE",,,2 years,10,"15 results required for existing impaired, to determine attainment",CALM,,2,10,Human Health,Aquatic Organisms Only
Freshwater,Toxics,Nonylphenol,NONYLPHENOL,Dissolved,"GROWTH AND PROPAGATION OF FISH, SHELLFISH, OTHER AQUATIC LIFE AND WILDLIFE",,Acute,2 years,5,"15 results required for existing impaired, to determine attainment",CALM,,2,5,Aquatic Life,
Freshwater,Toxics,Nonylphenol,NONYLPHENOL,Dissolved,"GROWTH AND PROPAGATION OF FISH, SHELLFISH, OTHER AQUATIC LIFE AND WILDLIFE",,Chronic,2 years,10,,CALM,,2,10,Aquatic Life,
Marine,Toxics,Nonylphenol,NONYLPHENOL,Dissolved,"GROWTH AND PROPAGATION OF FISH, SHELLFISH, OTHER AQUATIC LIFE AND WILDLIFE",,Acute,2 years,5,"15 results required for existing impaired, to determine attainment",CALM,,2,5,Aquatic Life,
Marine,Toxics,Nonylphenol,NONYLPHENOL,Dissolved,"GROWTH AND PROPAGATION OF FISH, SHELLFISH, OTHER AQUATIC LIFE AND WILDLIFE",,Chronic,2 years,10,,CALM,,2,10,Aquatic Life,
Freshwater,Toxics,Oxamyl (Vydate),OXAMYL,Dissolved,WATER SUPPLY,"DRINKING, CULINARY, AND FOOD PROCESSING",,2 years,10,"15 results required for existing impaired, to determine attainment",CALM,,2,10,Water Supply,"Drinking, Culinary, and Food Processing"
Freshwater,Toxics,Parathion,PARATHION,Dissolved,"GROWTH AND PROPAGATION OF FISH, SHELLFISH, OTHER AQUATIC LIFE AND WILDLIFE",,Acute,2 years,5,"15 results required for existing impaired, to determine attainment",CALM,,2,5,Aquatic Life,
Freshwater,Toxics,Parathion,PARATHION,Dissolved,"GROWTH AND PROPAGATION OF FISH, SHELLFISH, OTHER AQUATIC LIFE AND WILDLIFE",,Chronic,2 years,10,,CALM,,2,10,Aquatic Life,
Freshwater,Toxics,Pentachloro-benzene,PENTACHLOROBENZENE,Dissolved,WATER SUPPLY,"DRINKING, CULINARY, AND FOOD PROCESSING",,2 years,10,"15 results required for existing impaired, to determine attainment",CALM,,2,10,Human Health,Water and Aquatic Organisms
Marine,Toxics,Pentachloro-benzene,PENTACHLOROBENZENE,Dissolved,"GROWTH AND PROPAGATION OF FISH, SHELLFISH, OTHER AQUATIC LIFE AND WILDLIFE",,,2 years,10,"15 results required for existing impaired, to determine attainment",CALM,,2,10,Human Health,Aquatic Organisms Only
Freshwater,Toxics,Pentachloro-phenol,PENTACHLOROPHENOL,Dissolved,"GROWTH AND PROPAGATION OF FISH, SHELLFISH, OTHER AQUATIC LIFE AND WILDLIFE",,Acute,2 years,5,"15 results required for existing impaired, to determine attainment",CALM,,2,5,Aquatic Life,
Freshwater,Toxics,Pentachloro-phenol,PENTACHLOROPHENOL,Dissolved,"GROWTH AND PROPAGATION OF FISH, SHELLFISH, OTHER AQUATIC LIFE AND WILDLIFE",,Chronic,2 years,10,,CALM,,2,10,Aquatic Life,
Marine,Toxics,Pentachloro-phenol,PENTACHLOROPHENOL,Dissolved,"GROWTH AND PROPAGATION OF FISH, SHELLFISH, OTHER AQUATIC LIFE AND WILDLIFE",,Acute,2 years,5,"15 results required for existing impaired, to determine attainment",CALM,,2,5,Aquatic Life,
Marine,Toxics,Pentachloro-phenol,PENTACHLOROPHENOL,Dissolved,"GROWTH AND PROPAGATION OF FISH, SHELLFISH, OTHER AQUATIC LIFE AND WILDLIFE",,Chronic,2 years,10,,CALM,,2,10,Aquatic Life,
Freshwater,Toxics,Phenol,PHENOL,Dissolved,WATER SUPPLY,"DRINKING, CULINARY, AND FOOD PROCESSING",,2 years,10,"15 results required for existing impaired, to determine attainment",CALM,,2,10,Human Health,Water and Aquatic Organisms
Marine,Toxics,Phenol,PHENOL,Dissolved,"GROWTH AND PROPAGATION OF FISH, SHELLFISH, OTHER AQUATIC LIFE AND WILDLIFE",,,2 years,10,"15 results required for existing impaired, to determine attainment",CALM,,2,10,Human Health,Aquatic Organisms Only
Freshwater,Toxics,Picloram,PICLORAM,Dissolved,WATER SUPPLY,"DRINKING, CULINARY, AND FOOD PROCESSING",,2 years,10,"15 results required for existing impaired, to determine attainment",CALM,,2,10,Water Supply,"Drinking, Culinary, and Food Processing"
Freshwater,Toxics,Polychlorinated Biphenyls (PCBs),POLYCHLORINATED BIPHENYLS,Dissolved,WATER SUPPLY,"DRINKING, CULINARY, AND FOOD PROCESSING",,2 years,10,"15 results required for existing impaired, to determine attainment",CALM,,2,10,Water Supply,"Drinking, Culinary, and Food Processing"
Freshwater,Toxics,Polychlorinated Biphenyls (PCBs),POLYCHLORINATED BIPHENYLS,Dissolved,"GROWTH AND PROPAGATION OF FISH, SHELLFISH, OTHER AQUATIC LIFE AND WILDLIFE",,Chronic,2 years,10,,CALM,,2,10,Aquatic Life,
Marine,Toxics,Polychlorinated Biphenyls (PCBs),POLYCHLORINATED BIPHENYLS,Dissolved,"GROWTH AND PROPAGATION OF FISH, SHELLFISH, OTHER AQUATIC LIFE AND WILDLIFE",,Chronic,2 years,10,,CALM,,2,10,Aquatic Life,
Freshwater,Toxics,Pyrene,PYRENE,Dissolved,WATER SUPPLY,"DRINKING, CULINARY, AND FOOD PROCESSING",,2 years,10,"15 results required for existing impaired, to determine attainment",CALM,,2,10,Human Health,Water and Aquatic Organisms
Marine,Toxics,Pyrene,PYRENE,Dissolved,"GROWTH AND PROPAGATION OF FISH, SHELLFISH, OTHER AQUATIC LIFE AND WILDLIFE",,,2 years,10,"15 results required for existing impaired, to determine attainment",CALM,,2,10,Human Health,Aquatic Organisms Only
Freshwater,Toxics,Radium-226 and -228 (combined),RADIUM-226/228,Total,WATER SUPPLY,"DRINKING, CULINARY, AND FOOD PROCESSING",,2 years,10,"15 results required for existing impaired, to determine attainment",CALM,,2,10,Water Supply,"Drinking, Culinary, and Food Processing"
Freshwater,Toxics,Simazine,SIMAZINE,Dissolved,WATER SUPPLY,"DRINKING, CULINARY, AND FOOD PROCESSING",,2 years,10,"15 results required for existing impaired, to determine attainment",CALM,,2,10,Water Supply,"Drinking, Culinary, and Food Processing"
Freshwater,Toxics,Styrene,STYRENE,Dissolved,WATER SUPPLY,"DRINKING, CULINARY, AND FOOD PROCESSING",,2 years,10,"15 results required for existing impaired, to determine attainment",CALM,,2,10,Water Supply,"Drinking, Culinary, and Food Processing"
Freshwater,Toxics,Tetrachloro-ethylene,TETRACHLOROETHYLENE,Dissolved,WATER SUPPLY,"DRINKING, CULINARY, AND FOOD PROCESSING",,2 years,10,"15 results required for existing impaired, to determine attainment",CALM,,2,10,Water Supply,"Drinking, Culinary, and Food Processing"
Freshwater,Toxics,Thallium,THALLIUM,Total,WATER SUPPLY,"DRINKING, CULINARY, AND FOOD PROCESSING",,2 years,10,"15 results required for existing impaired, to determine attainment",CALM,,2,10,Water Supply,"Drinking, Culinary, and Food Processing"
Freshwater,Toxics,Thallium,THALLIUM,Total,WATER SUPPLY,"DRINKING, CULINARY, AND FOOD PROCESSING",,2 years,10,"15 results required for existing impaired, to determine attainment",CALM,,2,10,Human Health,Water and Aquatic Organisms
Marine,Toxics,Thallium,THALLIUM,Dissolved,"GROWTH AND PROPAGATION OF FISH, SHELLFISH, OTHER AQUATIC LIFE AND WILDLIFE",,,2 years,10,"15 results required for existing impaired, to determine attainment",CALM,,2,10,Human Health,Aquatic Organisms Only
Freshwater,Toxics,Total Trihalomethanes,"TRIHALOMETHANES (FOUR), TOTAL",Dissolved,WATER SUPPLY,"DRINKING, CULINARY, AND FOOD PROCESSING",,2 years,10,"15 results required for existing impaired, to determine attainment",CALM,,2,10,Water Supply,"Drinking, Culinary, and Food Processing"
Freshwater,Toxics,Toxaphene,TOXAPHENE,Dissolved,WATER SUPPLY,"DRINKING, CULINARY, AND FOOD PROCESSING",,2 years,10,"15 results required for existing impaired, to determine attainment",CALM,,2,10,Water Supply,"Drinking, Culinary, and Food Processing"
Freshwater,Toxics,Toxaphene,TOXAPHENE,Dissolved,"GROWTH AND PROPAGATION OF FISH, SHELLFISH, OTHER AQUATIC LIFE AND WILDLIFE",,Acute,2 years,5,"15 results required for existing impaired, to determine attainment",CALM,,2,5,Aquatic Life,
Freshwater,Toxics,Toxaphene,TOXAPHENE,Dissolved,"GROWTH AND PROPAGATION OF FISH, SHELLFISH, OTHER AQUATIC LIFE AND WILDLIFE",,Chronic,2 years,10,,CALM,,2,10,Aquatic Life,
Marine,Toxics,Toxaphene,TOXAPHENE,Dissolved,"GROWTH AND PROPAGATION OF FISH, SHELLFISH, OTHER AQUATIC LIFE AND WILDLIFE",,Acute,2 years,5,"15 results required for existing impaired, to determine attainment",CALM,,2,5,Aquatic Life,
Marine,Toxics,Toxaphene,TOXAPHENE,Dissolved,"GROWTH AND PROPAGATION OF FISH, SHELLFISH, OTHER AQUATIC LIFE AND WILDLIFE",,Chronic,2 years,10,,CALM,,2,10,Aquatic Life,
Freshwater,Toxics,Tributyltin (TBT),TRIBUTYLIN,Dissolved,"GROWTH AND PROPAGATION OF FISH, SHELLFISH, OTHER AQUATIC LIFE AND WILDLIFE",,Acute,2 years,5,"15 results required for existing impaired, to determine attainment",CALM,,2,5,Aquatic Life,
Freshwater,Toxics,Tributyltin (TBT),TRIBUTYLIN,Dissolved,"GROWTH AND PROPAGATION OF FISH, SHELLFISH, OTHER AQUATIC LIFE AND WILDLIFE",,Chronic,2 years,10,,CALM,,2,10,Aquatic Life,
Marine,Toxics,Tributyltin (TBT),TRIBUTYLIN,Dissolved,"GROWTH AND PROPAGATION OF FISH, SHELLFISH, OTHER AQUATIC LIFE AND WILDLIFE",,Acute,2 years,5,"15 results required for existing impaired, to determine attainment",CALM,,2,5,Aquatic Life,
Marine,Toxics,Tributyltin (TBT),TRIBUTYLIN,Dissolved,"GROWTH AND PROPAGATION OF FISH, SHELLFISH, OTHER AQUATIC LIFE AND WILDLIFE",,Chronic,2 years,10,,CALM,,2,10,Aquatic Life,
Freshwater,Toxics,"Trichlorobenzene 1, 2, 4-","1,2,4-TRICHLOROBENZENE",Dissolved,WATER SUPPLY,"DRINKING, CULINARY, AND FOOD PROCESSING",,2 years,10,"15 results required for existing impaired, to determine attainment",CALM,,2,10,Water Supply,"Drinking, Culinary, and Food Processing"
Freshwater,Toxics,"Trichlorobenzene 1, 2, 4-","1,2,4-TRICHLOROBENZENE",Dissolved,WATER SUPPLY,"DRINKING, CULINARY, AND FOOD PROCESSING",,2 years,10,"15 results required for existing impaired, to determine attainment",CALM,,2,10,Human Health,Water and Aquatic Organisms
Marine,Toxics,"Trichlorobenzene 1, 2, 4-","1,2,4-TRICHLOROBENZENE",Dissolved,"GROWTH AND PROPAGATION OF FISH, SHELLFISH, OTHER AQUATIC LIFE AND WILDLIFE",,,2 years,10,"15 results required for existing impaired, to determine attainment",CALM,,2,10,Human Health,Aquatic Organisms Only
Freshwater,Toxics,"Trichloroethane 1, 1, 1-","1,1,1-TRICHLOROETHANE",Dissolved,WATER SUPPLY,"DRINKING, CULINARY, AND FOOD PROCESSING",,2 years,10,"15 results required for existing impaired, to determine attainment",CALM,,2,10,Water Supply,"Drinking, Culinary, and Food Processing"
Freshwater,Toxics,"Trichloroethane 1, 1, 2-","1,1,2-TRICHLOROETHANE",Dissolved,WATER SUPPLY,"DRINKING, CULINARY, AND FOOD PROCESSING",,2 years,10,"15 results required for existing impaired, to determine attainment",CALM,,2,10,Water Supply,"Drinking, Culinary, and Food Processing"
Freshwater,Toxics,Trichloro-ethylene,TRICHLOROETHYLENE,Dissolved,WATER SUPPLY,"DRINKING, CULINARY, AND FOOD PROCESSING",,2 years,10,"15 results required for existing impaired, to determine attainment",CALM,,2,10,Water Supply,"Drinking, Culinary, and Food Processing"
Freshwater,Toxics,"Trichlorophenol 2, 4, 5-","2,4,5-TRICHLOROPHENOL",Dissolved,WATER SUPPLY,"DRINKING, CULINARY, AND FOOD PROCESSING",,2 years,10,"15 results required for existing impaired, to determine attainment",CALM,,2,10,Human Health,Water and Aquatic Organisms
Marine,Toxics,"Trichlorophenol 2, 4, 5-","2,4,5-TRICHLOROPHENOL",Dissolved,"GROWTH AND PROPAGATION OF FISH, SHELLFISH, OTHER AQUATIC LIFE AND WILDLIFE",,,2 years,10,"15 results required for existing impaired, to determine attainment",CALM,,2,10,Human Health,Aquatic Organisms Only
Freshwater,Toxics,"(Trichloro-phenoxy 2, 4, 5-TP)-Proprionic Acid (2, 4, 5-TP)",SILVEX,Dissolved,WATER SUPPLY,"DRINKING, CULINARY, AND FOOD PROCESSING",,2 years,10,"15 results required for existing impaired, to determine attainment",CALM,,2,10,Water Supply,"Drinking, Culinary, and Food Processing"
Freshwater,Toxics,Tritium,TRITIUM,Total,WATER SUPPLY,"DRINKING, CULINARY, AND FOOD PROCESSING",,2 years,10,"15 results required for existing impaired, to determine attainment",CALM,,2,10,Water Supply,"Drinking, Culinary, and Food Processing"
Freshwater,Toxics,Uranium,URANIUM,Total,WATER SUPPLY,"DRINKING, CULINARY, AND FOOD PROCESSING",,2 years,10,"15 results required for existing impaired, to determine attainment",CALM,,2,10,Water Supply,"Drinking, Culinary, and Food Processing"
Freshwater,Toxics,Vanadium,VANADIUM,Dissolved,WATER SUPPLY,"AGRICULTURE, INCLUDING IRRIGATION AND STOCK WATERING",,2 years,10,"15 results required for existing impaired, to determine attainment",CALM,,2,10,Water Supply,Irrigation
Freshwater,Toxics,Vinyl Chloride,VINYL CHLORIDE,Dissolved,WATER SUPPLY,"DRINKING, CULINARY, AND FOOD PROCESSING",,2 years,10,"15 results required for existing impaired, to determine attainment",CALM,,2,10,Water Supply,"Drinking, Culinary, and Food Processing"
Freshwater,Toxics,beta-Endosulfan,BETA-ENDOSULFAN-D4,Dissolved,"GROWTH AND PROPAGATION OF FISH, SHELLFISH, OTHER AQUATIC LIFE AND WILDLIFE",,Chronic,2 years,18,"18 results required for existing impaired, to determine attainment",CALM,,2,18,Aquatic Life,
Marine,Toxics,beta-Endosulfan,BETA-ENDOSULFAN-D4,Dissolved,"GROWTH AND PROPAGATION OF FISH, SHELLFISH, OTHER AQUATIC LIFE AND WILDLIFE",,Chronic,2 years,18,"18 results required for existing impaired, to determine attainment",CALM,,2,18,Aquatic Life,
Freshwater,Toxics,Chlordane,CHLORDANE,Dissolved,"GROWTH AND PROPAGATION OF FISH, SHELLFISH, OTHER AQUATIC LIFE AND WILDLIFE",,Chronic,2 years,18,"18 results required for existing impaired, to determine attainment",CALM,,2,18,Aquatic Life,
Marine,Toxics,Chlordane,CHLORDANE,Dissolved,"GROWTH AND PROPAGATION OF FISH, SHELLFISH, OTHER AQUATIC LIFE AND WILDLIFE",,Chronic,2 years,18,"18 results required for existing impaired, to determine attainment",CALM,,2,18,Aquatic Life,
Freshwater,Toxics,Chloropyrifos,CHLORPYRIFOS,Dissolved,"GROWTH AND PROPAGATION OF FISH, SHELLFISH, OTHER AQUATIC LIFE AND WILDLIFE",,Chronic,2 years,18,"18 results required for existing impaired, to determine attainment",CALM,,2,18,Aquatic Life,
Marine,Toxics,Chloropyrifos,CHLORPYRIFOS,Dissolved,"GROWTH AND PROPAGATION OF FISH, SHELLFISH, OTHER AQUATIC LIFE AND WILDLIFE",,Chronic,2 years,18,"18 results required for existing impaired, to determine attainment",CALM,,2,18,Aquatic Life,
Freshwater,Toxics,"DDT, 4,4'-","P,P'-DDT",Dissolved,"GROWTH AND PROPAGATION OF FISH, SHELLFISH, OTHER AQUATIC LIFE AND WILDLIFE",,Chronic,2 years,18,"18 results required for existing impaired, to determine attainment",CALM,,2,18,Aquatic Life,
Marine,Toxics,"DDT, 4,4'-","P,P'-DDT",Dissolved,"GROWTH AND PROPAGATION OF FISH, SHELLFISH, OTHER AQUATIC LIFE AND WILDLIFE",,Chronic,2 years,18,"18 results required for existing impaired, to determine attainment",CALM,,2,18,Aquatic Life,
Freshwater,Toxics,Demeton,DEMETON,Dissolved,"GROWTH AND PROPAGATION OF FISH, SHELLFISH, OTHER AQUATIC LIFE AND WILDLIFE",,Chronic,2 years,18,"18 results required for existing impaired, to determine attainment",CALM,,2,18,Aquatic Life,
Marine,Toxics,Demeton,DEMETON,Dissolved,"GROWTH AND PROPAGATION OF FISH, SHELLFISH, OTHER AQUATIC LIFE AND WILDLIFE",,Chronic,2 years,18,"18 results required for existing impaired, to determine attainment",CALM,,2,18,Aquatic Life,
Freshwater,Toxics,Diazinon,DIAZINON,Dissolved,"GROWTH AND PROPAGATION OF FISH, SHELLFISH, OTHER AQUATIC LIFE AND WILDLIFE",,Chronic,2 years,18,"18 results required for existing impaired, to determine attainment",CALM,,2,18,Aquatic Life,
Marine,Toxics,Diazinon,DIAZINON,Dissolved,"GROWTH AND PROPAGATION OF FISH, SHELLFISH, OTHER AQUATIC LIFE AND WILDLIFE",,Chronic,2 years,18,"18 results required for existing impaired, to determine attainment",CALM,,2,18,Aquatic Life,
Freshwater,Toxics,Dieldrin,DIELDRIN,Dissolved,"GROWTH AND PROPAGATION OF FISH, SHELLFISH, OTHER AQUATIC LIFE AND WILDLIFE",,Chronic,2 years,18,"18 results required for existing impaired, to determine attainment",CALM,,2,18,Aquatic Life,
Marine,Toxics,Dieldrin,DIELDRIN,Dissolved,"GROWTH AND PROPAGATION OF FISH, SHELLFISH, OTHER AQUATIC LIFE AND WILDLIFE",,Chronic,2 years,18,"18 results required for existing impaired, to determine attainment",CALM,,2,18,Aquatic Life,
Freshwater,Toxics,Endrin,ENDRIN,Dissolved,"GROWTH AND PROPAGATION OF FISH, SHELLFISH, OTHER AQUATIC LIFE AND WILDLIFE",,Chronic,2 years,18,"18 results required for existing impaired, to determine attainment",CALM,,2,18,Aquatic Life,
Marine,Toxics,Endrin,ENDRIN,Dissolved,"GROWTH AND PROPAGATION OF FISH, SHELLFISH, OTHER AQUATIC LIFE AND WILDLIFE",,Chronic,2 years,18,"18 results required for existing impaired, to determine attainment",CALM,,2,18,Aquatic Life,
Freshwater,Toxics,Guthion,AZINPHOS-METHYL,Dissolved,"GROWTH AND PROPAGATION OF FISH, SHELLFISH, OTHER AQUATIC LIFE AND WILDLIFE",,Chronic,2 years,18,"18 results required for existing impaired, to determine attainment",CALM,,2,18,Aquatic Life,
Marine,Toxics,Guthion,AZINPHOS-METHYL,Dissolved,"GROWTH AND PROPAGATION OF FISH, SHELLFISH, OTHER AQUATIC LIFE AND WILDLIFE",,Chronic,2 years,18,"18 results required for existing impaired, to determine attainment",CALM,,2,18,Aquatic Life,
Freshwater,Toxics,Heptachlor,HEPTACHLOR,Dissolved,"GROWTH AND PROPAGATION OF FISH, SHELLFISH, OTHER AQUATIC LIFE AND WILDLIFE",,Chronic,2 years,18,"18 results required for existing impaired, to determine attainment",CALM,,2,18,Aquatic Life,
Marine,Toxics,Heptachlor,HEPTACHLOR,Dissolved,"GROWTH AND PROPAGATION OF FISH, SHELLFISH, OTHER AQUATIC LIFE AND WILDLIFE",,Chronic,2 years,18,"18 results required for existing impaired, to determine attainment",CALM,,2,18,Aquatic Life,
Freshwater,Toxics,Heptachlor Epoxide,HEPTACHLOR EPOXIDE,Dissolved,"GROWTH AND PROPAGATION OF FISH, SHELLFISH, OTHER AQUATIC LIFE AND WILDLIFE",,Chronic,2 years,18,"18 results required for existing impaired, to determine attainment",CALM,,2,18,Aquatic Life,
Marine,Toxics,Heptachlor Epoxide,HEPTACHLOR EPOXIDE,Dissolved,"GROWTH AND PROPAGATION OF FISH, SHELLFISH, OTHER AQUATIC LIFE AND WILDLIFE",,Chronic,2 years,18,"18 results required for existing impaired, to determine attainment",CALM,,2,18,Aquatic Life,
Freshwater,Toxics,Malathion,MALATHION,Dissolved,"GROWTH AND PROPAGATION OF FISH, SHELLFISH, OTHER AQUATIC LIFE AND WILDLIFE",,Chronic,2 years,18,"18 results required for existing impaired, to determine attainment",CALM,,2,18,Aquatic Life,
Marine,Toxics,Malathion,MALATHION,Dissolved,"GROWTH AND PROPAGATION OF FISH, SHELLFISH, OTHER AQUATIC LIFE AND WILDLIFE",,Chronic,2 years,18,"18 results required for existing impaired, to determine attainment",CALM,,2,18,Aquatic Life,
Freshwater,Toxics,Methoxychlor,METHOXYCHLOR,Dissolved,"GROWTH AND PROPAGATION OF FISH, SHELLFISH, OTHER AQUATIC LIFE AND WILDLIFE",,Chronic,2 years,18,"18 results required for existing impaired, to determine attainment",CALM,,2,18,Aquatic Life,
Marine,Toxics,Methoxychlor,METHOXYCHLOR,Dissolved,"GROWTH AND PROPAGATION OF FISH, SHELLFISH, OTHER AQUATIC LIFE AND WILDLIFE",,Chronic,2 years,18,"18 results required for existing impaired, to determine attainment",CALM,,2,18,Aquatic Life,
Freshwater,Toxics,Mirex,MIREX,Dissolved,"GROWTH AND PROPAGATION OF FISH, SHELLFISH, OTHER AQUATIC LIFE AND WILDLIFE",,Chronic,2 years,18,"18 results required for existing impaired, to determine attainment",CALM,,2,18,Aquatic Life,
Marine,Toxics,Mirex,MIREX,Dissolved,"GROWTH AND PROPAGATION OF FISH, SHELLFISH, OTHER AQUATIC LIFE AND WILDLIFE",,Chronic,2 years,18,"18 results required for existing impaired, to determine attainment",CALM,,2,18,Aquatic Life,
Freshwater,Toxics,Nonylphenol,NONYLPHENOL,Dissolved,"GROWTH AND PROPAGATION OF FISH, SHELLFISH, OTHER AQUATIC LIFE AND WILDLIFE",,Chronic,2 years,18,"18 results required for existing impaired, to determine attainment",CALM,,2,18,Aquatic Life,
Marine,Toxics,Nonylphenol,NONYLPHENOL,Dissolved,"GROWTH AND PROPAGATION OF FISH, SHELLFISH, OTHER AQUATIC LIFE AND WILDLIFE",,Chronic,2 years,18,"18 results required for existing impaired, to determine attainment",CALM,,2,18,Aquatic Life,
Freshwater,Toxics,Parathion,PARATHION,Dissolved,"GROWTH AND PROPAGATION OF FISH, SHELLFISH, OTHER AQUATIC LIFE AND WILDLIFE",,Chronic,2 years,18,"18 results required for existing impaired, to determine attainment",CALM,,2,18,Aquatic Life,
Freshwater,Toxics,Pentachloro-phenol,PENTACHLOROPHENOL,Dissolved,"GROWTH AND PROPAGATION OF FISH, SHELLFISH, OTHER AQUATIC LIFE AND WILDLIFE",,Chronic,2 years,18,"18 results required for existing impaired, to determine attainment",CALM,,2,18,Aquatic Life,
Marine,Toxics,Pentachloro-phenol,PENTACHLOROPHENOL,Dissolved,"GROWTH AND PROPAGATION OF FISH, SHELLFISH, OTHER AQUATIC LIFE AND WILDLIFE",,Chronic,2 years,18,"18 results required for existing impaired, to determine attainment",CALM,,2,18,Aquatic Life,
Freshwater,Toxics,Polychlorinated Biphenyls (PCBs),POLYCHLORINATED BIPHENYLS,Dissolved,"GROWTH AND PROPAGATION OF FISH, SHELLFISH, OTHER AQUATIC LIFE AND WILDLIFE",,Chronic,2 years,18,"18 results required for existing impaired, to determine attainment",CALM,,2,18,Aquatic Life,
Marine,Toxics,Polychlorinated Biphenyls (PCBs),POLYCHLORINATED BIPHENYLS,Dissolved,"GROWTH AND PROPAGATION OF FISH, SHELLFISH, OTHER AQUATIC LIFE AND WILDLIFE",,Chronic,2 years,18,"18 results required for existing impaired, to determine attainment",CALM,,2,18,Aquatic Life,
Freshwater,Toxics,Toxaphene,TOXAPHENE,Dissolved,"GROWTH AND PROPAGATION OF FISH, SHELLFISH, OTHER AQUATIC LIFE AND WILDLIFE",,Chronic,2 years,18,"18 results required for existing impaired, to determine attainment",CALM,,2,18,Aquatic Life,
Marine,Toxics,Toxaphene,TOXAPHENE,Dissolved,"GROWTH AND PROPAGATION OF FISH, SHELLFISH, OTHER AQUATIC LIFE AND WILDLIFE",,Chronic,2 years,18,"18 results required for existing impaired, to determine attainment",CALM,,2,18,Aquatic Life,
Freshwater,Toxics,Tributyltin (TBT),TRIBUTYLIN,Dissolved,"GROWTH AND PROPAGATION OF FISH, SHELLFISH, OTHER AQUATIC LIFE AND WILDLIFE",,Chronic,2 years,18,"18 results required for existing impaired, to determine attainment",CALM,,2,18,Aquatic Life,
Marine,Toxics,Tributyltin (TBT),TRIBUTYLIN,Dissolved,"GROWTH AND PROPAGATION OF FISH, SHELLFISH, OTHER AQUATIC LIFE AND WILDLIFE",,Chronic,2 years,18,"18 results required for existing impaired, to determine attainment",CALM,,2,18,Aquatic Life,
Freshwater,Toxics,"Dichloropropene 1, 3-","1,3-DICHLOROPROPENE",Dissolved,WATER SUPPLY,"DRINKING, CULINARY, AND FOOD PROCESSING",,2 years,10,"15 results required for existing impaired, to determine attainment",CALM,,2,10,Human Health,Water and Aquatic Organisms
Marine,Toxics,"Dichloropropene 1, 3-","1,3-DICHLOROPROPENE",Dissolved,"GROWTH AND PROPAGATION OF FISH, SHELLFISH, OTHER AQUATIC LIFE AND WILDLIFE",,,2 years,10,"15 results required for existing impaired, to determine attainment",CALM,,2,10,Human Health,Aquatic Organisms Only
Freshwater,Petroleum Hydrocarbons,Total aqueous hydrocarbons,TOTAL AQUEOUS HYDROCARBONS,Total,WATER SUPPLY,AQUACULTURE,,2 years,20,,Petroleum hydrocarbons,,2,20,Water Supply,Aquaculture
Freshwater,Petroleum Hydrocarbons,Total aromatic hydrocarbons,TOTAL AROMATIC HYDROCARBONS,Total,WATER SUPPLY,AQUACULTURE,,2 years,20,,Petroleum hydrocarbons,,2,20,Water Supply,Aquaculture
Marine,Petroleum Hydrocarbons,Total aqueous hydrocarbons,TOTAL AQUEOUS HYDROCARBONS,Total,WATER SUPPLY,AQUACULTURE,,2 years,20,,Petroleum hydrocarbons,,2,20,Water Supply,Aquaculture
Marine,Petroleum Hydrocarbons,Total aromatic hydrocarbons,TOTAL AROMATIC HYDROCARBONS,Total,WATER SUPPLY,AQUACULTURE,,2 years,20,,Petroleum hydrocarbons,,2,20,Water Supply,Aquaculture
Freshwater,Turbidity,Turbidity,TURBIDITY,,"GROWTH AND PROPAGATION OF FISH, SHELLFISH, OTHER AQUATIC LIFE AND WILDLIFE",,,2 years,20 days,Characterizes an annual period of concern of at least 3 weeks,Turbidity,"Years of assessment need not be consecutive but should be within a reasonably short timeframe (i.e., within 5 years if possible)",2,20,Aquatic Life,"Growth and Propagation of Fish, Shellfish, Other Aquatic Life, and Wildlife"
Freshwater,Turbidity,Turbidity,TURBIDITY,,WATER RECREATION,SECONDARY RECREATION,,2 years,20 days,Characterizes an annual period of concern of at least 3 weeks,Turbidity,"Years of assessment need not be consecutive but should be within a reasonably short timeframe (i.e., within 5 years if possible)",2,20,Secondary Contact Recreation,
Freshwater,Turbidity,Turbidity,TURBIDITY,,WATER SUPPLY,AQUACULTURE,,2 years,20 days,Characterizes an annual period of concern of at least 3 weeks,Turbidity,"Years of assessment need not be consecutive but should be within a reasonably short timeframe (i.e., within 5 years if possible)",2,20,Water Supply,Aquaculture
Freshwater,Turbidity,Turbidity,TURBIDITY,,WATER SUPPLY,"DRINKING, CULINARY, AND FOOD PROCESSING",,2 years,20 days,Characterizes an annual period of concern of at least 3 weeks,Turbidity,"Years of assessment need not be consecutive but should be within a reasonably short timeframe (i.e., within 5 years if possible)",2,20,Water Supply,"Drinking, Culinary, and Food Processing"
Marine,Turbidity,Turbidity,TURBIDITY,,WATER SUPPLY,AQUACULTURE,,2 years,20 days,Characterizes an annual period of concern of at least 3 weeks,Turbidity,"Years of assessment need not be consecutive but should be within a reasonably short timeframe (i.e., within 5 years if possible)",2,20,Water Supply,Aquaculture
Marine,Turbidity,Turbidity,TURBIDITY,,WATER RECREATION,CONTACT RECREATION,,2 years,20 days,Characterizes an annual period of concern of at least 3 weeks,Turbidity,"Years of assessment need not be consecutive but should be within a reasonably short timeframe (i.e., within 5 years if possible)",2,20,Primary Contact Recreation,
Marine,Turbidity,Turbidity,TURBIDITY,,WATER RECREATION,SECONDARY RECREATION,,2 years,20 days,Characterizes an annual period of concern of at least 3 weeks,Turbidity,"Years of assessment need not be consecutive but should be within a reasonably short timeframe (i.e., within 5 years if possible)",2,20,Secondary Contact Recreation,
Marine,Petroleum Hydrocarbons,Total aqueous hydrocarbons,TOTAL AQUEOUS HYDROCARBONS,Total,"GROWTH AND PROPAGATION OF FISH, SHELLFISH, OTHER AQUATIC LIFE AND WILDLIFE",,,2 years,20,,Petroleum hydrocarbons,,2,20,Aquatic Life,"Growth and Propagation of Fish, Shellfish, Other Aquatic Life, and Wildlife"
Marine,Petroleum Hydrocarbons,Total aromatic hydrocarbons,TOTAL AROMATIC HYDROCARBONS,Total,"GROWTH AND PROPAGATION OF FISH, SHELLFISH, OTHER AQUATIC LIFE AND WILDLIFE",,,2 years,20,,Petroleum hydrocarbons,,2,20,Aquatic Life,"Growth and Propagation of Fish, Shellfish, Other Aquatic Life, and Wildlife"
Freshwater,Toxics,"Tetrachlorobenzene, 1, 2, 4, 5-","1,2,4,5-TETRACHLOROBENZENE",Dissolved,WATER SUPPLY,"DRINKING, CULINARY, AND FOOD PROCESSING",,2 years,10,"15 results required for existing impaired, to determine attainment",CALM,,2,10,Human Health,Water and Aquatic Organisms
Marine,Toxics,"Tetrachlorobenzene, 1, 2, 4, 5-","1,2,4,5-TETRACHLOROBENZENE",Dissolved,"GROWTH AND PROPAGATION OF FISH, SHELLFISH, OTHER AQUATIC LIFE AND WILDLIFE",,,2 years,10,"15 results required for existing impaired, to determine attainment",CALM,,2,10,Human Health,Aquatic Organisms Only
